7733.987,7776.6521,7704.83,7731.2798,20200102,98371.0,103087.0
7726.6368,7757.0309,7586.6239,7593.4297,20200103,156669.0,111938.0
7567.9504,7579.5601,7434.4053,7478.2366,20200106,180630.0,116257.0
7474.6044,7529.8727,7450.1505,7504.5715,20200107,115331.0,116545.0
7506.1894,7551.4321,7439.4338,7504.4136,20200108,134602.0,117067.0
7505.295,7550.9454,7378.915,7381.0618,20200109,151871.0,128304.0
7391.784,7485.9223,7359.0515,7457.6686,20200110,139881.0,120245.0
7466.4024,7474.0045,7295.4114,7308.6623,20200113,152268.0,132322.0
7305.4533,7375.5981,7303.2819,7323.112,20200114,102860.0,130604.0
7322.9815,7390.5015,7270.2162,7346.251,20200115,140574.0,129237.0
7347.4315,7411.9201,7342.2828,7370.5815,20200116,110950.0,128976.0
7375.7231,7509.7026,7372.0545,7484.8143,20200117,152150.0,119042.0
7441.3032,7485.8389,7396.3841,7433.4938,20200120,96507.0,123552.0
7439.3467,7490.4429,7345.8578,7359.9402,20200121,123265.0,126359.0
7363.5312,7436.483,7307.2595,7377.308,20200122,106680.0,119300.0
7383.5175,7454.0593,7354.3548,7429.8842,20200123,110847.0,108606.0
6919.055,7095.0651,6912.4159,6923.2763,20200203,197182.0,113490.0
6895.9435,7081.5015,6884.9888,7053.779,20200204,132830.0,107668.0
7040.1745,7145.7598,7040.1745,7076.6485,20200205,153522.0,119062.0
7094.2589,7108.2339,7057.2106,7085.9363,20200206,101901.0,125226.0
7083.0037,7156.6452,7021.0905,7115.0608,20200207,126438.0,125561.0
7091.9144,7153.1339,7079.4397,7087.9581,20200210,125762.0,134424.0
7082.3048,7109.6185,7058.664,7085.0184,20200211,116207.0,138237.0
7082.5157,7128.4332,7010.6548,7079.9874,20200212,171480.0,143478.0
7079.4075,7112.8003,7008.2047,7029.2719,20200213,169922.0,150924.0
7034.6105,7044.7812,6947.8676,6964.2879,20200214,182284.0,162029.0
6946.1448,7087.2143,6917.4316,7078.9831,20200217,213035.0,150078.0
7075.1098,7120.5349,7046.9513,7071.878,20200218,178257.0,151770.0
7065.9796,7129.6973,7065.1404,7091.3532,20200219,139151.0,156292.0
7090.9462,7352.7434,7079.4869,7337.2162,20200220,419614.0,145151.0
7327.2467,7384.5272,7298.5696,7357.1581,20200221,243344.0,143433.0
7361.0825,7423.6506,7243.0372,7352.5542,20200224,246446.0,141616.0
7286.3251,7394.5726,7282.1028,7376.1229,20200225,197557.0,144236.0
7388.9854,7450.3005,7231.769,7237.5886,20200226,288950.0,149576.0
7219.6024,7240.7275,6954.2463,6987.738,20200227,414256.0,171222.0
6941.0053,7016.6881,6835.3329,6901.1762,20200228,392538.0,153798.0
6921.5764,7040.9001,6917.3288,6977.7063,20200302,259949.0,153728.0
7026.1203,7107.573,6904.2274,6969.7876,20200303,329017.0,166210.0
6972.5685,7016.2027,6940.8486,7003.8507,20200304,204263.0,163722.0
7010.8463,7040.8012,6973.2706,6985.6708,20200305,191348.0,167638.0
6967.7324,6982.8084,6910.8628,6949.3025,20200306,201471.0,170897.0
6874.4932,7016.1884,6798.1703,7014.4848,20200309,289419.0,151333.0
7019.5455,7056.5054,6972.5612,6985.3273,20200310,209039.0,153216.0
6994.7772,7006.9075,6949.9875,6967.2119,20200311,170004.0,153581.0
6966.1253,6983.5375,6771.8266,6840.0528,20200312,271068.0,151142.0
6790.7891,6827.1054,6622.1318,6719.5981,20200313,288006.0,139585.0
6815.2695,6996.5428,6739.4741,6956.1237,20200316,317502.0,120211.0
6934.3656,6968.7462,6887.8973,6934.2664,20200317,170937.0,120053.0
6932.5135,6943.9911,6713.8211,6742.3473,20200318,274519.0,124466.0
6750.7074,6790.2436,6513.4127,6717.6555,20200319,283165.0,112165.0
6756.8649,6821.9473,6689.8767,6817.5978,20200320,199843.0,106006.0
6825.9987,6852.1512,6729.201,6813.1809,20200323,184429.0,106282.0
6832.4993,6899.0196,6745.1384,6807.6145,20200324,216436.0,109941.0
6859.6401,6866.4729,6725.5418,6771.1508,20200325,177270.0,116905.0
6784.3027,6995.7092,6763.0515,6989.1599,20200326,222086.0,116114.0
7008.599,7097.7482,6982.5919,7058.2437,20200327,252392.0,115375.0
7066.8897,7073.0426,6885.1263,6907.2825,20200330,193152.0,115831.0
6946.8664,7110.0304,6925.1322,7108.8666,20200331,221997.0,113426.0
7125.9995,7131.4919,6960.1789,6990.3132,20200401,185711.0,110486.0
6998.4426,7104.4046,6992.0989,7098.0963,20200402,206453.0,105841.0
7099.374,7107.3268,6941.2264,7024.3612,20200403,196681.0,102562.0
7031.4945,7155.1871,7030.8608,7120.2505,20200407,181377.0,106108.0
7109.4096,7372.4835,7072.864,7351.2237,20200408,282559.0,115961.0
7349.2247,7387.1115,7295.5631,7352.5983,20200409,192461.0,116412.0
7405.7331,7555.8931,7365.1494,7371.7879,20200410,297921.0,115041.0
7342.7639,7453.9028,7321.966,7388.6231,20200413,211350.0,113972.0
7399.4852,7502.0875,7386.6826,7411.7948,20200414,186146.0,113897.0
7406.8904,7412.6767,7306.4335,7355.375,20200415,204758.0,113180.0
7353.3245,7387.5528,7201.4955,7218.1502,20200416,240389.0,115435.0
7239.2767,7280.4833,7184.3983,7235.0558,20200417,210258.0,112267.0
7258.5848,7365.9025,7258.0956,7280.7256,20200420,187074.0,112399.0
7311.2485,7359.2669,7216.8762,7232.8472,20200421,241459.0,108814.0
7279.6496,7758.5985,7194.0175,7746.1107,20200422,478821.0,97554.0
7769.2533,7781.0989,7613.7133,7660.6149,20200423,279849.0,96385.0
7757.9305,8276.6897,7752.4187,8268.4108,20200424,457225.0,124649.0
8725.6153,8859.2975,8561.4913,8704.2482,20200427,697783.0,110980.0
8627.0076,8803.5507,8521.585,8753.4653,20200428,524881.0,129989.0
8759.2088,8895.6529,8703.6388,8888.1189,20200429,257527.0,123008.0
8891.7287,8940.262,8633.6238,8910.4049,20200430,314132.0,106437.0
9069.4306,9247.1633,8882.4995,8996.5233,20200506,259330.0,111790.0
8968.0331,9135.1585,8911.5538,9070.4153,20200507,233428.0,120209.0
9066.707,9082.1914,8907.8225,9050.119,20200508,245633.0,121606.0
9320.2062,9329.1723,9222.9885,9260.3426,20200511,245643.0,139665.0
9221.3059,9225.1469,9044.7311,9135.631,20200513,242980.0,128601.0
9107.1682,9112.2167,8907.907,9011.4131,20200514,265204.0,123161.0
9051.5806,9103.0423,9001.0633,9047.3122,20200515,170914.0,121841.0
9198.4907,9319.46,9018.5031,9027.0138,20200518,247371.0,130947.0
9053.6139,9117.2565,9006.4005,9108.6766,20200519,197094.0,120469.0
9104.3864,9131.4279,8972.6398,9009.1529,20200520,218247.0,126232.0
9010.8739,9018.4126,8839.7907,8886.4027,20200521,279297.0,136089.0
8877.6357,8978.2338,8838.2833,8958.2338,20200522,199307.0,122455.0
8966.0186,9076.7375,8929.641,8950.8792,20200525,212509.0,123317.0
8948.0231,8948.5845,8822.7202,8869.5201,20200526,188403.0,122235.0
8853.5929,8910.3561,8840.6844,8869.8769,20200527,112440.0,118888.0
8861.484,8864.724,8722.5912,8735.7459,20200528,215931.0,135956.0
8737.3675,8788.5023,8727.0212,8771.533,20200529,109295.0,123560.0
8768.1564,8918.2558,8677.7895,8697.8954,20200601,226890.0,134117.0
8735.5776,8837.4304,8669.6666,8795.9606,20200602,178074.0,123542.0
8806.6893,8827.272,8667.8037,8707.9813,20200603,175681.0,128444.0
8697.7569,8719.3548,8595.6497,8617.578,20200604,178689.0,130717.0
8635.4952,8645.22,8535.8829,8560.256,20200605,151450.0,130710.0
8543.6751,8567.6789,8405.86,8450.7875,20200608,169017.0,136696.0
8448.2348,8493.9826,8349.9092,8349.9092,20200609,168018.0,136892.0
8343.7497,8373.8926,8134.1837,8178.7681,20200610,274560.0,151943.0
8189.6292,8242.2312,8157.1773,8209.0193,20200611,166130.0,139123.0
8196.4904,8327.3929,8084.5239,8273.1105,20200612,274900.0,139369.0
8228.1361,8291.034,8115.6232,8166.5999,20200615,187725.0,135262.0
8188.5949,8275.5682,8171.3985,8194.9833,20200616,165702.0,131292.0
8182.0086,8271.8852,8151.5422,8228.5668,20200617,171855.0,133315.0
8238.409,8249.0541,8153.5162,8198.2601,20200618,158603.0,132893.0
8199.1524,8222.0115,7979.0007,7991.5689,20200619,283366.0,162648.0
7949.3263,7975.6775,7876.4977,7877.8664,20200622,211173.0,164067.0
7873.1197,7952.6948,7834.1907,7894.778,20200623,198959.0,160111.0
7891.312,7921.2997,7804.4797,7811.4999,20200624,171808.0,159435.0
7834.9931,7888.5823,7749.7027,7857.6428,20200629,211199.0,159134.0
7865.4952,7976.3354,7865.4952,7897.6837,20200630,192479.0,155918.0
7882.7438,7950.0021,7875.07,7903.0955,20200701,127791.0,153092.0
7909.2235,8071.2322,7894.9845,8039.0361,20200702,262845.0,154237.0
8035.9318,8110.1369,8021.0766,8041.7094,20200703,155748.0,147126.0
8031.5546,8076.1403,7970.237,8038.5086,20200706,171595.0,149159.0
8037.0658,8085.5324,7977.5209,7989.4688,20200707,157850.0,150310.0
8016.8242,8043.1834,7991.3858,8024.7566,20200708,111465.0,146729.0
8030.1837,8135.73,8029.8615,8089.8894,20200709,181458.0,146724.0
7833.5178,7878.2882,7710.4204,7752.1732,20200710,195615.0,164439.0
7744.0118,7814.4924,7700.8217,7766.264,20200714,160883.0,159786.0
7761.9609,7811.4937,7722.1557,7744.0066,20200715,159136.0,167624.0
7736.8537,7774.8277,7552.3793,7561.2483,20200716,231620.0,185698.0
7586.4857,7720.444,7527.4774,7683.5094,20200717,199316.0,165647.0
7679.1038,7735.8824,7576.0338,7585.2688,20200721,180581.0,171429.0
7577.3658,7693.1598,7566.3509,7626.9316,20200722,178928.0,171593.0
7645.8093,7671.0449,7428.0325,7471.0573,20200723,288257.0,192192.0
7469.7392,7569.6722,7343.4536,7540.8201,20200724,324318.0,177835.0
7528.2558,7551.6877,7446.6076,7498.4897,20200727,164830.0,176189.0
7557.6893,7564.1579,7457.2981,7497.4216,20200728,161859.0,179881.0
7470.2092,7488.2622,7359.535,7383.43,20200729,236576.0,198744.0
7383.1526,7443.2909,7310.7837,7315.2677,20200730,229864.0,203961.0
7310.0015,7321.6932,7198.6131,7202.0493,20200731,229574.0,215712.0
7193.0614,7198.4512,7067.3815,7178.4332,20200803,260238.0,218145.0
7184.3124,7251.2569,7163.813,7223.266,20200804,174937.0,213577.0
7205.3866,7291.1032,7125.9938,7142.3337,20200805,260039.0,226101.0
7145.855,7188.1572,7071.4253,7078.6897,20200806,198856.0,218113.0
7073.5328,7094.2322,6904.1237,6933.6196,20200807,348693.0,225593.0
6935.4798,7283.8883,6928.0882,7256.3524,20200810,409109.0,212151.0
7230.3867,7314.5598,7153.2257,7201.6873,20200811,337457.0,212814.0
7188.6073,7261.3265,7136.04,7206.7631,20200812,315644.0,210819.0
7213.9862,7403.0602,7213.9862,7352.4579,20200813,326858.0,207106.0
7333.478,7356.5117,7150.2012,7153.7968,20200814,347829.0,222813.0
7151.0669,7173.6034,7080.6842,7102.6166,20200817,241808.0,231638.0
7111.3554,7263.7781,7111.3554,7201.3013,20200818,309543.0,221530.0
7181.6877,7248.7688,7138.0359,7163.495,20200819,210363.0,223500.0
7168.2315,7191.9083,7029.9851,7055.9958,20200820,275801.0,241417.0
7062.6055,7096.4511,7000.6315,7061.3561,20200821,250688.0,232379.0
7085.6119,7220.4474,7085.6119,7169.1812,20200824,252298.0,228101.0
7183.8502,7220.7943,7143.5666,7165.943,20200825,178307.0,223783.0
7159.2834,7159.764,7070.3603,7108.655,20200826,224412.0,237764.0
7105.5708,7172.6119,7068.2911,7082.5512,20200827,221815.0,244700.0
7061.8554,7105.8063,6944.724,7049.0345,20200828,386113.0,256557.0
7082.72,7119.0965,7029.3986,7041.7786,20200831,188146.0,252077.0
7040.6277,7081.8972,6991.4991,7056.0781,20200901,215990.0,256358.0
7066.8978,7105.7949,6978.6616,6991.9841,20200902,220963.0,265096.0
6964.9624,7026.699,6907.5734,6932.2648,20200903,286425.0,271232.0
6952.9198,7095.6055,6952.629,7033.8677,20200904,348734.0,256101.0
7020.6486,7158.9696,7020.6486,7143.315,20200907,253831.0,244527.0
7155.3366,7519.7089,7155.3366,7506.4175,20200908,604609.0,259814.0
7484.56,7586.1272,7323.5085,7336.7563,20200909,574321.0,234296.0
7370.2493,7427.0887,7333.0604,7364.3377,20200910,257056.0,228675.0
7370.7757,7445.7216,7290.4926,7341.6052,20200911,339589.0,238434.0
7346.7613,7462.4037,7338.3824,7389.9714,20200914,271039.0,233183.0
7402.0222,7421.7218,7278.94,7334.4236,20200915,360220.0,230285.0
7338.878,7366.7411,7283.8748,7284.882,20200916,217330.0,231205.0
7297.4238,7297.4238,7146.4942,7158.4996,20200917,347869.0,247775.0
7188.6994,7282.81,7186.5852,7242.9416,20200918,264723.0,224865.0
7289.7664,7326.4342,7204.5848,7226.6548,20200921,239734.0,225135.0
7232.8787,7294.7351,7098.3409,7266.1734,20200922,349295.0,225049.0
7275.4425,7297.7202,7152.9912,7182.5347,20200923,225173.0,217627.0
7165.8464,7346.966,7136.5559,7335.3147,20200924,270902.0,217330.0
7336.0781,7395.744,7273.0566,7275.2063,20200925,311472.0,213401.0
7250.7711,7276.3138,7113.3703,7139.4032,20200928,357749.0,224844.0
7125.1294,7245.5225,7071.3594,7209.5109,20200929,276744.0,196449.0
7187.3665,7434.0736,7187.3665,7425.8938,20200930,274906.0,167047.0
7861.7438,7958.4647,7614.8115,7957.7718,20201009,409803.0,170781.0
8045.6219,8370.6898,8045.6219,8108.0835,20201012,571394.0,150831.0
8104.9395,8221.0067,8006.4334,8196.6087,20201013,357051.0,155805.0
8175.138,8197.1123,8089.3453,8141.6987,20201014,221993.0,147730.0
8129.1913,8238.477,8046.9185,8234.2751,20201015,275522.0,162421.0
8259.087,8301.8178,8116.1813,8163.0956,20201016,327608.0,156474.0
8117.1856,8232.703,8072.4833,8158.7683,20201019,264743.0,154638.0
8162.4972,8293.5138,8138.7727,8200.944,20201020,274659.0,161477.0
8180.6618,8193.7822,7972.0007,8021.8705,20201021,328251.0,173560.0
7998.7996,8042.2826,7918.5784,7985.6781,20201022,268248.0,165756.0
7963.2565,7977.8188,7686.9088,7689.1565,20201023,337741.0,182306.0
7628.7471,7628.9695,7458.0083,7492.8847,20201026,354427.0,204007.0
7494.5411,7521.0847,7349.2236,7356.6362,20201027,291809.0,217287.0
7370.3788,7401.3203,7287.7837,7360.9989,20201028,280381.0,218345.0
7333.228,7394.2168,7248.8318,7288.1709,20201029,291589.0,229789.0
7276.7508,7361.6522,7237.5046,7285.6306,20201030,278495.0,229087.0
7274.9304,7363.6589,7201.9803,7241.0022,20201102,348990.0,238670.0
7250.8004,7329.9595,7249.1688,7300.5792,20201103,228268.0,229007.0
7298.7876,7341.5127,7231.3942,7272.9542,20201104,276492.0,237504.0
7259.5095,7290.4398,7125.9367,7127.8958,20201105,410894.0,269555.0
7114.1483,7114.1503,7007.3385,7027.1381,20201106,344326.0,264656.0
7048.995,7129.4649,6959.1227,7125.3463,20201109,364161.0,253194.0
7152.9551,7294.712,7102.7135,7244.9451,20201110,429221.0,233712.0
7236.5351,7376.8411,7116.7916,7343.3016,20201111,462477.0,221886.0
7379.0355,7433.7625,7305.6664,7323.1742,20201112,368832.0,206201.0
7323.6809,7347.9166,7236.96,7240.9668,20201113,294431.0,201181.0
7269.645,7383.9725,7250.0017,7308.9104,20201116,315192.0,208631.0
7317.716,7341.3104,7154.3243,7176.2374,20201117,320814.0,211053.0
7177.4477,7195.9958,7092.857,7093.1643,20201118,226603.0,217407.0
7101.4436,7160.4439,7060.2322,7134.4959,20201119,221166.0,214593.0
7134.1779,7150.7933,7054.6892,7067.603,20201120,234106.0,220828.0
7073.1913,7169.9746,7043.2411,7145.5033,20201123,234955.0,222815.0
7148.8737,7304.1952,7099.177,7146.5559,20201124,502086.0,235445.0
7133.5599,7190.4305,7091.3679,7094.3521,20201125,274014.0,249625.0
7078.0224,7132.3972,7037.5998,7067.4066,20201126,284977.0,256728.0
7068.4995,7079.1262,7013.2769,7020.0194,20201127,272408.0,272352.0
7020.0475,7044.6855,6870.3397,6874.5344,20201130,369073.0,303077.0
6878.2282,6961.189,6843.3682,6873.1965,20201201,287177.0,292289.0
6880.5665,6907.2367,6692.2018,6729.4197,20201202,364057.0,310536.0
6776.166,6877.7337,6749.9201,6790.4821,20201203,385419.0,290685.0
6795.4113,6811.816,6697.0368,6729.5951,20201204,280322.0,294422.0
6727.643,6748.3702,6634.5119,6735.1526,20201207,311620.0,303372.0
6735.4165,6771.3582,6679.0987,6694.7192,20201208,235577.0,301450.0
6705.311,6718.4545,6560.7235,6576.4551,20201209,314532.0,311982.0
6576.0337,6584.0925,6460.1106,6509.7776,20201210,439594.0,301682.0
6537.5542,6572.0019,6488.4159,6507.7542,20201211,280294.0,284796.0
6516.4512,6640.5096,6500.6413,6578.1599,20201214,347079.0,301774.0
6595.0335,6661.9114,6529.9824,6543.923,20201215,458030.0,310771.0
6546.4155,6579.1736,6490.7707,6513.2656,20201216,356163.0,318844.0
6524.1787,6573.6583,6456.0937,6553.2711,20201217,456742.0,328024.0
6576.5408,6643.9972,6531.0314,6587.2918,20201218,442633.0,316106.0
6605.8365,6677.1093,6499.0287,6648.111,20201221,483426.0,312570.0
6654.1289,6716.7893,6567.4953,6619.5423,20201222,430727.0,311383.0
6615.3729,6639.6886,6482.0223,6501.6514,20201223,377193.0,325631.0
6536.4745,6553.2725,6471.2576,6529.1043,20201224,313391.0,323396.0
6547.1729,6730.9444,6541.0803,6699.8262,20201225,547387.0,332310.0
6683.8644,6766.1708,6655.1561,6710.128,20201228,426167.0,328111.0
6706.84,6740.8017,6554.4723,6560.2821,20201229,416233.0,342662.0
6560.6031,6636.8179,6549.6958,6598.5394,20201230,319982.0,340764.0
6589.2777,6664.6181,6575.6965,6648.0712,20201231,321429.0,329205.0
6638.624,6680.5979,6457.5561,6478.7715,20210104,446477.0,374652.0
6481.1613,6505.4606,6331.3437,6350.9508,20210105,505634.0,388683.0
6347.8102,6378.2683,6302.9477,6329.0764,20210106,384141.0,394796.0
6326.7429,6406.2682,6237.5366,6371.2823,20210107,568540.0,396721.0
6368.0332,6398.0072,6288.3556,6337.9535,20210108,366191.0,381417.0
6307.3967,6308.129,6044.4322,6080.8393,20210111,509319.0,406354.0
6075.4819,6139.9839,6056.3006,6086.8611,20210112,274991.0,395849.0
6089.5132,6186.2169,6040.4758,6153.1706,20210113,432080.0,407670.0
6145.3359,6209.5967,6068.1838,6073.4145,20210114,371429.0,424470.0
6071.0987,6149.4105,6022.5733,6078.2996,20210115,448475.0,428573.0
6088.985,6402.185,6088.6695,6319.3611,20210118,636634.0,407387.0
6335.2995,6357.1951,6239.9545,6257.8001,20210119,350504.0,403117.0
6274.8665,6348.3658,6229.7086,6252.5657,20210120,385755.0,421314.0
6263.2146,6325.8543,6132.2669,6149.4871,20210121,504053.0,444522.0
6146.7938,6156.3475,6080.8154,6125.1745,20210122,374963.0,449614.0
6153.5195,6175.3534,6106.5595,6129.6684,20210125,298180.0,453423.0
6094.0462,6227.7658,6077.8286,6150.1352,20210126,435586.0,455060.0
6171.6898,6196.6475,6119.5819,6151.1448,20210127,282196.0,452557.0
6144.1625,6173.7065,6045.0916,6149.4094,20210128,509490.0,473832.0
6165.1793,6195.142,6137.5496,6152.5646,20210129,253331.0,446731.0
6178.5658,6276.8658,6146.2972,6242.3146,20210201,391822.0,454806.0
6253.3804,6277.7912,6183.9378,6191.3692,20210202,299955.0,449203.0
6181.5075,6181.7408,6111.8207,6131.5336,20210203,317451.0,472304.0
6131.0296,6159.0476,6094.0498,6116.5579,20210204,343083.0,481909.0
6121.6182,6227.6261,6109.143,6156.4761,20210205,403396.0,469367.0
6173.3733,6254.0041,6163.3199,6190.6173,20210208,346465.0,459349.0
6184.8932,6221.0269,6152.042,6190.5916,20210209,272851.0,435284.0
6198.9843,6322.3047,6198.9843,6315.8698,20210210,351416.0,411532.0
6320.6943,6362.9392,6196.3331,6254.0869,20210218,340948.0,428537.0
6258.3851,6536.9228,6258.3851,6486.0541,20210219,625691.0,457733.0
6483.2973,6533.2902,6399.975,6433.0447,20210222,470775.0,481872.0
6420.7838,6615.5328,6420.7838,6515.1503,20210223,551402.0,502538.0
6517.9464,6548.7104,6356.7407,6364.7078,20210224,526640.0,515718.0
6385.8913,6474.7635,6364.7342,6406.2109,20210225,511987.0,524274.0
6354.1251,6502.6066,6289.6852,6384.9244,20210226,540097.0,520039.0
6379.2201,6424.383,6098.451,6117.5126,20210301,787559.0,541795.0
6122.5425,6150.5939,6038.1729,6070.3923,20210302,481731.0,523306.0
6095.5644,6137.9741,6067.5682,6090.7997,20210303,306049.0,520380.0
6058.1144,6112.9338,5882.6762,5913.4975,20210304,675602.0,536085.0
5904.7988,6023.2476,5880.2333,5961.1554,20210305,460856.0,502854.0
5975.5553,6016.3456,5801.0073,5803.6233,20210308,538803.0,539218.0
5792.303,5861.8857,5763.2773,5820.8303,20210309,370484.0,524551.0
5830.9611,5859.3601,5731.4412,5787.2699,20210310,528540.0,540555.0
5791.8622,5882.3572,5791.8508,5850.1486,20210311,345963.0,528765.0
5849.8043,5935.1284,5821.2795,5847.7041,20210312,408848.0,547736.0
5869.6663,5972.8199,5869.6663,5931.1451,20210315,459448.0,549422.0
5941.945,6017.6578,5941.945,6015.942,20210316,372513.0,540726.0
6053.288,6075.8341,5902.6028,5904.171,20210317,505801.0,570979.0
5905.7881,6083.0075,5833.2775,6078.373,20210318,641980.0,550099.0
6065.8015,6074.1826,5961.9052,5985.2763,20210319,463554.0,536135.0
5959.1266,5959.1266,5646.6673,5673.4476,20210322,592277.0,529737.0
5628.1494,5718.181,5560.5649,5633.1717,20210323,687400.0,508806.0
5644.71,5724.2019,5609.3113,5689.8322,20210324,545367.0,498317.0
5679.9759,5726.578,5586.0541,5656.116,20210325,598949.0,532552.0
5661.164,5695.6401,5598.5436,5612.5677,20210326,604692.0,557517.0
5613.4032,5796.3657,5581.8048,5777.0926,20210329,800403.0,551223.0
5781.7957,5788.9781,5655.8463,5668.2802,20210330,589823.0,568153.0
5656.3457,5674.4376,5476.7285,5586.4806,20210331,853237.0,594382.0
5602.8968,5698.133,5549.5351,5659.3188,20210401,586000.0,568575.0
5665.9263,5702.5269,5598.9331,5652.0014,20210402,628251.0,586406.0
5593.7592,5632.8773,5491.3749,5563.1744,20210406,628330.0,621382.0
5575.4988,5641.4175,5558.9752,5624.7133,20210407,485851.0,596528.0
5633.6966,5831.3395,5610.265,5770.2129,20210408,859456.0,602092.0
5777.2409,5811.288,5669.9974,5669.9982,20210409,553691.0,586281.0
5714.6741,5882.4014,5704.6833,5861.6433,20210412,674019.0,580170.0
5863.0454,5985.5145,5715.8931,5971.5481,20210413,1002886.0,579994.0
5879.1584,5912.1511,5811.1286,5860.9563,20210414,747787.0,567388.0
5854.0832,5898.1812,5776.1861,5847.7053,20210415,707472.0,568803.0
5856.7848,5898.8253,5830.6304,5849.5569,20210416,467567.0,556388.0
5796.0313,5810.7729,5669.0559,5683.3882,20210419,651747.0,611450.0
5657.1545,5703.4109,5636.4403,5650.9594,20210420,376954.0,605643.0
5619.9755,5791.554,5586.8237,5749.3936,20210421,697480.0,597102.0
5752.1262,5900.2626,5733.9356,5899.8428,20210422,609805.0,561633.0
5894.9238,5986.7459,5843.2588,5862.3237,20210423,691848.0,561685.0
5837.9001,5884.0698,5710.3902,5713.3113,20210426,635846.0,578183.0
5719.7669,5807.5459,5717.365,5760.0939,20210427,432713.0,559728.0
5760.5468,5802.5037,5735.0437,5757.6757,20210428,401521.0,558744.0
5767.9572,5846.0955,5717.4304,5738.818,20210429,624835.0,569243.0
5740.6512,5776.3605,5688.4898,5740.0769,20210430,444880.0,499655.0
5777.6735,5799.7871,5605.3498,5639.9632,20210506,457607.0,560540.0
5642.1898,5809.3078,5641.3876,5764.5774,20210507,650596.0,558836.0
5807.7415,5878.1769,5738.1682,5786.8375,20210510,570120.0,553072.0
5742.2716,5799.4251,5693.3448,5719.0534,20210511,485838.0,548666.0
5740.0866,5756.6013,5671.519,5724.4896,20210512,400859.0,537577.0
5716.4875,5787.7439,5645.9054,5719.3625,20210513,582714.0,549894.0
5717.4618,5743.0179,5657.7786,5714.3113,20210514,494981.0,543317.0
5716.5939,5834.5217,5716.5939,5789.6939,20210517,531827.0,554520.0
5805.4998,5879.7782,5796.5767,5808.842,20210518,495456.0,568476.0
5804.6606,5913.0137,5778.7408,5884.7273,20210519,511219.0,577670.0
5872.5702,6118.2684,5848.4573,6115.9894,20210520,798471.0,607804.0
6155.8171,6337.5117,6135.7162,6337.5086,20210521,668921.0,577639.0
6486.3331,6633.5687,6211.956,6364.7406,20210524,1425827.0,520883.0
6375.3776,6458.3423,6281.5743,6328.3132,20210525,764763.0,509004.0
6303.5663,6320.474,5979.0583,6018.3443,20210526,1062333.0,527850.0
6058.7382,6312.4547,6047.6708,6311.7149,20210527,883339.0,473056.0
6299.4916,6410.092,6211.299,6271.7558,20210528,3.58240622E8,477605.0
6299.4916,6366.2235,6227.6167,6272.2855,20210531,548097.0,458897.0
6280.3183,6307.261,6153.7844,6250.0313,20210601,576331.0,483941.0
6254.2055,6254.701,6094.7033,6163.2643,20210602,517989.0,465313.0
6132.2002,6212.3549,6110.9561,6161.4102,20210603,407509.0,466893.0
6137.9753,6360.4281,6137.3911,6295.007,20210604,766549.0,499708.0
6303.3852,6350.6137,6254.6201,6283.8782,20210607,422291.0,465174.0
6280.4321,6293.5142,6151.4924,6238.0414,20210608,484378.0,460106.0
6278.0656,6335.1663,6194.7203,6316.9893,20210609,465956.0,471023.0
6336.6592,6486.6061,6280.6875,6282.825,20210610,877383.0,503476.0
6311.3005,6353.0243,6272.8275,6319.4765,20210611,405677.0,454377.0
6323.8815,6390.8208,6205.7997,6329.5915,20210615,499842.0,459331.0
6310.1471,6340.7314,6267.9976,6320.4696,20210616,306252.0,438441.0
6327.5477,6391.6535,6282.5943,6296.9634,20210617,485740.0,451934.0
6265.5025,6353.9407,6233.9132,6351.2315,20210618,393981.0,436529.0
6363.0028,6405.0194,6173.8476,6192.3134,20210621,545039.0,458067.0
6202.3332,6241.9933,6151.1047,6189.6224,20210622,429766.0,437794.0
6183.1137,6220.7758,6157.2707,6176.597,20210623,299146.0,429088.0
6176.4722,6248.4093,6086.5006,6242.0798,20210624,542886.0,457789.0
6258.2005,6286.1807,6175.0362,6182.3397,20210625,346042.0,421087.0
6182.9411,6245.8674,6166.0329,6186.485,20210628,271577.0,417776.0
6222.1597,6222.1731,6134.5479,6139.3959,20210629,328527.0,436213.0
6132.6976,6188.7095,6123.5711,6169.4513,20210630,249981.0,417523.0
6181.4037,6218.9549,6149.1068,6166.6677,20210701,274650.0,428861.0
6164.4596,6205.3052,6139.3137,6177.4234,20210702,266663.0,411600.0
6188.4124,6295.6609,6188.4124,6277.2075,20210705,355055.0,437034.0
6298.8118,6317.607,6248.8655,6274.6435,20210706,232204.0,419876.0
6272.1209,6317.3548,6212.1146,6268.2482,20210707,379819.0,445173.0
6269.5237,6276.3825,6143.7844,6154.0155,20210708,351167.0,438551.0
6177.2253,6190.4619,6143.6505,6158.3657,20210709,193497.0,429232.0
6164.9511,6184.0006,6015.7634,6042.597,20210712,441437.0,490128.0
6042.0358,6052.2182,5961.4744,6005.3216,20210713,349539.0,482310.0
6004.0281,6055.4328,5979.1873,5988.9021,20210714,289066.0,486256.0
5973.9892,6028.5636,5936.9749,5987.9571,20210715,284263.0,475638.0
5982.9135,6067.9042,5972.5426,6042.3209,20210716,239173.0,462545.0
6058.1637,6178.2543,6037.6811,6134.6178,20210719,404391.0,459521.0
6119.3418,6145.0229,5992.6001,5997.8466,20210720,329656.0,439933.0
6001.7739,6018.6157,5959.6843,5984.8909,20210721,215484.0,447368.0
5992.9263,6031.2421,5970.2753,5982.663,20210722,193922.0,447753.0
5985.9892,6019.106,5863.4858,5865.1272,20210723,360760.0,483853.0
5865.4615,5920.2015,5862.1239,5912.5717,20210726,214994.0,457034.0
5919.164,5953.4143,5879.9888,5902.3703,20210727,239171.0,456652.0
5905.2038,5949.8897,5888.054,5945.0907,20210728,230816.0,442843.0
5954.9501,6000.6154,5934.2986,5954.7057,20210729,223679.0,435667.0
5944.6853,6035.575,5910.8558,5980.6216,20210730,288978.0,427310.0
5967.4421,5979.053,5906.1758,5967.5708,20210802,245371.0,419668.0
5956.1315,6014.9145,5948.5707,5998.7007,20210803,217753.0,411478.0
5979.3809,6139.9164,5979.3809,6106.8532,20210804,412673.0,446431.0
6124.9284,6142.9954,6062.5664,6086.1678,20210805,247901.0,419885.0
6078.6647,6105.6904,5936.6469,5944.4983,20210806,3.64373832E8,419943.0
6078.6647,6089.1355,5936.6469,5944.4983,20210809,297376.0,419943.0
5920.0082,5978.166,5898.3957,5957.1335,20210810,199882.0,406239.0
5973.915,5975.7877,5924.4562,5962.6549,20210811,179248.0,410772.0
5968.8546,6064.4405,5968.8546,6034.5175,20210812,307385.0,430917.0
6036.0261,6075.1901,6003.4642,6061.1104,20210813,184043.0,420215.0
6065.0234,6124.3208,6025.2288,6051.0494,20210816,222177.0,428635.0
6053.818,6218.0915,6036.8441,6149.4757,20210817,382626.0,447512.0
6134.5118,6148.8446,6058.6193,6082.9679,20210818,224733.0,428808.0
6042.9044,6044.1976,5916.5875,5927.7209,20210819,353715.0,427426.0
5930.1153,5978.3254,5906.2732,5934.021,20210820,194721.0,405922.0
5924.6097,5970.0414,5834.4273,5841.3041,20210823,317302.0,434391.0
5843.5746,5887.7898,5840.968,5879.4592,20210824,155126.0,416022.0
5889.3158,5949.3118,5855.4074,5920.6575,20210825,305275.0,429128.0
5939.0111,5994.1122,5931.9529,5943.5147,20210826,266457.0,407931.0
5942.2488,5993.371,5896.914,5948.5441,20210827,224379.0,411113.0
5940.1879,5944.4936,5885.208,5890.5524,20210830,227785.0,420195.0
5882.3235,5909.5761,5849.9895,5850.1371,20210831,174318.0,428051.0
5834.2744,5836.086,5641.1918,5643.6876,20210901,421150.0,490997.0
5644.328,5678.9067,5598.368,5642.3685,20210902,312785.0,466016.0
5645.7955,5707.9719,5623.5231,5662.987,20210903,236360.0,461613.0
5628.339,5662.3634,5516.4877,5609.0918,20210906,398419.0,481863.0
5595.257,5642.491,5584.2115,5608.7898,20210907,187950.0,456047.0
5612.8773,5614.4619,5422.5543,5424.1402,20210908,380277.0,484283.0
5456.3121,5576.8247,5403.5637,5526.2172,20210909,376501.0,446046.0
5527.7812,5622.6166,5507.6436,5596.1568,20210910,317041.0,431547.0
5596.4074,5656.4163,5549.6455,5591.7702,20210913,246362.0,420748.0
5591.8057,5633.8255,5562.3682,5601.6094,20210914,212117.0,420230.0
5604.5877,5688.7752,5596.609,5636.875,20210915,268439.0,415970.0
5643.6985,5713.8857,5596.7192,5644.7181,20210916,328310.0,408699.0
5644.7669,5719.2997,5635.866,5715.7725,20210917,237892.0,383019.0
5890.3331,6015.1322,5824.7498,6010.3098,20210922,595880.0,411330.0
6115.3275,6123.5436,5907.2038,5946.9875,20210923,436252.0,381304.0
5980.2373,6399.0038,5964.6903,6398.9702,20210924,551188.0,372102.0
6386.5316,6386.5316,6168.8684,6236.7563,20210927,518942.0,361923.0
6242.3562,6406.4451,6213.5297,6299.7695,20210928,447626.0,343308.0
6327.0654,6536.5021,6312.8355,6439.4909,20210929,498704.0,335867.0
6513.8208,6540.7254,6397.7349,6537.6311,20210930,310019.0,282702.0
6767.9156,6817.5019,6528.6255,6555.5296,20211008,409404.0,319587.0
6533.1094,7063.9646,6366.4841,7047.9034,20211011,903414.0,350071.0
7075.0814,7238.8231,7039.3325,7238.7779,20211012,329907.0,325506.0
7342.5267,7468.5151,6799.7651,7307.7408,20211013,913700.0,314556.0
7259.8248,7366.106,7123.2443,7325.5727,20211014,505283.0,309050.0
7346.5814,7429.8036,7238.3043,7260.4114,20211015,450002.0,306689.0
7226.1065,7827.0922,7125.1157,7759.4902,20211018,683223.0,330080.0
7756.3008,8097.7028,7651.8169,7743.4398,20211019,674297.0,312501.0
7587.9857,8002.2541,7554.7209,7915.0267,20211020,545050.0,307329.0
7954.682,7986.8567,7828.2587,7858.2962,20211021,350016.0,287898.0
7816.955,8083.2903,7777.5292,8027.053,20211022,645459.0,319212.0
8268.159,8681.4324,8175.7463,8663.5158,20211025,586170.0,303253.0
8639.1475,8779.8019,8402.9851,8656.9974,20211026,655611.0,295643.0
8611.3438,8630.2128,8390.7082,8524.985,20211027,501187.0,282265.0
8498.5208,8558.3402,7750.76,8195.2716,20211028,910707.0,315530.0
8200.1046,8254.9926,8017.0746,8180.118,20211029,489327.0,277115.0
8159.4678,8168.0107,7945.7293,8056.9939,20211101,405881.0,265242.0
8034.091,8411.351,7918.3448,8343.6374,20211102,572323.0,291005.0
8314.0793,8433.9641,8173.7308,8298.5941,20211103,463068.0,268420.0
8270.7558,8394.55,7769.8676,7815.4642,20211104,649956.0,287475.0
7772.0111,7944.2896,7670.8537,7903.6672,20211105,490682.0,269551.0
7905.3139,7992.1139,7805.243,7883.7934,20211108,422646.0,275917.0
7865.1921,7941.7954,7791.7766,7918.9253,20211109,349235.0,270300.0
7940.1984,8155.8787,7890.6103,8086.9284,20211110,427747.0,269078.0
8083.3531,8152.3285,7999.9548,8110.9344,20211111,392081.0,264491.0
8117.0149,8328.4399,8073.4182,8139.7847,20211112,509770.0,278622.0
8152.1562,8237.7698,8098.3674,8206.5832,20211115,282256.0,257520.0
8201.3199,8265.4855,8038.3466,8238.7061,20211116,376102.0,267316.0
8231.1617,8237.9309,8015.3521,8022.0502,20211117,317171.0,255029.0
8009.5111,8292.9335,7990.5956,8292.622,20211118,423818.0,280163.0
8303.9669,8433.9698,8238.0169,8399.6605,20211119,342027.0,268078.0
8405.8863,8486.1072,8344.0015,8383.7469,20211122,314459.0,272823.0
8341.0633,8357.9232,8154.0596,8322.0205,20211123,399085.0,274182.0
8298.5528,8346.6281,8208.1252,8294.4196,20211124,282797.0,264386.0
8291.01,8463.3677,8242.6545,8261.3578,20211125,392640.0,279696.0
8226.2857,8390.343,8165.9475,8375.7036,20211126,314117.0,270385.0
8333.5656,8341.3883,8159.2966,8204.2126,20211129,342294.0,269279.0
8197.2142,8272.7653,8082.452,8215.6091,20211130,352245.0,262568.0
8204.5071,8235.0561,8119.6948,8180.5758,20211201,264049.0,242744.0
8141.1844,8213.2029,8031.353,8039.1591,20211202,369086.0,275686.0
8019.6791,8199.4904,8008.2185,8177.813,20211203,323498.0,255472.0
8154.8072,8286.0924,8150.3675,8238.2504,20211206,263510.0,251158.0
8243.1621,8270.6441,8182.8709,8247.4064,20211207,188881.0,244086.0
8248.6142,8255.99,8118.0332,8209.8183,20211208,278666.0,253887.0
8206.0155,8240.8675,8115.7459,8129.4156,20211209,275011.0,251526.0
8126.9481,8309.2347,8080.405,8308.0766,20211210,391313.0,290898.0
8311.8054,8410.2543,8278.3655,8363.2564,20211213,235027.0,274855.0
8383.154,8389.4617,8311.6425,8355.49,20211214,195427.0,264961.0
8349.8502,8442.5573,8293.1432,8405.4548,20211215,208937.0,258180.0
8392.6272,8435.3868,8347.0894,8359.0535,20211216,196136.0,244787.0
8346.0356,8416.173,8109.3486,8129.3947,20211217,431450.0,283961.0
8120.7719,8225.293,7984.033,7985.1058,20211220,263697.0,271589.0
7989.7546,8121.9421,7881.3543,8104.6616,20211221,344720.0,292669.0
8105.0137,8109.3038,7986.2026,8056.2724,20211222,252953.0,277722.0
8050.3156,8151.6229,7894.4964,8146.1486,20211223,327603.0,297753.0
8139.7956,8262.0788,8105.7375,8227.9114,20211224,251898.0,268343.0
8193.2227,8214.1341,8119.9822,8174.025,20211227,182261.0,259231.0
8173.4198,8340.8219,8144.7425,8303.9603,20211228,227492.0,262819.0
8294.7571,8303.8462,8196.4353,8236.0738,20211229,164375.0,245240.0
8222.3374,8251.5486,8143.7866,8153.7506,20211230,184612.0,248774.0
8153.9389,8199.6173,8101.8046,8165.8262,20211231,184385.0,232728.0
8149.996,8168.387,7958.1924,7976.6572,20220104,322796.0,269423.0
7997.5496,8019.3348,7820.1647,7927.6945,20220105,345210.0,276334.0
7895.6278,8055.1705,7895.6278,8027.1856,20220106,214537.0,260463.0
8003.2158,8521.0877,8003.2158,8385.6205,20220107,361392.0,259653.0
8349.5983,8410.0736,8290.8773,8368.4887,20220110,145632.0,239374.0
8367.6923,8381.308,8248.3982,8308.3607,20220111,150346.0,223047.0
8308.9611,8327.8529,8160.8217,8210.1269,20220112,173079.0,208995.0
8196.1377,8225.0565,8092.6906,8165.2132,20220113,168955.0,214182.0
8178.1419,8328.6751,8162.6486,8267.5536,20220114,192049.0,203414.0
8289.1223,8290.1513,8046.578,8076.2095,20220117,202241.0,216246.0
8089.4534,8329.7402,8084.0866,8295.5434,20220118,245841.0,223234.0
8283.0671,8345.5894,8204.5694,8324.335,20220119,199208.0,227766.0
8350.0656,8566.7845,8327.4054,8499.6759,20220120,239565.0,245116.0
8493.3686,8555.5145,8450.5767,8550.1421,20220121,153685.0,235973.0
8546.5995,8611.9421,8427.8888,8515.8226,20220124,176945.0,240780.0
8517.8889,8521.5393,8383.7067,8471.0919,20220125,154137.0,227011.0
8462.0085,8474.9285,8404.9207,8466.9278,20220126,99949.0,219854.0
8473.0702,8679.8027,8420.7044,8643.9283,20220127,244141.0,241022.0
8647.0738,8655.1059,8437.3247,8496.8862,20220128,153475.0,203461.0
8483.754,8854.4642,8462.9016,8793.293,20220207,202262.0,231619.0
8783.3063,8793.1528,8575.0873,8608.244,20220208,154596.0,214211.0
8560.5624,8611.4024,8500.013,8552.4277,20220209,135880.0,213583.0
8526.9056,8572.1185,8460.1274,8533.7102,20220210,136279.0,215274.0
8515.5912,8615.5444,8432.8079,8462.3293,20220211,189085.0,228153.0
8486.5054,8583.2036,8359.1684,8544.5482,20220214,181909.0,232816.0
8535.9928,8612.614,8502.4022,8598.1056,20220215,106112.0,235787.0
8592.7707,8741.1876,8530.958,8715.9461,20220216,166408.0,254789.0
8691.4474,8739.8888,8657.9317,8692.1322,20220217,104191.0,239774.0
8695.0453,8918.5433,8691.5602,8878.4748,20220218,202526.0,263856.0
8877.8785,8877.8785,8643.2549,8695.5526,20220221,176596.0,233140.0
8691.5657,8893.7363,8668.2105,8737.0842,20220222,197775.0,239831.0
8747.8889,8782.8832,8682.5428,8684.2898,20220223,120128.0,228181.0
8682.0067,8787.9327,8651.107,8744.484,20220224,130603.0,218659.0
8728.1669,8797.3391,8574.5351,8697.3893,20220225,234197.0,228810.0
8692.2641,8915.7073,8645.0141,8834.1531,20220228,180078.0,222386.0
8811.0638,9063.7327,8811.0638,9061.8651,20220301,183395.0,238021.0
9096.9731,9160.7529,8982.0753,9159.4176,20220302,153490.0,219831.0
9133.6008,9336.7375,9055.8379,9266.9599,20220303,280038.0,232816.0
9205.3004,9224.6745,9092.1135,9186.8602,20220304,117860.0,213396.0
9226.0581,9471.6069,9220.1462,9455.729,20220307,178408.0,213651.0
9434.9472,9733.6841,9352.2502,9699.334,20220308,207463.0,206717.0
9576.4484,9578.8655,9238.9802,9266.846,20220309,236084.0,196937.0
9152.9151,9230.1136,9000.7415,9029.7526,20220310,154953.0,182464.0
9019.9164,9037.5942,8696.226,8697.6633,20220311,148403.0,176467.0
8558.4775,8693.2192,8440.8994,8491.4673,20220314,170880.0,174158.0
8437.3637,8572.6238,8312.0799,8317.9905,20220315,196476.0,170965.0
8413.6071,8566.9108,8412.0076,8513.2234,20220316,142741.0,164931.0
8498.6627,8545.0095,8410.9051,8504.9185,20220317,140640.0,172205.0
8523.2677,8588.2852,8401.9326,8411.3811,20220318,110801.0,174933.0
8405.9707,8406.1518,8266.4479,8280.6296,20220321,130865.0,182595.0
8313.5094,8440.233,8256.5139,8388.2236,20220322,119187.0,181452.0
8354.8599,8628.3199,8340.017,8586.0955,20220323,137717.0,185010.0
8604.0683,8746.3078,8582.741,8638.7667,20220324,129618.0,183649.0
8621.8151,8814.1476,8585.733,8799.3919,20220325,146149.0,187647.0
8795.0376,8867.6038,8651.4302,8718.5926,20220328,164376.0,188833.0
8713.9125,8879.5513,8666.5183,8814.7418,20220329,138278.0,196569.0
8787.236,8835.778,8576.0203,8576.0203,20220330,228454.0,216496.0
8553.293,8696.8218,8486.519,8637.261,20220331,231263.0,213147.0
8648.9613,8992.8846,8648.9613,8992.8846,20220401,278114.0,244958.0
9214.1324,9289.3732,9080.3682,9217.5711,20220406,282603.0,257128.0
9155.389,9272.3585,8847.7119,8898.1845,20220407,389873.0,268563.0
8884.7901,9206.7777,8854.2087,9193.9386,20220408,303310.0,270964.0
9311.4046,9436.5072,9277.3972,9343.9562,20220411,369434.0,292540.0
9409.3949,9409.3949,9253.0757,9318.7902,20220412,250731.0,271666.0
9328.0461,9410.1988,8981.1234,8989.7994,20220413,369105.0,286670.0
9029.1271,9215.26,8966.9988,9008.2215,20220414,298916.0,273976.0
9032.1296,9127.861,8922.7013,8980.45,20220415,312886.0,280584.0
9008.0859,9116.1803,8884.9322,8931.8813,20220418,295891.0,272751.0
8932.4931,9046.3781,8923.6575,8964.9968,20220419,210916.0,269345.0
8987.0036,9109.3503,8885.9515,8934.8405,20220420,351918.0,285615.0
8962.5013,9009.1143,8902.4263,8923.0516,20220421,198373.0,271169.0
8952.5445,8991.8238,8700.135,8721.987,20220422,298465.0,270215.0
8699.8372,8889.6259,8644.786,8788.5557,20220425,321114.0,254739.0
8791.5564,9198.4848,8742.3294,9188.349,20220426,414674.0,275208.0
9237.994,9366.6018,9142.747,9349.3824,20220427,415241.0,285382.0
9339.9107,9524.8995,9299.3887,9419.3111,20220428,399158.0,279764.0
9372.2505,9483.9281,9267.4247,9383.0345,20220429,349857.0,261248.0
9620.4415,9622.4418,9394.8526,9468.7141,20220505,241765.0,268770.0
9422.4792,9569.3595,9304.7427,9468.2548,20220506,340144.0,288096.0
9498.5903,9512.6093,9210.6004,9255.927,20220509,285634.0,278301.0
9206.592,9317.7663,9090.2839,9245.5124,20220510,276459.0,280448.0
9199.1352,9473.4717,9145.3967,9472.373,20220511,284965.0,297368.0
9496.6187,9547.1998,9388.9843,9460.2327,20220512,254352.0,300376.0
9464.0263,9589.6173,9360.2155,9372.145,20220513,269005.0,294915.0
9339.5732,9385.4996,9233.2314,9266.0703,20220516,189220.0,282357.0
9253.8161,9464.6592,9248.9004,9333.0342,20220517,233159.0,293429.0
9319.8764,9343.5581,9127.7665,9136.7462,20220518,220464.0,288799.0
9198.6245,9311.8823,9146.6384,9261.8639,20220519,194015.0,284664.0
9241.322,9428.2323,9241.322,9401.2265,20220520,223215.0,297615.0
9390.3574,9398.9062,9094.9412,9116.2819,20220523,277383.0,300341.0
9143.9981,9237.7629,9017.4756,9211.4909,20220524,288103.0,290526.0
9191.2514,9270.7516,9138.8913,9188.7198,20220525,169519.0,278603.0
9195.1513,9203.9085,8967.492,8975.5822,20220526,216188.0,295719.0
8999.1966,9040.5091,8863.1744,8995.3853,20220527,290902.0,301299.0
8951.2252,8972.34,8787.4095,8792.1879,20220530,186563.0,297367.0
8779.1068,8917.9416,8768.4849,8883.0408,20220531,164458.0,292447.0
8836.2562,8979.9821,8827.008,8843.6123,20220601,203810.0,296039.0
8821.3586,8922.9213,8818.361,8894.1631,20220602,152866.0,294177.0
8901.3428,9155.5819,8822.2398,9147.8272,20220606,239890.0,303139.0
9091.5107,9108.1851,8988.0439,9004.3323,20220607,178002.0,287991.0
9028.5086,9050.28,8869.4028,8890.7547,20220608,193523.0,305164.0
8891.1607,8940.1564,8844.8856,8879.613,20220609,144919.0,303077.0
8886.253,8950.6422,8752.2237,8870.8837,20220610,254246.0,320335.0
8837.7331,8989.9062,8830.8346,8979.2892,20220613,160310.0,303869.0
8952.7326,9010.5937,8851.8664,8866.7305,20220614,162943.0,300878.0
8855.8907,9027.4182,8827.7726,8992.2466,20220615,203929.0,301041.0
9002.8225,9060.5271,8887.3234,8912.4401,20220616,196037.0,292160.0
8901.9161,8995.3455,8870.7422,8893.1128,20220617,173799.0,290305.0
8874.1173,9139.4972,8751.9168,9127.7526,20220620,349301.0,323808.0
9101.0033,9134.2707,9015.4742,9053.1789,20220621,181914.0,300488.0
9053.4892,9087.6336,8955.2508,9003.3824,20220622,225649.0,296055.0
9035.7862,9060.1722,8843.3431,8892.2327,20220623,237013.0,290815.0
8862.1635,8896.2899,8744.2771,8802.0644,20220624,213049.0,299659.0
8776.9,9039.5179,8776.2888,9007.0913,20220627,233540.0,290761.0
9015.0888,9030.3476,8894.5422,8957.8097,20220628,134624.0,277833.0
8959.1534,9074.8415,8940.6648,8992.2053,20220629,175546.0,283609.0
8954.3208,8976.0681,8857.7333,8866.4385,20220630,157198.0,273648.0
8850.952,9102.2477,8850.952,9094.3729,20220701,255313.0,293586.0
9011.9478,9312.3238,8986.0264,9281.9556,20220704,253761.0,310561.0
9259.6576,9289.8672,9176.6825,9264.0831,20220705,160569.0,303844.0
9200.9652,9214.1577,8890.8417,8998.9408,20220706,309792.0,292813.0
8959.839,9014.3083,8870.4138,8921.2487,20220707,193572.0,281829.0
8934.3876,8985.7721,8838.4274,8898.1575,20220708,214675.0,292816.0
8895.2187,8905.3836,8558.8572,8637.6434,20220711,274647.0,315855.0
8622.3957,8657.4259,8541.6878,8573.0282,20220712,144913.0,304790.0
8531.9802,8639.5756,8371.08,8598.0744,20220713,244254.0,317881.0
8560.3535,8613.2237,8486.2941,8505.6119,20220714,121555.0,307108.0
8499.1466,8571.5297,8429.9299,8492.8953,20220715,167785.0,308420.0
8649.2278,8962.7488,8640.1545,8918.9529,20220718,287388.0,315169.0
8901.5041,8968.9244,8798.9173,8827.8538,20220719,185442.0,298066.0
8884.8728,9023.6569,8848.6175,8926.8148,20220720,166786.0,298199.0
8921.0507,8939.343,8775.877,8823.9457,20220721,135437.0,296996.0
8838.1091,8939.5254,8709.9733,8912.1005,20220722,212972.0,308847.0
8968.4324,9005.053,8871.1909,8928.5825,20220725,122240.0,300954.0
8906.6698,8907.3869,8674.6076,8734.2611,20220726,190458.0,296382.0
8723.4961,8779.9059,8676.1044,8743.269,20220727,110967.0,284340.0
8749.3427,8851.0251,8726.8554,8753.3258,20220728,140314.0,283356.0
8790.2376,8927.0235,8744.2734,8900.7856,20220729,146682.0,276278.0
8881.4625,8884.1589,8677.1258,8724.0757,20220801,166635.0,280516.0
8716.5355,8775.9896,8617.3255,8668.7832,20220802,146385.0,277875.0
8668.642,8731.2138,8634.2909,8666.3299,20220803,88158.0,275791.0
8647.8704,8812.1427,8596.4619,8783.2291,20220804,173628.0,289512.0
8750.0994,8755.4551,8627.4458,8646.301,20220805,134797.0,275497.0
8653.4165,8680.5089,8552.4884,8565.2032,20220808,136770.0,290438.0
8563.4092,8704.4783,8527.655,8634.1106,20220809,144967.0,282744.0
8607.7427,8725.1391,8607.7427,8663.1862,20220810,100855.0,279234.0
8658.3049,8709.7586,8650.5375,8680.1436,20220811,76208.0,277304.0
8677.7306,8758.5103,8584.3033,8622.5453,20220812,133930.0,287069.0
8666.3657,8996.7104,8658.2694,8993.625,20220815,260399.0,317329.0
8973.5998,9016.6855,8911.8376,8999.3736,20220816,142865.0,307172.0
9003.251,9119.1741,8971.9339,9102.2556,20220817,144839.0,314453.0
9073.9784,9107.1768,9022.5891,9057.2468,20220818,114702.0,312804.0
9052.6918,9180.9362,8965.3817,9166.3227,20220819,192545.0,324264.0
9112.5478,9150.3687,9065.5816,9090.048,20220822,137409.0,309577.0
9066.5038,9197.4114,9036.1483,9165.6257,20220823,149713.0,318837.0
9155.1982,9223.4231,9083.5658,9127.0182,20220824,138618.0,318472.0
9133.6672,9279.273,9084.9044,9183.3351,20220825,169648.0,333913.0
9182.2066,9255.4334,9147.405,9245.064,20220826,131879.0,328611.0
9214.2129,9276.7389,9189.4548,9211.5862,20220829,136551.0,334541.0
9213.6283,9231.1411,9056.4266,9127.9281,20220830,172239.0,322521.0
9136.3761,9223.7136,9119.4389,9190.4443,20220831,113425.0,313043.0
9177.4282,9214.1913,9145.3587,9195.4423,20220901,104935.0,317924.0
9200.4884,9276.8364,9127.9261,9257.2685,20220902,171661.0,332603.0
9144.4617,9151.9524,8803.9449,8803.9449,20220905,350192.0,322258.0
8780.1082,8800.8779,8734.8427,8738.2505,20220906,169977.0,306798.0
8730.6954,8856.2295,8690.9028,8792.1233,20220907,175042.0,301203.0
8786.0369,8812.9858,8741.9146,8745.8889,20220908,119733.0,297775.0
8755.9522,8788.606,8721.0415,8731.0922,20220909,137847.0,296833.0
8840.5532,8935.5983,8785.3169,8816.2403,20220913,193124.0,299016.0
8822.9707,8822.9707,8666.6621,8698.791,20220914,178376.0,302517.0
8726.8419,8795.5921,8718.023,8779.0053,20220915,143297.0,288712.0
8756.1747,8761.0515,8464.8321,8471.009,20220916,260151.0,335166.0
8441.7041,8543.0181,8438.3207,8510.5354,20220919,150249.0,320579.0
8509.7805,8600.5912,8487.9669,8534.6351,20220920,147279.0,318804.0
8523.2739,8543.2116,8364.7359,8466.7892,20220921,243588.0,335075.0
8435.7051,8569.3144,8426.2994,8500.6114,20220922,149043.0,316320.0
8532.3543,8532.3543,8268.7629,8270.51,20220923,214868.0,338137.0
8306.4141,8324.1325,8146.1888,8283.463,20220926,218821.0,322066.0
8255.553,8322.0124,8187.0959,8244.9324,20220927,181823.0,317290.0
8241.7137,8367.2069,8203.8247,8290.721,20220928,176488.0,307941.0
8298.9469,8335.733,8250.3793,8306.5323,20220929,114070.0,289255.0
8302.0862,8386.8585,8185.4654,8375.9004,20220930,246497.0,284851.0
8417.5969,8432.66,8014.6262,8076.7369,20221010,246423.0,298320.0
8075.4395,8090.4182,7874.9748,7911.0862,20221011,231456.0,315666.0
7963.8875,8022.9037,7907.7942,7988.5964,20221012,176942.0,295940.0
8061.875,8168.0735,8035.4996,8105.9122,20221013,218899.0,301268.0
8108.9749,8174.806,8033.6445,8163.3909,20221014,211499.0,294733.0
8234.4924,8451.6675,8234.4924,8394.8347,20221017,276009.0,297160.0
8387.5853,8441.1982,8347.3663,8366.1913,20221018,176462.0,279014.0
8400.7254,8539.6192,8373.7562,8536.4162,20221019,203778.0,290883.0
8497.2466,8604.1886,8491.8027,8586.0931,20221020,196141.0,288728.0
8576.8792,8580.3182,8423.9831,8522.3036,20221021,205684.0,286635.0
8485.1472,8489.106,8308.5903,8442.571,20221024,262743.0,290191.0
8429.4799,8455.0017,8359.59,8417.6214,20221025,143631.0,274160.0
8423.3791,8453.4461,8109.4347,8115.1428,20221026,287115.0,306898.0
8133.9121,8145.979,8070.9044,8110.8331,20221027,214765.0,287343.0
8105.8933,8283.5507,7937.1399,8252.6602,20221028,357201.0,294372.0
8260.8702,8280.2347,8126.2746,8215.5385,20221031,196072.0,279345.0
8195.9437,8301.3879,8146.0375,8198.3708,20221101,185525.0,281478.0
8190.4022,8221.2172,8086.3559,8158.5959,20221102,207359.0,286119.0
8170.1318,8394.2916,8158.3837,8339.7867,20221103,248425.0,301671.0
8311.7116,8488.7585,8285.3288,8488.7585,20221104,188641.0,292654.0
8386.7347,8395.5683,8251.2002,8315.2368,20221107,181741.0,288068.0
8314.4251,8359.7243,8281.1004,8305.5384,20221108,128524.0,281947.0
8302.8559,8302.8559,8069.8865,8111.242,20221109,249849.0,308407.0
8061.8796,8092.3342,7947.9855,7955.7346,20221110,244932.0,311717.0
7956.5617,8063.3036,7944.3085,7975.2935,20221111,200742.0,306935.0
7955.9174,8047.582,7955.6677,8001.2728,20221114,135187.0,299947.0
7970.6928,8054.5873,7955.7328,8025.1558,20221115,166776.0,309757.0
8025.6633,8076.4468,7988.4785,7995.2996,20221116,141440.0,304545.0
7966.5319,8040.8793,7964.0859,8008.7791,20221117,152666.0,308842.0
8005.3443,8070.9135,7894.4651,8049.8318,20221118,213829.0,314837.0
8023.5552,8031.5674,7817.0186,7820.9607,20221121,218593.0,331170.0
7837.3542,7856.5864,7788.5765,7839.7542,20221122,146807.0,321183.0
7837.4385,7869.6296,7798.1303,7803.2259,20221123,89881.0,318770.0
7826.3538,7931.0049,7817.0709,7880.8611,20221124,190385.0,321046.0
7884.2332,7919.5212,7866.5039,7873.7411,20221125,97179.0,309477.0
7871.2561,7871.2561,7731.5406,7779.2119,20221128,160263.0,314400.0
7773.3441,7932.5515,7768.1296,7850.1725,20221129,182760.0,301901.0
7794.4299,7812.6425,7730.0844,7750.9525,20221130,189678.0,301375.0
7815.7766,7953.2916,7807.7182,7917.1301,20221201,209745.0,289540.0
7919.4247,7961.0247,7888.2479,7922.2789,20221202,142037.0,291067.0
7966.6125,7971.3738,7878.7078,7916.5357,20221205,131527.0,286970.0
8573.0,8609.0,7890.4728,7962.503,20221206,100048.0,287243.0
7960.6197,8145.2835,7960.6197,8019.1642,20221207,236705.0,326949.0
8766.0,8849.0,7995.4074,8078.34,20221208,161832.0,314325.0
8854.0,8854.0,8090.7724,8176.2799,20221209,128773.0,313199.0
8171.6111,8173.7916,8018.545,8035.5372,20221212,161258.0,320806.0
8013.9093,8036.3461,7956.0873,7978.5388,20221213,156506.0,315841.0
7947.9404,8039.86,7940.9016,8013.5611,20221214,172827.0,310416.0
8007.0021,8039.5791,7865.4248,7930.6925,20221215,220377.0,315279.0
7940.5243,8133.884,7940.5243,8081.3109,20221216,230894.0,313252.0
8035.9513,8087.1376,7985.6456,8020.7426,20221219,149365.0,307679.0
8022.0945,8137.9163,7938.5419,7971.318,20221220,217028.0,312559.0
7983.7856,7999.5739,7804.244,7807.2797,20221221,207389.0,311343.0
7822.1108,7880.2427,7794.4131,7812.5125,20221222,132073.0,299952.0
7804.623,7875.0988,7780.3499,7835.3143,20221223,114173.0,291151.0
7846.7723,8050.6359,7846.7723,8038.4884,20221226,179802.0,286399.0
8039.5695,8110.1742,8027.291,8056.2533,20221227,127828.0,276131.0
8066.7529,8066.7529,7947.5393,8000.0807,20221228,129565.0,282103.0
8016.1955,8037.1631,7981.6988,8003.1241,20221229,98197.0,272956.0
7997.2102,8030.2065,7955.428,7974.0075,20221230,130612.0,264889.0
8007.0233,8379.6251,8004.2844,8374.978,20230103,284748.0,294547.0
8368.8731,8408.4281,8314.1493,8405.7616,20230104,165445.0,282825.0
8403.0473,8546.9855,8382.0654,8420.3012,20230105,232721.0,286953.0
8403.5221,8473.8547,8370.7236,8443.7795,20230106,154546.0,281724.0
8484.4273,8583.7739,8406.1198,8445.7391,20230109,142606.0,284180.0
8447.5623,8467.117,8393.9837,8457.6019,20230110,104502.0,272218.0
8490.9408,8523.5739,8427.5773,8492.7053,20230111,113073.0,278392.0
8499.6319,8595.0664,8454.031,8504.167,20230112,136963.0,278440.0
8506.9052,8783.7743,8505.1263,8776.5907,20230113,220678.0,298038.0
8759.1338,8775.8415,8568.4645,8610.9865,20230116,157648.0,281579.0
8602.428,8667.9309,8543.4185,8561.0187,20230117,91181.0,271647.0
8578.41,8617.9042,8523.2376,8567.4107,20230118,99690.0,268653.0
