345.4023,345.8459,344.7035,345.6116,20200102,81773.0,221272.0
346.1061,351.3885,346.0041,350.6393,20200103,261168.0,239426.0
351.4855,359.3198,350.2234,357.9546,20200106,318462.0,242558.0
357.8071,358.5096,352.9261,354.6014,20200107,342069.0,244294.0
354.488,364.1436,354.231,360.5257,20200108,387910.0,252387.0
356.5738,357.1243,346.873,348.0232,20200109,403154.0,248268.0
350.9707,350.9707,348.5382,349.2927,20200110,222621.0,252975.0
349.4086,351.4228,348.3931,349.5595,20200113,252481.0,256140.0
348.9739,349.1747,342.9952,344.8125,20200114,212867.0,263811.0
345.7787,348.7849,345.3648,347.6529,20200115,177342.0,269128.0
347.6509,349.3913,346.9737,348.1335,20200116,182752.0,269506.0
348.6535,348.6535,346.584,347.9644,20200117,158333.0,269856.0
348.1134,348.7374,347.1765,348.1459,20200120,132885.0,272810.0
348.655,352.0061,348.3616,351.6103,20200121,129680.0,277269.0
349.8707,350.0409,346.961,348.6604,20200122,192705.0,269811.0
349.0303,351.5013,348.9654,351.004,20200123,117459.0,270181.0
359.6774,360.5558,358.2663,359.6718,20200203,103908.0,270888.0
362.9496,363.4925,356.5113,356.6641,20200204,96021.0,275076.0
364.42,364.42,352.6115,354.6513,20200205,82678.0,275110.0
359.84,360.38,351.5842,352.8732,20200206,83213.0,275931.0
355.9108,356.0744,354.2294,354.7813,20200207,61470.0,277939.0
357.7038,358.1084,355.9169,356.1165,20200210,69370.0,279666.0
356.2261,356.3781,354.9643,355.1174,20200211,53842.0,280403.0
355.1594,355.1594,353.608,354.5514,20200212,56015.0,279043.0
356.1647,357.5033,355.5244,357.0364,20200213,67033.0,281950.0
357.7254,358.0421,356.6603,357.3241,20200214,58424.0,284109.0
358.5649,359.2546,358.2091,358.4497,20200217,60512.0,286757.0
359.6756,360.4738,359.5459,360.1726,20200218,66945.0,291628.0
362.9781,365.0886,362.9781,364.7007,20200219,95708.0,294875.0
369.0985,369.0998,364.8689,365.622,20200220,106403.0,296112.0
369.4476,372.8043,369.3572,372.4156,20200221,128961.0,298851.0
381.3298,382.9988,378.338,380.2712,20200224,173763.0,295780.0
384.26,384.56,371.4034,372.3458,20200225,220618.0,283266.0
377.1822,377.1822,372.5987,374.86,20200226,149966.0,287225.0
379.64,379.64,374.2418,374.9426,20200227,131509.0,288855.0
374.1604,374.5722,368.6372,370.6744,20200228,230280.0,285919.0
368.68,368.68,359.2485,361.953,20200302,222208.0,280828.0
359.6173,361.6245,359.2132,360.9666,20200303,112731.0,284699.0
370.143,370.9265,368.5739,369.256,20200304,153471.0,286688.0
367.8117,369.4205,367.7253,369.3937,20200305,71900.0,289137.0
375.2959,378.6305,375.2959,376.8031,20200306,169737.0,293727.0
381.42,381.6986,371.5749,374.1341,20200309,283779.0,293868.0
381.54,381.54,367.5893,369.401,20200310,191789.0,295951.0
369.9399,372.2637,369.5957,371.9298,20200311,135264.0,295745.0
375.38,376.66,366.385,368.0037,20200312,205888.0,294102.0
366.86,366.86,349.9488,357.1614,20200313,296366.0,289875.0
349.0847,350.0882,343.7964,347.9876,20200316,247187.0,290559.0
352.6,352.64,330.9354,331.6094,20200317,305261.0,287219.0
339.74,345.4585,335.9,339.8269,20200318,257924.0,286321.0
341.196,341.196,331.5346,337.3717,20200319,237217.0,280474.0
336.0786,342.2171,336.0786,340.522,20200320,222716.0,279631.0
343.1332,343.1332,337.7321,340.3596,20200323,165953.0,277883.0
360.0064,360.2485,355.5537,359.0908,20200324,219018.0,280007.0
377.7238,377.7238,364.0378,365.0599,20200325,201478.0,277602.0
370.9916,370.9916,362.6872,363.9638,20200326,145205.0,273308.0
365.85,369.0988,365.85,368.2398,20200327,128617.0,273938.0
369.2103,369.2103,364.3921,365.2641,20200330,146934.0,271952.0
370.62,370.86,364.5882,365.5407,20200331,85613.0,265865.0
357.3309,360.3677,356.4726,359.2918,20200401,106609.0,263880.0
362.2,364.44,358.5086,361.3193,20200402,94222.0,263426.0
364.24,367.8411,363.4985,364.1264,20200403,80034.0,259850.0
378.4998,378.5386,373.9369,374.5058,20200407,141220.0,265273.0
368.8875,372.1806,368.1484,370.879,20200408,87754.0,265146.0
372.6924,372.6924,370.6705,372.1118,20200409,59104.0,268759.0
380.2234,380.2234,373.5022,374.3391,20200410,60328.0,270554.0
379.52,379.52,372.5308,373.913,20200413,106663.0,271463.0
378.4,380.5767,375.2087,378.2196,20200414,178669.0,283926.0
381.84,381.84,376.6818,376.9029,20200415,124222.0,280838.0
377.1604,380.975,375.0411,379.9987,20200416,130053.0,286548.0
377.3631,378.2892,369.8368,372.9181,20200417,194412.0,275598.0
368.1636,372.1431,367.0089,371.3486,20200420,142181.0,269535.0
373.18,375.2056,372.6875,374.9868,20200421,114783.0,265630.0
376.1833,377.2688,372.4047,373.8118,20200422,124346.0,260589.0
376.5452,381.7948,376.0464,380.3979,20200423,152500.0,259264.0
380.8186,383.8927,379.9297,383.52,20200424,133762.0,261729.0
381.9406,383.0461,380.46,380.7992,20200427,133932.0,246765.0
379.9859,379.9859,375.8691,377.9468,20200428,152775.0,241092.0
378.1442,380.2813,378.1442,379.5334,20200429,99590.0,236625.0
380.3615,381.6367,378.6368,381.1261,20200430,107070.0,231254.0
379.0852,381.6195,378.6281,380.9666,20200506,109711.0,227921.0
379.9964,380.4527,378.4223,379.2353,20200507,214250.0,224570.0
380.5945,385.5901,380.1114,384.6048,20200508,258489.0,230448.0
383.0688,384.7205,381.4888,383.0423,20200511,239202.0,223038.0
383.3973,383.5745,380.7551,382.141,20200512,174492.0,221306.0
382.0684,384.0793,381.6348,383.014,20200513,172217.0,224088.0
384.498,386.1135,382.9231,385.686,20200514,243720.0,233946.0
386.1855,392.1824,385.1304,391.3966,20200515,319817.0,245527.0
393.6474,401.8426,391.4563,400.732,20200518,345462.0,249374.0
397.65,398.301,392.7082,394.1579,20200519,327589.0,239858.0
394.8426,399.4264,394.8392,398.3962,20200520,226997.0,248217.0
397.2108,399.0137,394.1655,394.7911,20200521,232013.0,244248.0
394.9896,395.1978,389.8438,394.1466,20200522,299067.0,243562.0
394.8331,395.547,392.3066,393.2916,20200525,209972.0,246271.0
393.6549,396.5206,392.6329,395.1525,20200526,177742.0,235654.0
394.253,394.7605,390.281,391.0298,20200527,229288.0,233158.0
389.5127,394.9793,387.2908,394.0063,20200528,272929.0,238987.0
394.0408,395.3271,391.5732,394.2465,20200529,217457.0,242655.0
396.0524,398.9011,395.3653,397.8522,20200601,235480.0,253063.0
396.7425,398.0908,395.488,396.8447,20200602,177498.0,252719.0
396.9011,397.8515,391.9877,392.9309,20200603,256823.0,250982.0
389.4944,391.3231,387.4703,389.6337,20200604,276001.0,249326.0
392.666,393.1419,389.4262,390.0795,20200605,234035.0,249737.0
385.0626,386.864,382.1964,386.1928,20200608,263337.0,247202.0
385.24,387.5666,384.2592,386.2265,20200609,181263.0,248564.0
390.2476,390.8306,389.58,390.3321,20200610,150625.0,250357.0
391.1425,393.7352,388.2325,393.6282,20200611,209392.0,255331.0
393.022,395.6103,391.9276,393.5286,20200612,231022.0,257342.0
394.6983,395.4195,391.4658,392.4651,20200615,210858.0,261418.0
388.5505,393.4945,388.1182,392.3198,20200616,212176.0,261503.0
392.2644,393.3488,390.4697,392.7717,20200617,211185.0,264439.0
391.3928,393.0263,391.3447,392.079,20200618,130634.0,262036.0
391.6567,393.5237,390.8988,392.8606,20200619,141428.0,264097.0
393.6542,399.075,393.1959,397.405,20200622,224132.0,273168.0
398.5031,398.5065,395.9112,396.8796,20200623,210202.0,275679.0
398.0331,400.5918,397.668,399.9334,20200624,205423.0,285120.0
400.7828,401.4394,399.4017,400.0565,20200629,80514.0,284508.0
399.2947,400.7551,399.2767,400.6579,20200630,119893.0,290007.0
399.8767,403.4606,399.6413,403.0204,20200701,199065.0,297386.0
401.7159,401.8725,397.7181,398.9807,20200702,259739.0,284807.0
397.8837,401.2127,397.0276,400.4881,20200703,177955.0,284022.0
400.5997,400.9074,398.7651,399.5792,20200706,106302.0,281926.0
400.8347,401.1934,399.6673,400.2791,20200707,121047.0,281461.0
399.0744,402.8465,399.0237,402.3056,20200708,160565.0,291744.0
403.9269,406.2535,403.7795,404.8855,20200709,195743.0,297113.0
404.5307,404.9988,401.132,401.8855,20200710,219750.0,288799.0
403.7824,404.2241,401.5348,403.7726,20200713,171831.0,291357.0
404.0013,405.1506,401.6172,403.0305,20200714,162303.0,288057.0
403.3585,404.9722,402.0736,403.6503,20200715,170007.0,289078.0
403.2096,404.2007,401.6607,402.2041,20200716,165199.0,285202.0
401.913,402.5713,398.2528,399.8195,20200717,157329.0,283472.0
401.026,401.8893,400.1752,401.8594,20200720,125902.0,280632.0
402.65,405.1049,402.2474,404.5386,20200721,156206.0,287030.0
407.5082,418.758,406.4652,414.2887,20200722,347330.0,289408.0
412.838,416.9767,410.1329,416.5776,20200723,287540.0,290513.0
415.8713,421.4766,415.4535,420.4993,20200724,292166.0,289547.0
422.3904,434.7644,422.2431,430.2034,20200727,405833.0,293749.0
429.906,440.2613,427.0348,430.2094,20200728,549620.0,271097.0
429.3451,433.0504,426.136,431.6429,20200729,342991.0,273577.0
431.9235,433.2119,426.9429,429.2859,20200730,306340.0,273847.0
427.4614,433.9587,425.4252,433.3319,20200731,363119.0,293901.0
432.7365,433.7026,429.8095,431.9432,20200803,254910.0,294058.0
431.2492,433.9105,430.6888,432.5031,20200804,170547.0,298925.0
432.4495,445.6807,432.4495,444.6596,20200805,431476.0,322235.0
444.0258,448.7582,443.1394,448.1765,20200806,351706.0,319028.0
448.2199,454.6347,448.2199,450.3605,20200807,366222.0,323223.0
451.438,451.9857,443.199,447.0613,20200810,328369.0,320850.0
447.4846,450.0583,435.2392,437.6799,20200811,369249.0,326348.0
429.5323,429.5323,417.9143,417.9318,20200812,304215.0,325191.0
419.1243,420.4104,416.022,417.5202,20200813,341191.0,325442.0
417.7001,429.6744,417.4278,421.1236,20200814,421148.0,334190.0
422.5956,426.5345,420.0608,425.2463,20200817,341083.0,335374.0
426.3278,435.6982,426.3278,434.7591,20200818,405783.0,341847.0
435.7773,437.7925,426.5926,429.9898,20200819,454125.0,344611.0
431.9647,431.9647,416.955,419.1201,20200820,485254.0,335442.0
418.1393,421.6047,415.7291,420.2785,20200821,356231.0,333209.0
417.5141,418.2933,413.1016,416.4045,20200824,369587.0,329394.0
419.156,422.2855,415.9702,417.2714,20200825,259395.0,324002.0
416.9359,418.1256,415.4192,416.4199,20200826,242358.0,320322.0
415.405,422.7528,414.8944,421.3046,20200827,371792.0,316345.0
420.9896,427.1728,415.4252,421.2684,20200828,498901.0,313044.0
422.4401,425.6846,421.8768,423.4627,20200831,323046.0,313911.0
423.6892,428.5752,423.2954,427.7457,20200901,287873.0,314786.0
428.0207,428.7922,422.7524,423.4214,20200902,302591.0,309101.0
424.149,424.149,415.3454,416.1482,20200903,369462.0,303758.0
416.8684,419.6996,414.5822,417.4295,20200904,376244.0,297599.0
416.2589,419.3571,414.3485,417.2824,20200907,333610.0,293508.0
416.8309,418.3532,415.4452,417.4748,20200908,178035.0,292137.0
415.0349,420.3586,411.955,417.4451,20200909,382403.0,289606.0
418.2471,421.3494,418.2471,420.3808,20200910,250704.0,291791.0
422.3726,423.7424,417.5472,419.2402,20200911,287091.0,286876.0
419.7424,421.1725,418.3334,419.374,20200914,183728.0,285500.0
420.8311,421.7689,419.6353,420.769,20200915,197833.0,283485.0
420.8958,421.3399,417.5857,419.5401,20200916,206842.0,282803.0
419.7823,421.014,415.1916,416.5199,20200917,279187.0,287250.0
416.507,418.1916,413.7876,417.8691,20200918,213473.0,283178.0
417.3577,420.4948,416.594,418.0177,20200921,187906.0,282250.0
414.655,415.3763,394.7688,408.6183,20200922,529900.0,287071.0
409.417,410.5764,400.5939,401.899,20200923,376466.0,282042.0
403.0254,404.8292,396.1957,397.5289,20200924,369251.0,280745.0
398.6635,402.3148,397.2088,401.9596,20200925,294266.0,272896.0
399.9172,402.7939,399.0948,401.0199,20200928,228993.0,268431.0
402.0665,406.9569,402.0665,406.827,20200929,219654.0,263470.0
406.698,408.8633,406.128,407.0415,20200930,173777.0,258357.0
405.845,407.959,405.0213,406.386,20201009,91640.0,260247.0
408.239,412.6222,407.9809,411.0993,20201012,233546.0,264277.0
411.7682,412.2789,408.981,409.6906,20201013,189680.0,264162.0
408.9851,408.9851,401.7801,405.2471,20201014,236726.0,260912.0
406.9496,407.0149,402.7603,404.8213,20201015,188287.0,260944.0
404.1437,407.3869,403.5153,406.2333,20201016,192099.0,261369.0
405.4995,406.9268,403.2989,406.2123,20201019,194942.0,258274.0
406.4096,406.5893,403.1647,404.8434,20201020,174143.0,259302.0
404.8551,407.4858,403.9363,405.9397,20201021,191135.0,254559.0
407.5273,408.6854,404.9697,406.1989,20201022,196897.0,251998.0
405.3416,405.6239,402.6272,404.9191,20201023,188063.0,252080.0
404.8518,405.4167,401.6937,402.9493,20201026,229488.0,247527.0
404.2405,406.9362,404.2072,406.8042,20201027,211628.0,245201.0
406.3886,408.0486,405.8925,406.934,20201028,167177.0,244362.0
402.8606,402.8606,399.9369,401.4648,20201029,308669.0,246787.0
398.9927,401.1898,396.6483,398.9548,20201030,310343.0,249344.0
401.4232,403.0024,399.7346,402.6812,20201102,232071.0,243495.0
402.9518,404.9093,402.5814,404.6029,20201103,170873.0,239099.0
405.0892,407.7618,404.9604,406.2997,20201104,250926.0,238284.0
406.3339,406.5927,401.3278,406.2598,20201105,212776.0,239807.0
407.9556,412.7659,407.6458,410.4014,20201106,287809.0,245369.0
411.0705,413.1027,409.3278,409.7157,20201109,265827.0,243260.0
402.9082,402.9082,394.0908,398.9915,20201110,397505.0,241077.0
397.6134,398.6542,396.7333,398.0679,20201111,175228.0,238477.0
397.0789,398.0686,394.5428,397.4366,20201112,230867.0,237418.0
397.3727,399.452,397.1062,399.4174,20201113,178225.0,232624.0
400.0217,402.2121,398.8524,399.187,20201116,182767.0,229806.0
398.6303,400.8515,396.4254,398.8791,20201117,174547.0,226470.0
398.7346,399.9429,395.526,396.2147,20201118,176236.0,230358.0
395.6272,397.9527,393.2772,394.6815,20201119,190571.0,233246.0
394.7383,395.5918,392.987,395.0984,20201120,189608.0,231556.0
394.5968,397.0126,394.5107,395.7002,20201123,164508.0,227718.0
395.2454,395.2625,385.0367,386.3879,20201124,302320.0,233940.0
384.0291,384.0291,381.2954,382.3378,20201125,239884.0,231426.0
383.5005,384.0888,381.2761,383.0373,20201126,163112.0,227973.0
382.991,383.8077,381.8307,383.1689,20201127,170915.0,226851.0
382.5888,382.6698,370.6906,373.3331,20201130,327678.0,228165.0
372.6545,377.088,371.5939,376.1479,20201201,197615.0,222623.0
379.8672,382.5219,379.69,381.6674,20201202,221599.0,213679.0
382.6986,386.332,381.3055,385.8428,20201203,210238.0,207313.0
386.5597,387.4572,382.9298,386.3805,20201204,194310.0,201630.0
386.1375,387.0415,383.4822,385.4346,20201207,218679.0,203577.0
384.6327,391.9909,383.8362,391.0283,20201208,236166.0,204677.0
389.9464,392.721,388.1539,388.9354,20201209,190575.0,198945.0
389.1434,390.0606,384.7748,385.1405,20201210,204464.0,205884.0
385.653,388.4349,384.1663,384.7217,20201211,183472.0,204002.0
384.9214,388.0656,384.1441,384.8003,20201214,174813.0,192912.0
383.9464,387.9144,382.6618,387.7589,20201215,195906.0,194177.0
387.4293,391.0768,387.4293,390.4864,20201216,184107.0,191113.0
389.948,393.1211,388.4232,392.5444,20201217,184749.0,195828.0
393.1246,397.2472,393.1246,395.4878,20201218,211538.0,195952.0
395.8311,402.5498,394.0018,400.3902,20201221,229731.0,200822.0
397.4071,397.6859,394.1467,394.7074,20201222,235457.0,196408.0
395.0557,397.0786,392.8622,393.5958,20201223,202377.0,193891.0
392.8124,396.3021,392.4302,394.9681,20201224,179480.0,190657.0
394.8923,397.1274,393.2622,396.9246,20201225,148466.0,191477.0
395.907,400.8499,394.2243,397.5496,20201228,177250.0,189060.0
396.0531,400.2196,395.1777,395.6031,20201229,280415.0,191649.0
395.7828,396.9026,393.8742,395.4499,20201230,189006.0,188211.0
395.3221,399.3663,394.5009,396.9373,20201231,200610.0,187949.0
401.0294,402.4011,400.8118,401.7398,20210104,120572.0,192088.0
403.0983,406.1254,402.7341,403.9165,20210105,246425.0,192799.0
405.0783,406.3325,403.2068,404.3887,20210106,236894.0,190257.0
401.9118,404.0234,396.2508,400.8838,20210107,279246.0,187269.0
400.192,400.6295,397.2186,397.7482,20210108,205947.0,181014.0
395.0039,395.0039,379.9814,386.7962,20210111,344860.0,178606.0
386.2005,389.4859,383.3923,389.0937,20210112,211955.0,175632.0
389.0989,390.3179,385.5946,389.1659,20210113,206524.0,174720.0
388.8122,390.2366,384.3942,386.4715,20210114,171505.0,177641.0
386.3721,390.1475,385.8995,387.8037,20210115,200143.0,178621.0
388.0142,388.733,382.1647,386.7812,20210118,225742.0,181451.0
386.8417,388.4812,386.1625,387.6334,20210119,105664.0,184162.0
386.6709,389.4623,385.3163,388.8308,20210120,150457.0,188223.0
387.2238,392.958,384.8447,392.7639,20210121,208274.0,191813.0
391.3265,391.93,389.5906,390.8921,20210122,156178.0,189438.0
388.2039,391.7342,386.6744,389.1598,20210125,162892.0,185636.0
391.1582,392.6144,388.4768,390.2382,20210126,163424.0,188530.0
390.2815,390.5439,386.4169,388.106,20210127,156247.0,193078.0
387.0726,389.6302,385.5722,386.4321,20210128,182100.0,196722.0
386.8888,390.9174,384.8864,388.5239,20210129,235492.0,197642.0
390.2827,393.547,387.0632,392.7588,20210201,325984.0,195343.0
392.519,394.2417,389.1065,389.6626,20210202,226842.0,189978.0
387.9113,387.9113,383.6802,385.3094,20210203,220772.0,191332.0
385.1193,385.9183,379.9015,382.4374,20210204,202228.0,198734.0
381.4136,381.6917,375.3172,378.0255,20210205,221268.0,199597.0
378.6432,381.6492,376.7194,381.1145,20210208,194923.0,194349.0
382.5494,386.0188,381.7244,385.7373,20210209,154145.0,183004.0
385.3394,386.5897,383.4307,385.8394,20210210,132503.0,174494.0
374.8689,374.9768,372.6935,374.3866,20210218,90744.0,184041.0
374.6663,376.6455,370.8943,372.6923,20210219,226318.0,189240.0
373.0698,378.0362,372.3764,376.928,20210222,228960.0,187612.0
377.411,381.9935,377.411,381.0016,20210223,193253.0,191815.0
380.7924,381.1186,377.31,379.8137,20210224,185419.0,183001.0
378.8766,379.2795,374.1842,376.1636,20210225,252877.0,183059.0
374.6765,375.3931,368.8497,369.7113,20210226,309839.0,187513.0
370.0099,371.0738,360.4704,368.3089,20210301,349854.0,184537.0
365.6819,366.6197,358.7607,362.0877,20210302,305484.0,195336.0
364.2825,365.2985,361.9993,363.8328,20210303,192829.0,195227.0
362.6946,362.7603,357.6472,360.6753,20210304,278325.0,202242.0
360.824,362.0995,354.9839,356.9246,20210305,264815.0,200979.0
358.1058,362.3082,356.1678,360.7577,20210308,235536.0,194527.0
359.0381,359.8964,355.8451,359.4697,20210309,202259.0,192220.0
360.6538,365.2437,360.6538,363.2538,20210310,231928.0,189082.0
362.9031,367.3813,362.6613,366.3421,20210311,197900.0,188035.0
366.2547,366.6574,360.8239,361.1749,20210312,213148.0,193132.0
361.2105,366.5455,358.9368,364.357,20210315,208756.0,188317.0
365.0173,366.633,363.6968,365.0509,20210316,160635.0,186643.0
365.4661,367.9386,365.1239,366.5985,20210317,171203.0,187633.0
365.6826,370.351,364.1067,369.6995,20210318,206021.0,194581.0
366.4992,369.0846,363.522,368.0407,20210319,221896.0,192669.0
367.4242,368.7692,365.4818,366.1358,20210322,183813.0,187488.0
366.5717,367.9232,365.3915,367.2617,20210323,134562.0,185638.0
367.4067,367.8297,364.6529,366.7195,20210324,166197.0,188706.0
366.8694,369.1991,366.2971,367.757,20210325,132504.0,191541.0
367.2084,370.9819,365.7186,366.8305,20210326,211423.0,192254.0
366.5425,368.907,365.9554,366.9385,20210329,141725.0,193777.0
367.1523,367.777,361.9283,362.078,20210330,206278.0,201564.0
358.4867,359.4409,356.4998,357.9877,20210331,190162.0,206426.0
358.0133,366.1292,357.9662,365.5876,20210401,205553.0,199398.0
365.6407,370.5922,365.6407,370.5611,20210402,161505.0,200106.0
367.8954,369.7568,367.1902,367.8961,20210406,77431.0,203062.0
368.9198,370.7588,368.5247,369.7276,20210407,140641.0,205619.0
369.5305,371.4196,368.1402,370.6422,20210408,166653.0,209969.0
371.1279,374.5072,371.1279,372.5093,20210409,187035.0,213962.0
370.9059,371.5016,368.359,369.8785,20210412,184982.0,205998.0
369.6951,369.7236,366.194,366.4126,20210413,176233.0,202728.0
368.5707,371.1612,368.5697,370.2708,20210414,165987.0,201136.0
370.0167,370.2644,367.0162,370.1803,20210415,184728.0,203909.0
369.4169,374.674,369.4169,373.4484,20210416,191211.0,212685.0
376.8875,377.9529,375.1326,376.2694,20210419,185631.0,215185.0
375.2023,375.2159,372.1737,372.7687,20210420,172159.0,214022.0
373.1543,376.7419,372.2794,376.6254,20210421,170248.0,218650.0
376.1187,378.7395,375.7529,377.0374,20210422,176616.0,217930.0
375.9142,376.8522,374.4988,375.96,20210423,173832.0,216285.0
376.9859,378.1693,372.7186,373.9936,20210426,205315.0,212824.0
374.1766,375.2891,372.8947,374.4054,20210427,158498.0,214025.0
374.7428,375.7916,371.8267,372.223,20210428,204720.0,212506.0
372.5916,375.9716,371.6141,373.549,20210429,189845.0,209604.0
374.1154,374.1154,368.8785,371.677,20210430,210940.0,202738.0
373.0846,377.4318,373.0846,377.0708,20210506,103621.0,206021.0
377.0057,381.9841,376.3293,381.3009,20210507,222954.0,210276.0
384.2647,385.0155,381.3262,382.6802,20210510,234110.0,211684.0
383.4228,384.0941,381.5309,382.3926,20210511,190641.0,213831.0
381.0161,383.2549,379.3847,383.2549,20210512,200305.0,214048.0
383.8041,385.3118,380.5101,381.5384,20210513,238486.0,218214.0
381.0912,384.1227,380.5636,384.0186,20210514,201721.0,231474.0
384.3948,388.9855,383.8129,388.199,20210517,208855.0,242571.0
387.0518,392.5343,386.4702,390.8935,20210518,234095.0,248632.0
390.868,391.6096,388.8664,391.4865,20210519,226781.0,246875.0
391.1874,395.2105,389.3164,391.5268,20210520,329124.0,247521.0
391.5767,394.2085,390.7996,391.4854,20210521,205659.0,246210.0
393.9594,395.0898,390.3613,392.8792,20210524,272770.0,245178.0
392.9,393.1121,389.4266,391.6443,20210525,226393.0,240934.0
391.6859,396.9059,390.7453,395.5533,20210526,279486.0,249514.0
395.9391,396.1198,391.8452,393.2812,20210527,220730.0,252179.0
393.5429,393.6175,390.4072,390.5893,20210528,237131.0,250657.0
391.5937,394.7894,391.0735,393.6532,20210531,219418.0,257518.0
393.9892,396.4668,393.1889,396.1933,20210601,154914.0,265961.0
396.1298,396.3739,388.5146,389.4325,20210602,258270.0,268760.0
390.4333,391.8074,386.3053,386.9957,20210603,202806.0,270545.0
382.5881,384.0763,374.6799,382.218,20210604,306321.0,266157.0
385.0153,386.4474,383.8068,384.6559,20210607,181909.0,267392.0
385.0495,390.2301,384.9987,387.3558,20210608,159170.0,267398.0
387.0775,388.2827,385.6056,387.2174,20210609,150458.0,268709.0
387.5806,388.6497,384.4977,385.9485,20210610,182944.0,268188.0
387.3724,390.6545,386.8725,389.5282,20210611,185381.0,255109.0
383.4244,384.4569,379.8285,382.3528,20210615,138106.0,259873.0
381.7817,383.0784,379.4641,381.9429,20210616,154488.0,262535.0
381.4655,383.6018,374.156,375.5133,20210617,226262.0,269089.0
370.3055,372.196,369.3163,371.3866,20210618,264044.0,265828.0
370.3636,372.0665,368.5141,371.7377,20210621,255509.0,265152.0
370.9271,374.3694,370.9271,373.1515,20210622,181100.0,256244.0
371.6634,374.1097,371.3633,373.7685,20210623,112481.0,254856.0
373.4979,375.8049,371.5649,371.6757,20210624,161927.0,257140.0
372.8193,373.6289,370.2651,371.1236,20210625,142242.0,256414.0
372.1666,373.2223,369.4737,371.9082,20210628,180446.0,253861.0
371.5927,372.3617,370.2498,370.6048,20210629,121636.0,256337.0
367.2486,369.2273,366.123,367.2962,20210630,187467.0,260734.0
367.2532,372.1171,366.5723,371.5266,20210701,168232.0,254563.0
371.5464,372.9712,369.9638,372.4642,20210702,143243.0,248647.0
374.3896,375.6274,372.4325,373.6793,20210705,180578.0,245656.0
374.1314,377.5797,372.0988,377.2749,20210706,123279.0,245114.0
378.2275,378.8017,375.1875,377.0934,20210707,198291.0,241886.0
377.1551,378.203,375.9081,376.442,20210708,156451.0,241307.0
379.6999,380.5619,376.0357,377.5707,20210709,192877.0,241640.0
377.886,379.691,376.3717,376.831,20210712,135441.0,243313.0
377.2329,378.9049,374.8664,378.6189,20210713,149579.0,241435.0
377.2249,379.8285,376.7031,379.3254,20210714,151508.0,242303.0
381.3405,382.4848,379.8237,382.3206,20210715,150734.0,243659.0
381.0823,382.8882,379.9614,381.3327,20210716,127653.0,238607.0
381.3523,382.1152,377.7231,377.734,20210719,182568.0,232141.0
379.3238,381.257,378.0219,380.5974,20210720,153410.0,231314.0
382.2501,382.3544,377.4625,379.2059,20210721,187700.0,227058.0
376.57,377.4903,375.5952,376.2477,20210722,167844.0,226804.0
376.4649,378.1884,375.1368,377.9654,20210723,141741.0,223314.0
377.3353,379.4739,375.9613,378.9915,20210726,144022.0,219867.0
378.3457,378.5509,375.3385,375.8019,20210727,139730.0,221495.0
378.4229,380.6417,377.5317,379.9106,20210728,177944.0,223203.0
378.7041,381.7533,377.2626,381.1485,20210729,156219.0,224192.0
381.9018,383.0758,381.2054,382.4635,20210730,132561.0,225186.0
381.4094,382.0633,377.6311,377.8523,20210802,172415.0,215136.0
377.7431,380.0883,377.4377,377.8659,20210803,119398.0,212911.0
378.5021,379.1263,377.9296,378.7006,20210804,102765.0,212544.0
381.194,382.3903,377.3915,378.1004,20210805,184168.0,213932.0
378.2182,378.4243,375.6466,375.941,20210806,147484.0,219604.0
371.7975,371.7975,362.8157,365.6296,20210809,272257.0,230434.0
365.046,365.9923,362.2347,363.9806,20210810,182345.0,233152.0
362.833,364.2199,360.9166,363.5681,20210811,161975.0,233630.0
365.0058,367.8432,364.6813,367.223,20210812,156556.0,230079.0
366.3784,368.5266,365.2126,368.142,20210813,137519.0,229076.0
368.8051,373.038,368.8051,371.3306,20210816,153374.0,224794.0
371.8888,375.5208,371.8888,375.0935,20210817,132496.0,224547.0
374.3427,375.778,373.2391,375.4689,20210818,144906.0,222141.0
374.9589,375.1911,372.4462,374.3931,20210819,171526.0,221938.0
374.6666,376.176,372.8072,375.6043,20210820,148013.0,221076.0
374.5807,375.4199,372.4463,374.9844,20210823,164935.0,219330.0
377.2792,378.5035,376.3947,377.77,20210824,161294.0,219501.0
378.4296,378.7881,375.3434,375.6848,20210825,146781.0,217263.0
376.3679,376.4893,373.5575,374.1039,20210826,166947.0,216318.0
373.8163,378.5754,372.9659,377.9308,20210827,188922.0,221335.0
376.9959,381.3081,374.6508,379.2033,20210830,255455.0,220698.0
378.733,379.837,377.6287,379.0065,20210831,129936.0,222057.0
377.7292,379.5323,376.1017,379.2832,20210901,179238.0,223054.0
379.5066,380.3576,377.5541,379.0862,20210902,134817.0,220938.0
378.7182,379.0302,376.7653,378.732,20210903,128610.0,220016.0
379.8752,382.1948,379.0615,381.1539,20210906,184653.0,221375.0
380.6009,381.4171,379.0367,379.6407,20210907,96175.0,216970.0
378.574,379.444,374.739,375.1726,20210908,209714.0,213870.0
375.3148,375.5689,372.2566,373.4255,20210909,166961.0,214695.0
373.7887,375.8956,372.2816,375.7212,20210910,176228.0,211985.0
373.4814,374.4009,371.9045,373.5546,20210913,166275.0,214182.0
373.206,375.2251,372.7996,374.0625,20210914,127798.0,213567.0
374.3751,376.8295,373.2121,375.1218,20210915,166094.0,213647.0
374.5496,374.7203,371.2383,372.0361,20210916,173307.0,218332.0
367.6895,368.5946,364.6683,368.1747,20210917,203927.0,219394.0
371.2705,373.4338,371.2705,372.8421,20210922,74631.0,216418.0
372.122,374.2145,368.9759,369.5668,20210923,149518.0,218165.0
369.0544,369.2529,365.5644,367.0873,20210924,191878.0,223714.0
366.1765,368.7004,364.7568,368.1854,20210927,167666.0,218359.0
367.2983,368.44,364.3942,364.5553,20210928,158228.0,218252.0
363.631,365.5698,362.7955,364.8017,20210929,192125.0,211303.0
364.5383,364.9479,362.1046,363.1986,20210930,206831.0,206089.0
366.9209,368.6103,366.9209,367.9035,20211008,77872.0,201650.0
371.0629,372.5076,366.3893,366.4961,20211011,194247.0,204759.0
366.7818,369.0172,366.3393,368.6296,20211012,124610.0,205435.0
367.8416,369.9843,367.5836,368.5405,20211013,149218.0,207053.0
368.0636,374.2713,367.2619,373.6817,20211014,248990.0,205906.0
374.9051,375.6154,372.7828,373.0508,20211015,134655.0,204982.0
369.513,370.4741,367.4343,368.1134,20211018,194230.0,200126.0
368.071,369.3098,367.4618,369.2862,20211019,145752.0,199613.0
369.0827,369.7046,365.5075,368.1882,20211020,190935.0,195645.0
370.4272,370.7895,368.1508,370.1395,20211021,177242.0,188013.0
369.7247,371.8435,368.6347,371.6304,20211022,149321.0,188265.0
373.5293,374.878,369.0779,370.7107,20211025,263260.0,188299.0
372.396,373.3623,371.9386,372.2619,20211026,142802.0,188963.0
371.6109,371.7732,367.6837,369.5264,20211027,204238.0,181395.0
370.0271,373.5366,368.8939,373.3598,20211028,213033.0,182379.0
371.9574,374.7227,371.0021,371.4804,20211029,214411.0,186341.0
369.1793,370.9024,368.0114,369.7651,20211101,188663.0,178786.0
370.4081,372.6931,370.2574,372.293,20211102,144433.0,178255.0
371.6833,372.0515,368.6224,369.0624,20211103,150996.0,174994.0
368.5299,368.7392,365.0798,367.6179,20211104,190437.0,174446.0
371.1246,372.9771,370.9222,372.7386,20211105,174468.0,174439.0
372.0963,378.7,371.7735,377.0639,20211108,253579.0,189799.0
377.2199,378.8325,376.7481,378.4459,20211109,162989.0,195638.0
378.1735,379.5396,377.2163,378.5877,20211110,166811.0,193565.0
378.6253,386.7785,377.5859,384.5539,20211111,326812.0,199021.0
384.9314,386.4774,384.3942,384.6945,20211112,174585.0,201822.0
383.0738,386.1445,382.7785,383.1789,20211115,234723.0,197156.0
384.2305,386.2062,384.1007,385.1984,20211116,184010.0,198115.0
386.7884,388.5487,382.2426,383.5275,20211117,243078.0,189608.0
385.1278,386.0053,384.0107,384.7873,20211118,158646.0,190661.0
385.3934,385.6601,383.1705,384.1465,20211119,177906.0,188673.0
384.5711,385.9131,380.3258,380.5983,20211122,225452.0,177551.0
381.2273,381.2273,373.2074,373.3972,20211123,294882.0,174083.0
371.6561,371.9222,369.4445,371.303,20211124,252260.0,171568.0
370.2788,371.7432,369.0205,371.4153,20211125,233586.0,172085.0
370.9583,373.6905,370.0088,373.2549,20211126,166348.0,168806.0
373.9099,375.1838,369.7599,372.0207,20211129,292881.0,166880.0
372.0252,372.0252,369.1359,370.9127,20211130,212992.0,166678.0
370.6262,373.4252,366.3488,369.5176,20211201,343141.0,172942.0
369.4284,370.202,367.1901,367.9122,20211202,220404.0,172042.0
368.3914,368.529,365.3034,366.8553,20211203,219446.0,176601.0
367.1882,369.9977,365.8661,369.5771,20211206,233616.0,176325.0
368.8144,369.6921,368.0621,368.776,20211207,132158.0,177283.0
368.9788,369.8452,366.8751,369.2209,20211208,167632.0,175052.0
368.3775,368.4988,367.0146,367.6543,20211209,152468.0,175666.0
367.3748,369.2235,366.0699,366.5498,20211210,189307.0,177977.0
367.1942,370.1496,366.8317,369.0358,20211213,207545.0,174041.0
370.0898,370.253,368.5243,369.4048,20211214,132647.0,173504.0
368.8047,369.0427,364.8591,365.314,20211215,206993.0,188500.0
366.0123,368.996,364.706,368.9497,20211216,176359.0,179985.0
368.7656,373.8133,368.7656,373.6731,20211217,243056.0,180838.0
374.1572,375.5631,372.6638,373.2456,20211220,176462.0,178555.0
372.5961,372.7942,370.2435,370.6598,20211221,154552.0,177829.0
372.0418,372.707,369.6705,369.8326,20211222,148564.0,181125.0
370.9632,374.1753,370.146,373.7186,20211223,155040.0,181765.0
373.1966,374.7958,372.1194,374.4353,20211224,145023.0,185297.0
374.3229,375.2964,373.3768,374.2309,20211227,78092.0,180003.0
374.018,375.4009,372.6214,375.3362,20211228,130158.0,183513.0
375.2794,376.2653,372.7681,373.5475,20211229,144566.0,178383.0
371.2605,373.2805,370.1349,371.7781,20211230,163322.0,174036.0
373.1605,376.0839,372.0335,375.6906,20211231,159429.0,177528.0
373.2053,373.7133,372.5301,372.7507,20220104,78254.0,173873.0
372.4652,374.8963,371.7637,374.1031,20220105,141502.0,178705.0
374.9126,376.957,370.8019,371.4968,20220106,197988.0,187294.0
369.8698,370.7601,368.9768,369.2543,20220107,177253.0,190374.0
369.3086,370.8173,368.1466,369.6916,20220110,177501.0,190844.0
369.4086,373.3066,369.3562,372.9519,20220111,157961.0,188883.0
372.7538,375.5291,371.9265,374.9799,20220112,140148.0,185787.0
374.7046,376.3777,374.5558,375.8874,20220113,146726.0,186239.0
375.6156,376.1773,373.2945,375.5945,20220114,141484.0,187488.0
374.3883,375.7165,373.0059,373.8176,20220117,149412.0,181911.0
374.0195,374.2397,372.6502,373.1039,20220118,86240.0,177209.0
373.197,374.2962,371.4828,372.7419,20220119,179901.0,176966.0
373.2873,378.5595,373.2202,378.1121,20220120,198871.0,186693.0
377.8215,379.4708,377.2579,377.9265,20220121,149970.0,188852.0
376.9512,378.5256,376.1437,376.9405,20220124,146183.0,187938.0
377.1264,378.178,375.4,377.6893,20220125,152118.0,186400.0
377.5288,379.8999,377.2179,378.3322,20220126,153026.0,189963.0
378.2787,378.5341,371.1853,371.4049,20220127,197392.0,184150.0
371.6603,372.3943,369.2749,370.0571,20220128,162833.0,177356.0
372.682,372.8369,371.8236,372.0026,20220207,59109.0,174072.0
372.7264,375.2095,372.7169,374.6873,20220208,110192.0,172522.0
374.2745,376.7108,374.2745,376.5337,20220209,101264.0,175845.0
376.4367,377.8282,375.5893,377.3209,20220210,106726.0,181596.0
377.0315,378.3982,374.9356,375.184,20220211,172385.0,185289.0
376.3091,383.0614,375.2027,381.9091,20220214,177526.0,197716.0
381.6345,385.812,381.1908,385.4942,20220215,184488.0,208637.0
379.548,380.1357,378.1789,379.8373,20220216,166842.0,203470.0
379.4539,384.1246,379.1587,383.5135,20220217,144952.0,206613.0
385.4974,388.2599,385.4974,386.6385,20220218,207902.0,216170.0
386.8774,388.7373,385.754,386.0031,20220221,187813.0,219558.0
387.5911,391.4075,386.8051,390.7496,20220222,142616.0,226185.0
387.9661,389.022,386.6593,387.5809,20220223,157616.0,226272.0
386.8069,397.398,386.7951,396.126,20220224,242164.0,234600.0
400.3505,401.5982,389.1512,391.5268,20220225,351289.0,238368.0
387.535,392.1261,384.754,389.2664,20220228,282376.0,226569.0
388.99,391.3638,386.0359,389.3709,20220301,230741.0,231577.0
390.9978,395.307,390.1889,394.7997,20220302,278958.0,239178.0
392.9211,394.7654,391.2687,393.491,20220303,251080.0,238035.0
393.7954,397.3613,392.7873,394.9415,20220304,249938.0,240270.0
396.3012,406.7949,395.6886,403.6619,20220307,334571.0,245542.0
403.1323,413.0636,398.7474,412.6185,20220308,331135.0,248759.0
408.7932,420.8743,408.2039,417.4858,20220309,439339.0,243378.0
409.8628,410.1358,400.1356,404.4343,20220310,352617.0,231483.0
407.5426,409.1958,404.0457,405.1415,20220311,252194.0,226353.0
403.376,406.843,400.6641,402.8981,20220314,253563.0,222506.0
401.2994,401.4303,393.5144,394.788,20220315,224760.0,217225.0
393.9736,395.3244,391.2078,391.5144,20220316,201551.0,214697.0
392.6285,396.6891,388.9846,395.9006,20220317,198592.0,216536.0
396.5511,398.9679,395.7574,396.3475,20220318,160647.0,216095.0
397.4822,397.4822,394.2164,395.1741,20220321,155957.0,215983.0
395.3627,398.428,393.8239,397.5366,20220322,132862.0,220978.0
396.5742,396.7267,393.2796,395.1152,20220323,135062.0,221755.0
396.565,401.3043,396.565,399.3988,20220324,137265.0,224432.0
400.6886,403.9962,400.2328,402.0721,20220325,158355.0,227899.0
401.9591,403.3945,397.9234,398.1386,20220328,165053.0,228077.0
398.7118,399.5519,395.2734,395.9697,20220329,119526.0,225863.0
391.37,395.9246,389.2802,395.162,20220330,174938.0,226034.0
394.8787,397.5089,393.137,394.7734,20220331,126287.0,224591.0
395.985,398.611,395.4473,396.6735,20220401,131654.0,224983.0
394.6014,396.1829,393.9526,394.9473,20220406,57369.0,224172.0
395.5926,396.3692,393.9981,395.4336,20220407,110003.0,227154.0
395.7415,397.7674,395.7415,396.5959,20220408,121311.0,230274.0
397.2001,400.6483,397.0145,400.1199,20220411,163688.0,239747.0
403.9545,403.9573,399.3191,402.2584,20220412,154200.0,243731.0
404.2861,405.1608,402.5115,404.1847,20220413,169664.0,250895.0
405.8666,406.5268,404.4094,404.7945,20220414,121326.0,252354.0
405.4292,406.6937,403.3505,406.348,20220415,142922.0,257845.0
406.1578,408.9081,405.4334,408.5149,20220418,96221.0,258039.0
409.0782,409.5199,405.1842,405.6161,20220419,142572.0,257013.0
405.1713,405.6895,399.9639,400.6319,20220420,215639.0,246099.0
402.8563,405.6878,402.3523,405.6285,20220421,137853.0,247477.0
404.7857,407.7295,403.344,407.3573,20220422,173050.0,257411.0
406.0838,408.2986,404.104,405.1027,20220425,241886.0,251135.0
400.6936,403.1844,400.3864,401.9334,20220426,204068.0,245551.0
402.5286,403.8328,401.6531,401.75,20220427,180012.0,237218.0
401.876,401.9785,398.5972,401.6691,20220428,223211.0,237823.0
402.059,407.8896,402.059,406.607,20220429,190653.0,239187.0
403.803,405.6646,403.5182,405.3244,20220505,78341.0,239844.0
407.2376,407.5716,402.0029,404.3975,20220506,217809.0,241401.0
405.0894,407.3047,404.2089,406.1257,20220509,165669.0,244326.0
404.6107,406.4823,402.8685,403.0909,20220510,189218.0,239333.0
404.3635,404.9051,398.9361,400.7615,20220511,189281.0,234183.0
400.4762,405.3853,400.4495,405.0981,20220512,198192.0,235042.0
403.9461,405.1537,400.2878,400.6194,20220513,194942.0,230305.0
397.9133,399.0012,395.849,396.7933,20220516,216731.0,225525.0
396.9628,399.472,395.5569,399.1831,20220517,160554.0,217522.0
398.0725,398.1522,394.3118,394.5441,20220518,170237.0,217543.0
394.8084,397.4286,394.5784,396.2501,20220519,142152.0,215475.0
399.4503,399.8013,397.7662,398.4999,20220520,187142.0,208751.0
397.9419,400.358,396.1343,398.4716,20220523,173669.0,208006.0
398.3784,399.7759,397.1523,399.398,20220524,134360.0,206195.0
399.9454,401.2526,399.7337,400.1368,20220525,147495.0,205508.0
400.3263,401.8588,399.1998,401.6846,20220526,164664.0,210724.0
401.2711,403.8757,401.1728,403.7235,20220527,168125.0,217631.0
402.1981,402.7125,400.1004,400.4811,20220530,166548.0,215640.0
399.8889,401.0969,398.5021,399.6518,20220531,123076.0,216055.0
399.1781,400.1328,396.297,396.9103,20220601,154369.0,217069.0
398.1531,400.3943,397.4001,399.6415,20220602,148753.0,215102.0
397.8886,399.2687,397.8445,398.6456,20220606,44610.0,213973.0
397.9068,398.0681,395.8567,396.747,20220607,120200.0,215997.0
397.7933,399.4234,397.6586,398.7586,20220608,113167.0,215286.0
400.0014,401.1258,399.3837,399.4997,20220609,105180.0,219142.0
399.33,399.8163,397.8581,398.2763,20220610,113775.0,218340.0
398.9466,406.5159,397.1582,404.9669,20220613,283708.0,238894.0
401.6567,402.2791,396.9992,397.5415,20220614,239948.0,229349.0
396.4024,396.6663,394.3822,395.1459,20220615,183929.0,226531.0
396.9428,397.1522,394.0563,396.4381,20220616,172258.0,226124.0
396.2632,399.4847,395.9618,399.1878,20220617,175093.0,222662.0
400.8401,400.8584,397.3774,397.6587,20220620,164219.0,226048.0
397.1463,398.1455,396.6713,396.8925,20220621,94819.0,228235.0
397.4283,398.432,395.8605,396.7819,20220622,134811.0,229471.0
399.8696,399.9862,396.9773,397.3386,20220623,154649.0,227351.0
397.5648,399.1376,393.7715,394.2583,20220624,207812.0,230469.0
394.0439,397.0533,393.1014,397.0427,20220627,168834.0,230923.0
396.0121,396.8057,393.9927,394.6991,20220628,173908.0,217134.0
395.1368,396.1272,394.0014,394.1389,20220629,143448.0,218352.0
396.2758,396.7703,393.1376,393.6003,20220630,186257.0,222635.0
394.862,395.2209,389.4129,389.982,20220701,212512.0,223975.0
388.3116,392.3577,387.7358,391.9577,20220704,195016.0,221646.0
391.0897,392.2363,391.034,391.6768,20220705,96880.0,216946.0
391.1788,391.1788,382.7334,383.9204,20220706,256047.0,223504.0
383.3634,383.7217,376.106,378.4966,20220707,263655.0,233477.0
377.7636,379.1086,376.7847,378.144,20220708,159789.0,238579.0
377.1748,379.7555,376.6844,378.2159,20220711,194399.0,245543.0
378.1568,380.6956,375.5863,377.9688,20220712,214353.0,246853.0
377.419,378.0426,374.9677,375.412,20220713,213330.0,258141.0
373.4251,379.684,373.2399,375.8052,20220714,283103.0,257668.0
374.7618,375.3415,372.0347,373.2428,20220715,240350.0,263863.0
373.4219,375.4012,371.7927,374.7824,20220718,209580.0,264982.0
374.4517,375.7915,372.904,373.6932,20220719,160431.0,273664.0
373.8232,374.8225,373.217,373.4035,20220720,138862.0,276816.0
373.8634,375.0632,369.7548,370.1505,20220721,171807.0,287564.0
373.3361,376.3793,371.7663,375.8974,20220722,231897.0,276896.0
376.5558,379.5552,375.9983,377.1069,20220725,178149.0,276889.0
376.7187,377.7045,375.1419,377.3341,20220726,128113.0,276035.0
376.2668,376.9935,375.7966,376.5998,20220727,120310.0,277920.0
376.153,380.6775,375.0233,380.6493,20220728,162763.0,276588.0
380.9212,386.4135,380.7964,386.0158,20220729,202775.0,278170.0
384.154,386.535,383.8034,385.772,20220801,164621.0,277248.0
387.7715,390.9494,387.1725,389.1737,20220802,167040.0,285532.0
391.3084,391.4205,384.5814,387.2667,20220803,215707.0,286737.0
387.9477,388.5045,384.8252,387.8722,20220804,165928.0,284744.0
389.6854,391.8858,388.1256,391.073,20220805,133248.0,285593.0
387.3116,389.2914,386.6651,388.7512,20220808,119342.0,284234.0
389.7664,391.3594,389.6106,390.4808,20220809,101897.0,287177.0
391.8586,393.1581,391.0507,391.2191,20220810,107446.0,289744.0
392.2911,392.3564,389.1506,389.6415,20220811,120917.0,289430.0
391.215,391.8858,389.8608,391.2562,20220812,93965.0,290165.0
391.5354,393.1941,390.8881,392.054,20220815,119540.0,293395.0
390.7084,391.7855,389.5227,391.5571,20220816,105123.0,290631.0
390.0957,390.8882,389.6625,389.9833,20220817,96158.0,291086.0
389.4919,389.4919,386.8465,387.8614,20220818,106022.0,291430.0
388.5573,389.028,386.6087,387.6452,20220819,117933.0,292006.0
388.0991,388.7269,386.148,386.3859,20220822,102506.0,291851.0
385.3523,387.8963,385.1878,387.3635,20220823,92927.0,292921.0
386.8461,389.661,386.6315,389.6103,20220824,93189.0,291624.0
389.0064,391.1328,388.7203,390.9173,20220825,84491.0,291288.0
391.0336,391.7799,389.8081,391.4503,20220826,114876.0,271529.0
389.3912,391.269,387.6563,388.179,20220829,152162.0,268902.0
389.9682,391.0168,389.5289,389.5723,20220830,89046.0,271082.0
389.121,389.3939,386.9566,387.2483,20220831,107110.0,275357.0
385.3912,387.1247,383.3305,384.0601,20220901,144010.0,278709.0
383.2138,383.6195,381.4665,383.371,20220902,123482.0,279015.0
384.3543,387.8694,383.8918,387.1963,20220905,114413.0,275142.0
387.5913,389.4307,386.7272,389.2973,20220906,76366.0,273419.0
388.2482,388.4602,387.7746,387.8999,20220907,10484.0,273958.0
387.0798,390.0083,386.522,389.7677,20220908,106713.0,274769.0
388.7489,389.7771,387.0332,389.7771,20220909,122615.0,277123.0
389.5993,390.4597,389.0796,389.9139,20220913,48012.0,279859.0
387.5151,388.8448,386.9597,387.4039,20220914,126868.0,279266.0
388.3242,388.7619,385.2674,385.4893,20220915,118597.0,289831.0
386.4901,386.9515,383.2884,383.9792,20220916,176182.0,286098.0
384.2569,386.32,383.8301,385.0068,20220919,135192.0,277205.0
384.7456,387.3099,384.4132,386.1477,20220920,103176.0,275554.0
385.7854,387.6078,384.4779,387.1906,20220921,108036.0,273925.0
387.1891,387.43,384.5756,386.3542,20220922,115189.0,272651.0
388.9153,388.9153,386.8391,387.9659,20220923,118018.0,270224.0
384.9576,386.8357,383.3215,384.7363,20220926,186789.0,268871.0
385.4817,385.7256,382.8004,385.2289,20220927,138564.0,268903.0
385.3661,386.2831,384.6589,386.2166,20220928,146419.0,267563.0
387.9894,390.1415,387.7403,389.8206,20220929,186550.0,273084.0
388.3788,391.0052,387.5797,390.9233,20220930,152879.0,278433.0
397.0687,397.4863,393.0731,393.3855,20221010,91024.0,280528.0
392.7218,393.1515,391.4992,392.8504,20221011,121483.0,280514.0
392.1928,393.9698,391.7974,393.1154,20221012,123458.0,282858.0
393.2418,393.9963,392.7399,393.1235,20221013,95014.0,284404.0
391.9437,393.0549,390.334,392.4616,20221014,204472.0,286270.0
391.7162,392.1974,389.6798,390.3084,20221017,136824.0,283835.0
392.7971,392.8841,390.0574,390.8385,20221018,110533.0,283979.0
391.3811,391.3926,389.9476,390.2241,20221019,101448.0,287068.0
389.9907,390.3297,387.8909,388.1481,20221020,131406.0,284798.0
388.6057,389.5307,387.2772,387.5586,20221021,116633.0,280602.0
389.3501,392.8708,388.3563,392.8105,20221024,212172.0,282887.0
393.4258,394.9653,392.7687,393.9412,20221025,135155.0,290153.0
393.4385,395.0469,393.345,393.8012,20221026,137832.0,294380.0
392.4471,393.2527,391.8649,392.9688,20221027,136912.0,294795.0
393.1352,393.9625,392.8199,392.9699,20221028,111845.0,297370.0
391.9485,392.1407,390.5042,391.8929,20221031,120485.0,290747.0
391.8155,392.3658,390.5138,391.5149,20221101,118458.0,288802.0
392.1748,393.0924,391.1441,392.2191,20221102,120201.0,290815.0
393.4193,394.2021,390.9514,391.0344,20221103,137767.0,288527.0
389.5838,391.3307,388.9019,390.8625,20221104,142701.0,286927.0
391.2339,394.7977,390.5144,394.1986,20221107,181267.0,292610.0
394.6067,395.7256,394.0333,394.9941,20221108,138798.0,300828.0
395.1897,403.5329,395.0296,403.4854,20221109,216228.0,312911.0
402.8676,404.4486,402.0555,403.7295,20221110,163063.0,316032.0
403.5232,410.5349,403.4551,406.9507,20221111,252736.0,319890.0
407.5531,407.9172,403.0933,403.5861,20221114,171975.0,312327.0
404.2235,406.9511,403.7614,404.9486,20221115,161246.0,311347.0
405.9905,407.5718,404.6701,407.0973,20221116,191472.0,316717.0
408.5245,408.8627,406.9274,407.7409,20221117,165183.0,317084.0
408.3925,408.4376,406.8708,407.4452,20221118,152796.0,318281.0
406.5175,407.0091,404.1331,405.3163,20221121,167467.0,315844.0
404.716,405.6416,404.0485,404.9691,20221122,157017.0,313785.0
405.1271,405.5658,404.1452,404.76,20221123,135504.0,312106.0
404.8987,407.3383,403.2244,406.454,20221124,194042.0,315348.0
407.1679,408.1578,406.8156,407.6194,20221125,139062.0,319177.0
407.4074,409.7514,406.7229,408.1266,20221128,190437.0,315461.0
408.5776,409.0776,405.9651,406.6966,20221129,194556.0,309588.0
407.0241,407.4267,404.8227,406.2259,20221130,169828.0,309767.0
404.6584,407.4323,0.7951,407.2032,20221201,228888.0,304405.0
408.5,410.2592,407.9845,409.8958,20221202,199838.0,312771.0
408.3998,409.1997,405.7058,405.8885,20221205,200729.0,299040.0
404.6603,404.6603,401.5962,401.9524,20221206,218407.0,301708.0
403.6364,403.6364,258.9362,401.2839,20221207,135566.0,297101.0
401.6993,403.1494,6.7328,402.6564,20221208,135584.0,290325.0
402.8549,404.5691,402.6549,403.7173,20221209,153311.0,289716.0
404.8652,406.7195,403.2608,403.5364,20221212,175339.0,288095.0
403.7077,404.0933,402.8088,403.7355,20221213,125802.0,286066.0
404.4739,409.4598,404.1349,408.2833,20221214,231164.0,295604.0
407.1585,408.3834,404.1992,405.129,20221215,140699.0,295533.0
402.405,403.6165,401.6715,403.1757,20221216,171797.0,288793.0
403.8825,406.7009,403.3502,405.7469,20221219,157914.0,290203.0
405.5158,406.1913,404.1592,405.9215,20221220,139750.0,288516.0
406.9926,410.6089,406.9221,409.9264,20221221,517787.0,301984.0
410.4501,411.7481,410.0871,410.3199,20221222,128530.0,306118.0
410.8302,411.5433,406.1672,407.2168,20221223,170484.0,299612.0
407.7344,409.1632,407.3998,408.0606,20221226,158025.0,267471.0
408.0609,408.8157,407.2221,408.7944,20221227,102655.0,262191.0
409.5938,413.0866,408.2473,409.4309,20221228,165891.0,262145.0
409.3385,410.4744,408.3723,409.0291,20221229,125942.0,259984.0
409.2951,411.4507,408.9809,411.3851,20221230,136829.0,263090.0
411.8053,412.2126,409.7992,411.1825,20230103,111949.0,269382.0
411.1845,413.6766,410.6202,413.1523,20230104,186003.0,279484.0
413.9858,415.7878,412.4272,412.5116,20230105,182592.0,283613.0
411.6491,412.7515,408.557,409.5803,20230106,202026.0,274163.0
409.3116,414.6109,409.0427,414.0421,20230109,213477.0,283214.0
414.0176,414.2798,412.2394,413.736,20230110,148431.0,286840.0
413.8161,415.2117,413.5558,414.8689,20230111,130219.0,292106.0
414.4347,414.9735,411.8073,414.6774,20230112,145170.0,288940.0
415.2491,416.3058,413.2114,415.2892,20230113,193105.0,287414.0
415.3243,419.431,414.9225,417.365,20230116,175048.0,289590.0
418.379,419.7007,417.9365,419.0581,20230117,115218.0,295358.0
419.7184,420.9768,417.1982,418.4345,20230118,170109.0,296903.0
