3189.1729,3220.2249,3166.7584,3198.6363,20200102,161438.0,277546.0
3188.8183,3261.758,3188.8105,3240.3064,20200103,312706.0,277408.0
3249.3288,3397.0422,3249.3288,3379.4092,20200106,439136.0,283566.0
3355.5806,3374.996,3301.6897,3339.2368,20200107,290236.0,260433.0
3335.1867,3513.2306,3311.4838,3373.9077,20200108,401782.0,254357.0
3336.2104,3354.1749,3228.4134,3236.0815,20200109,392607.0,239463.0
3252.1205,3283.2038,3236.264,3279.4736,20200110,173229.0,242622.0
3286.5318,3328.6299,3256.4432,3306.6908,20200113,278960.0,248200.0
3296.9485,3310.8385,3237.7936,3261.0416,20200114,234002.0,239882.0
3271.0761,3280.6017,3138.4924,3146.0887,20200115,432837.0,234179.0
3162.9581,3178.9254,3151.0604,3162.6702,20200116,176770.0,219253.0
3162.8043,3182.6225,3121.9434,3129.8447,20200117,281582.0,229174.0
3132.4128,3181.2529,3129.8898,3171.3093,20200120,184200.0,214783.0
3168.8623,3175.1334,3123.6565,3154.929,20200121,188807.0,214395.0
3143.3805,3174.3854,3101.4513,3144.8487,20200122,239315.0,204874.0
3123.5525,3146.3129,3027.3378,3049.5972,20200123,238540.0,193294.0
2805.3538,2871.5892,2801.2488,2802.9993,20200203,186779.0,201831.0
2780.9506,2884.5455,2773.6029,2849.221,20200204,227769.0,209324.0
2836.2467,2885.4772,2826.8405,2864.7237,20200205,209482.0,236006.0
2881.0789,2959.1758,2873.1498,2949.7908,20200206,276255.0,247479.0
2938.1111,2969.3987,2911.8871,2965.3714,20200207,208521.0,262388.0
2929.643,2967.8882,2920.0879,2948.6124,20200210,211011.0,270908.0
2933.1866,3018.6035,2931.4798,2986.4313,20200211,398883.0,303212.0
2986.1094,3019.6038,2958.9727,2992.0245,20200212,358633.0,318021.0
3000.361,3025.502,2976.3271,2989.0096,20200213,282301.0,330558.0
3002.4002,3002.4572,2939.8176,2991.3371,20200214,347390.0,352666.0
2997.7504,3003.8163,2970.0014,2994.1282,20200217,268390.0,357899.0
2986.5394,3007.6727,2972.3635,2976.7506,20200218,210633.0,363497.0
3028.9043,3089.5436,3012.8119,3071.0716,20200219,513013.0,370576.0
3092.4606,3131.0972,3072.9848,3105.2538,20200220,350546.0,368385.0
3101.6936,3110.1389,3078.2596,3092.0847,20200221,204172.0,371834.0
3046.6218,3071.8773,3031.2175,3049.0047,20200224,295928.0,371637.0
3031.6155,3101.0018,3009.4402,3093.4819,20200225,428115.0,410671.0
3055.5885,3058.9127,2956.9905,2965.9637,20200226,619570.0,423280.0
2927.2626,2927.2626,2844.3327,2862.2992,20200227,555547.0,409268.0
2808.1092,2828.8872,2732.3639,2749.276,20200228,706900.0,410730.0
2749.5301,2907.4094,2742.6664,2871.8624,20200302,707701.0,410788.0
2953.4127,2988.6232,2876.5107,2917.3507,20200303,624913.0,393840.0
2918.1643,2939.2923,2892.0636,2918.7367,20200304,391031.0,403683.0
2911.7787,2935.3487,2895.6777,2915.7057,20200305,359127.0,424930.0
2871.7304,2875.0074,2817.4349,2838.1616,20200306,530134.0,437312.0
2643.1763,2643.2234,2642.8114,2642.8839,20200309,17902.0,431126.0
2378.0256,2467.7611,2377.7562,2386.0437,20200310,931316.0,469865.0
2423.8591,2464.6634,2276.6444,2293.2553,20200311,1576921.0,589731.0
2258.7159,2293.0505,2206.1004,2207.7491,20200312,1191429.0,617552.0
2169.4002,2212.4376,2026.7233,2158.7977,20200313,2057728.0,581878.0
2092.6461,2172.0664,2068.7606,2084.3406,20200316,1462566.0,596821.0
2080.8963,2123.6823,2043.9199,2084.4236,20200317,1267901.0,591881.0
2007.4783,2061.717,1949.9534,1953.5275,20200318,1198336.0,589749.0
1883.9811,1938.7184,1815.3374,1859.0928,20200319,1317260.0,577231.0
1962.7558,1996.4999,1904.5695,1982.9603,20200320,1652692.0,566345.0
1826.6016,1929.8505,1824.8979,1928.2738,20200323,1435501.0,602396.0
1981.8106,2029.4151,1944.0048,2026.6063,20200324,1300862.0,596131.0
2030.0372,2084.7777,2028.6758,2040.4257,20200325,1234628.0,642328.0
2034.9357,2034.9364,1919.1568,1929.273,20200326,1604297.0,739887.0
1929.8782,1961.9537,1888.0759,1929.3451,20200327,1634207.0,749267.0
1866.5455,1874.2133,1821.268,1844.1129,20200330,1408241.0,780357.0
1862.7054,1955.5149,1862.7054,1923.3227,20200331,1555951.0,788682.0
1911.4972,1952.6945,1896.7076,1938.6254,20200401,1206159.0,762877.0
1930.6623,2114.8987,1929.7951,2089.1118,20200402,2129063.0,761033.0
2142.5096,2149.3457,2032.263,2112.9477,20200403,2284283.0,781981.0
2170.8437,2241.9143,2168.619,2221.6677,20200407,1495575.0,776112.0
2177.5566,2230.7396,2164.5098,2197.9469,20200408,1350906.0,797738.0
2241.311,2256.0443,2222.668,2251.0992,20200409,982290.0,808157.0
2172.3947,2234.3201,2138.4419,2234.3201,20200410,1039912.0,803387.0
2265.2976,2312.8676,2218.6769,2238.1704,20200413,1622582.0,757456.0
2242.8586,2254.6078,2183.4744,2245.4326,20200414,1396335.0,787072.0
2192.8874,2305.9595,2183.4988,2270.8236,20200415,1726660.0,807604.0
2274.2046,2328.2311,2216.3027,2244.3674,20200416,2106571.0,806350.0
2279.5788,2303.6595,2213.4674,2240.3563,20200417,1710368.0,816841.0
2184.3265,2229.9828,2168.8074,2223.3855,20200420,1311448.0,812289.0
2169.1105,2212.3124,2013.7906,2051.4375,20200421,2768659.0,809701.0
1935.7965,1981.4426,1915.3977,1951.3071,20200422,2153782.0,805334.0
2007.9427,2144.2702,2007.92,2144.036,20200423,2109923.0,788806.0
2162.84,2209.2075,2114.7954,2161.0126,20200424,2332787.0,706190.0
2132.3748,2196.7798,2110.6773,2142.7427,20200427,2418523.0,710194.0
2116.6196,2134.3388,2038.2669,2113.9908,20200428,2417644.0,694822.0
2157.164,2201.6647,2142.0477,2185.6411,20200429,1739206.0,649383.0
2236.6693,2258.2792,2211.0423,2212.6614,20200430,1290506.0,626352.0
2365.6626,2376.0413,2256.5235,2271.0061,20200506,1030406.0,619271.0
2240.6038,2276.655,2227.6325,2250.4626,20200507,853026.0,637522.0
2305.2793,2305.5258,2222.1823,2261.2667,20200508,1068846.0,631085.0
2250.6681,2265.6302,2214.6305,2230.0901,20200511,830074.0,642551.0
2238.3807,2241.7611,2176.2785,2190.335,20200512,723194.0,656745.0
2212.0681,2260.352,2143.1192,2257.3447,20200513,1259593.0,660224.0
2265.5017,2268.959,2221.7167,2242.1892,20200514,971688.0,646933.0
2245.4454,2297.3761,2237.0403,2276.8503,20200515,973059.0,642154.0
2279.66,2289.4598,2227.0326,2276.03,20200518,1108897.0,641128.0
2293.9533,2344.5987,2286.822,2313.4106,20200519,1159290.0,638267.0
2327.4963,2393.4731,2308.217,2380.9955,20200520,1047248.0,641914.0
2395.9927,2430.6923,2383.8462,2412.561,20200521,857207.0,639006.0
2415.7376,2421.7366,2325.2152,2337.0122,20200522,1024181.0,597429.0
2351.3328,2470.4741,2341.3371,2455.1338,20200525,1176818.0,627995.0
2465.1881,2523.8745,2453.6516,2517.7395,20200526,1112143.0,653104.0
2523.0833,2536.0699,2480.8153,2508.1767,20200527,947269.0,643662.0
2507.3225,2511.1206,2462.9866,2491.3324,20200528,751981.0,600397.0
2502.4834,2559.6431,2496.4074,2529.1398,20200529,890485.0,598535.0
2527.8328,2637.2985,2514.9911,2633.6799,20200601,806810.0,613881.0
2625.2155,2650.291,2601.6135,2623.88,20200602,663198.0,593373.0
2630.7839,2665.6487,2608.0739,2634.5261,20200603,735996.0,603255.0
2610.8492,2659.623,2586.6505,2598.779,20200604,832480.0,585806.0
2605.9164,2628.6624,2585.4598,2619.9172,20200605,552501.0,579567.0
2665.1388,2671.5706,2615.7319,2641.9195,20200608,768819.0,585197.0
2622.2254,2641.6581,2590.8582,2596.2658,20200609,604175.0,590558.0
2583.0754,2621.5263,2573.2256,2600.8615,20200610,472874.0,579539.0
2607.3984,2609.4011,2529.5039,2544.8866,20200611,862753.0,589913.0
2512.1326,2526.3472,2450.5529,2513.7776,20200612,884188.0,560717.0
2539.389,2545.3513,2468.0961,2506.1333,20200615,693507.0,546406.0
2514.7439,2613.2439,2501.9073,2609.9969,20200616,719757.0,539168.0
2624.8067,2640.8157,2583.5596,2609.5721,20200617,594435.0,527123.0
2608.7737,2620.6467,2588.7896,2605.1004,20200618,376975.0,513665.0
2618.9892,2631.9698,2589.8809,2623.0569,20200619,437111.0,510685.0
2635.3664,2639.0823,2601.8992,2608.7139,20200622,434883.0,500076.0
2602.7889,2658.434,2596.8864,2618.4761,20200623,577311.0,492706.0
2627.7838,2635.4479,2574.3836,2624.0485,20200624,469347.0,470885.0
2583.9609,2616.1161,2545.7926,2600.5341,20200629,578470.0,495766.0
2619.1695,2704.4767,2616.1745,2680.2659,20200630,879361.0,532960.0
2677.3922,2778.0268,2667.8155,2767.6398,20200701,755494.0,587633.0
2762.4716,2792.105,2754.1915,2776.4085,20200702,627351.0,566110.0
2782.2424,2860.1327,2777.1899,2830.5322,20200703,885778.0,582985.0
2827.9539,2884.6317,2801.7293,2880.9505,20200706,675261.0,582869.0
2879.8495,2883.8226,2818.0039,2843.4094,20200707,550821.0,563563.0
2846.4953,2865.0233,2801.7485,2835.1538,20200708,627032.0,539279.0
2839.5838,2871.4338,2813.0505,2859.555,20200709,609432.0,548933.0
2864.0324,2905.1035,2758.1478,2776.8391,20200710,957758.0,519259.0
2798.8847,2851.0198,2791.2849,2836.5031,20200713,558338.0,501747.0
2835.8497,2856.3614,2763.084,2794.86,20200714,734230.0,511569.0
2784.9303,2872.0108,2782.7135,2846.8284,20200715,649952.0,506487.0
2848.582,2860.6634,2783.9196,2804.7054,20200716,628596.0,496262.0
2803.0819,2812.6027,2756.8656,2788.4027,20200717,712920.0,521953.0
2785.9815,2808.0515,2721.4724,2772.773,20200720,825883.0,524540.0
2772.7228,2873.5921,2753.4115,2852.0824,20200721,879279.0,543878.0
2891.3886,2921.1356,2858.1212,2866.7867,20200722,765559.0,560419.0
2856.1054,2883.7601,2841.7913,2879.8748,20200723,509799.0,551599.0
2858.7185,2900.5238,2775.2184,2821.7432,20200724,900064.0,543639.0
2830.4054,2843.9924,2791.193,2821.7051,20200727,584312.0,551678.0
2830.1539,2897.8643,2783.8491,2796.5082,20200728,1014708.0,591953.0
2796.181,2878.0386,2790.1954,2843.0185,20200729,736821.0,573719.0
2847.8947,2882.2149,2842.2924,2849.9854,20200730,596299.0,600586.0
2843.1747,2850.6386,2762.5269,2839.9678,20200731,1013560.0,598526.0
2840.0469,2854.4714,2788.159,2794.3516,20200803,671051.0,634676.0
2815.4738,2824.9551,2799.9978,2817.5882,20200804,391043.0,624431.0
2801.6317,2860.8233,2792.0851,2804.6604,20200805,826983.0,638375.0
2846.1862,2850.4482,2765.723,2810.737,20200806,936629.0,641324.0
2816.239,2832.5219,2780.4882,2787.4768,20200807,583520.0,641352.0
2790.5492,2797.102,2737.5736,2771.6956,20200810,810094.0,661582.0
2774.7132,2783.7995,2675.2004,2678.4827,20200811,769719.0,728866.0
2692.9697,2715.1543,2622.7393,2684.6782,20200812,1013100.0,683907.0
2691.4036,2702.6378,2657.3224,2663.8918,20200813,492357.0,687595.0
2666.149,2681.9766,2648.5859,2664.2793,20200814,519247.0,696606.0
2662.4368,2701.8393,2635.5403,2687.8653,20200817,559114.0,688244.0
2678.9626,2692.3195,2655.8558,2673.4919,20200818,440019.0,691810.0
2675.9704,2708.5043,2664.2914,2667.7544,20200819,540742.0,702472.0
2668.0875,2695.4879,2620.6245,2692.8288,20200820,754269.0,672626.0
2694.7938,2737.7225,2674.9211,2702.8925,20200821,753694.0,662095.0
2692.7617,2698.2294,2667.6552,2672.8513,20200824,560362.0,686334.0
2680.5239,2684.3825,2653.1826,2683.3312,20200825,543571.0,687772.0
2693.4187,2705.908,2675.0474,2700.329,20200826,458160.0,675960.0
2695.0384,2727.2221,2681.7165,2700.8357,20200827,542018.0,673412.0
2698.9967,2710.2385,2671.743,2683.2969,20200828,480739.0,686314.0
2687.6979,2731.5757,2681.607,2717.1599,20200831,569885.0,673884.0
2717.2447,2759.9874,2692.2459,2736.4401,20200901,677952.0,692206.0
2726.4895,2750.9693,2726.1592,2742.8433,20200902,420415.0,699679.0
2737.8556,2738.9114,2638.0891,2642.2039,20200903,1040411.0,770075.0
2636.3984,2658.958,2574.1751,2591.4868,20200904,1090855.0,813707.0
2598.4208,2605.1974,2519.8611,2559.5001,20200907,967411.0,810612.0
2558.145,2580.3461,2545.1401,2558.5859,20200908,544297.0,803564.0
2514.5357,2518.8462,2424.4102,2437.3258,20200909,1316297.0,785800.0
2457.4724,2489.9385,2453.5755,2463.4711,20200910,727059.0,780530.0
2453.2288,2478.3508,2433.6638,2445.1784,20200911,648589.0,788540.0
2434.8991,2478.008,2418.5906,2469.0454,20200914,656679.0,758755.0
2460.2933,2473.4584,2411.5326,2425.0242,20200915,872043.0,805430.0
2441.2692,2456.9259,2384.6262,2456.9259,20200916,1041196.0,801270.0
2452.252,2482.3398,2422.1041,2437.6861,20200917,859176.0,810825.0
2451.965,2461.3744,2425.5711,2442.1877,20200918,804031.0,851272.0
2432.7646,2478.436,2418.0495,2430.7184,20200921,1047655.0,846943.0
2420.4905,2420.4905,2300.1568,2365.3543,20200922,1445466.0,825266.0
2375.3944,2377.2943,2303.7207,2368.4107,20200923,975965.0,798042.0
2369.6902,2371.5411,2308.751,2317.5493,20200924,833467.0,806437.0
2318.7418,2359.0239,2285.3257,2336.494,20200925,974714.0,779701.0
2328.5962,2352.1403,2315.2855,2344.2456,20200928,556384.0,756818.0
2351.639,2370.1745,2317.7265,2348.119,20200929,527540.0,722682.0
2346.6735,2361.8438,2332.0184,2361.6684,20200930,608370.0,669522.0
2401.4685,2423.2568,2369.5277,2374.9114,20201009,367470.0,690188.0
2377.7294,2402.4891,2354.6567,2360.2998,20201012,654836.0,760592.0
2363.8121,2367.6409,2329.9559,2352.5429,20201013,684476.0,804955.0
2363.6286,2375.5652,2322.8105,2368.2393,20201014,810502.0,800456.0
2381.1007,2420.6527,2376.2758,2404.4288,20201015,948669.0,784944.0
2372.3348,2463.6116,2358.5945,2454.1952,20201016,1136400.0,775191.0
2452.0338,2471.9017,2436.6236,2458.0322,20201019,736102.0,761511.0
2456.0067,2472.1816,2435.884,2462.4583,20201020,698124.0,755496.0
2463.1354,2504.7453,2450.713,2481.0637,20201021,927963.0,766571.0
2479.666,2486.0645,2408.5142,2442.2822,20201022,921721.0,757605.0
2445.7415,2469.3094,2438.6153,2448.7021,20201023,613041.0,737373.0
2460.7876,2464.0994,2408.4828,2450.0446,20201026,876628.0,709034.0
2444.3549,2460.0905,2419.0727,2454.0838,20201027,629913.0,711908.0
2448.9302,2462.6539,2371.3498,2413.0835,20201028,1155027.0,710572.0
2388.5614,2389.6152,2327.384,2329.5227,20201029,1150906.0,754572.0
2276.5958,2323.6904,2226.5853,2252.7675,20201030,1601810.0,748348.0
2264.8558,2286.6272,2214.6985,2233.5243,20201102,975082.0,754085.0
2236.2996,2285.7394,2236.0886,2268.0305,20201103,634141.0,751428.0
2289.4241,2292.2498,2251.4828,2275.9832,20201104,623285.0,746792.0
2287.6067,2288.3761,2236.8073,2242.1959,20201105,628112.0,774832.0
2251.2662,2256.8501,2159.3143,2176.4949,20201106,1024639.0,831349.0
2180.7628,2234.3709,2175.6605,2212.3909,20201109,688837.0,795097.0
2260.5699,2316.488,2250.7955,2298.1878,20201110,1031093.0,737980.0
2306.3016,2320.3018,2295.2742,2311.6528,20201111,599403.0,726872.0
2317.9928,2343.9977,2307.5683,2331.3011,20201112,660140.0,715347.0
2327.4943,2339.8524,2306.6678,2317.9812,20201113,534807.0,710732.0
2319.7823,2390.995,2309.5492,2384.2335,20201116,734153.0,692167.0
2402.4212,2414.2279,2338.4982,2349.9409,20201117,635642.0,706194.0
2344.706,2345.689,2289.009,2334.276,20201118,711052.0,702721.0
2348.3324,2356.0521,2305.0785,2329.3936,20201119,657397.0,714233.0
2328.8474,2345.1778,2303.0957,2311.0432,20201120,678377.0,719097.0
2314.937,2399.4753,2306.8165,2399.0136,20201123,776232.0,713188.0
2401.5067,2479.744,2392.5221,2473.187,20201124,970544.0,720032.0
2470.7102,2570.73,2467.8062,2523.2306,20201125,1377524.0,669145.0
2522.505,2544.8739,2503.3057,2513.7276,20201126,730051.0,673051.0
2498.5649,2579.2642,2487.0859,2553.726,20201127,852878.0,698427.0
2559.2282,2575.6779,2517.5965,2522.5183,20201130,761281.0,669663.0
2532.7297,2572.8821,2511.554,2554.9013,20201201,764922.0,666815.0
2560.1333,2565.7065,2498.687,2551.4193,20201202,857535.0,669975.0
2552.605,2663.6228,2546.1203,2623.1736,20201203,1162983.0,737826.0
2619.4762,2652.8645,2546.3484,2622.1053,20201204,1135009.0,712520.0
2615.888,2682.8206,2593.9702,2661.3492,20201207,875189.0,718043.0
2651.4717,2660.5833,2602.4316,2604.7528,20201208,721323.0,709825.0
2611.1689,2658.9757,2589.4822,2638.7059,20201209,835264.0,680433.0
2642.819,2704.7232,2619.9795,2627.3085,20201210,1071835.0,688656.0
2648.9512,2699.4099,2609.7868,2636.0615,20201211,1122587.0,682215.0
2639.1993,2750.4654,2630.9479,2743.2538,20201214,1185501.0,733259.0
2737.2182,2774.2964,2712.6938,2725.6818,20201215,730175.0,714567.0
2740.2695,2751.7336,2721.0819,2730.7186,20201216,578030.0,700413.0
2730.3683,2760.7972,2695.9599,2753.1881,20201217,913998.0,691724.0
2747.908,2770.2839,2713.8466,2720.5396,20201218,899795.0,725414.0
2724.1184,2745.2566,2597.4048,2624.4636,20201221,1304163.0,717292.0
2623.8917,2633.076,2543.9572,2546.5076,20201222,1033418.0,701396.0
2571.4457,2574.7423,2466.0882,2537.4498,20201223,1085212.0,669889.0
2547.6036,2600.6624,2541.9519,2600.025,20201224,720839.0,633368.0
2582.6003,2613.9651,2574.5416,2605.497,20201225,469995.0,607609.0
2608.8117,2645.8338,2570.4125,2611.5631,20201228,834726.0,591569.0
2626.6132,2639.1017,2575.286,2591.3617,20201229,739433.0,595117.0
2596.2041,2610.0896,2548.6406,2555.5922,20201230,949800.0,620019.0
2560.6392,2569.4803,2518.134,2520.4108,20201231,845146.0,661666.0
2521.8358,2604.6371,2483.8838,2599.0708,20210104,621994.0,655337.0
2576.9039,2596.6085,2529.0006,2535.0794,20210105,683769.0,698055.0
2552.9456,2628.5139,2537.0871,2616.042,20210106,762279.0,668967.0
2601.5444,2687.9535,2596.6688,2676.2911,20210107,726760.0,656331.0
2664.9468,2715.8505,2645.5241,2702.3026,20210108,697210.0,660724.0
2703.3672,2733.477,2571.2676,2571.2676,20210111,976191.0,657023.0
2585.4574,2634.0438,2522.6945,2622.1926,20210112,798811.0,651172.0
2634.5593,2671.6833,2607.9062,2669.0902,20210113,593698.0,652869.0
2657.4617,2683.1395,2608.9934,2673.3099,20210114,690465.0,645446.0
2666.4962,2722.1466,2645.9854,2704.2466,20210115,711742.0,644759.0
2705.9999,2720.726,2643.2576,2708.1519,20210118,716211.0,622156.0
2703.7876,2735.6807,2670.3263,2708.9472,20210119,589094.0,625431.0
2713.3766,2763.8748,2698.3411,2712.4893,20210120,698398.0,638065.0
2713.6492,2730.7021,2689.3825,2714.4884,20210121,509025.0,636995.0
2713.0784,2729.2888,2644.6088,2663.7103,20210122,667218.0,628833.0
2646.8913,2689.3793,2620.6732,2662.7037,20210125,537066.0,624982.0
2662.5662,2673.7063,2634.9675,2651.7148,20210126,480051.0,604764.0
2670.8055,2734.8021,2652.8876,2731.4688,20210127,599973.0,614093.0
2723.387,2734.7262,2700.919,2719.8781,20210128,458537.0,591542.0
2724.5312,2766.5338,2703.0833,2727.6538,20210129,694035.0,583672.0
2737.3101,2786.9024,2711.1076,2763.2327,20210201,657628.0,594293.0
2762.5562,2807.3206,2754.9195,2798.3725,20210202,611174.0,611178.0
2809.6335,2826.3509,2778.7928,2794.2533,20210203,525662.0,592952.0
2797.5478,2846.8773,2796.462,2843.9065,20210204,491368.0,605116.0
2839.3558,2867.2659,2827.1963,2862.0531,20210205,375987.0,596987.0
2869.5869,2923.0623,2852.9492,2887.0957,20210208,521816.0,581922.0
2891.1648,2966.978,2887.2713,2943.2152,20210209,461108.0,555050.0
2932.4825,2935.8952,2884.6132,2898.747,20210210,373903.0,519290.0
3012.4605,3065.6098,3009.3898,3054.4607,20210218,283732.0,540060.0
3050.9431,3085.4767,2962.1094,3006.7743,20210219,565981.0,542253.0
3000.5395,3065.8748,2992.0591,3049.4824,20210222,496412.0,555721.0
3043.982,3185.8027,3034.163,3142.1962,20210223,749937.0,573274.0
3134.4366,3175.5534,3112.9351,3168.8347,20210224,590175.0,551268.0
3193.7091,3332.7596,3190.0041,3318.2338,20210225,645829.0,529810.0
3317.6111,3331.2734,3224.0485,3244.4463,20210226,673632.0,480245.0
3233.5952,3280.6275,3134.4677,3161.1542,20210301,671956.0,449454.0
3157.1494,3164.4675,3036.2501,3057.3875,20210302,576004.0,435995.0
3082.5163,3126.1193,3030.0525,3055.9695,20210303,539765.0,443123.0
3068.0766,3113.9297,3056.1484,3080.207,20210304,479551.0,442130.0
3079.7003,3226.887,3049.6519,3221.225,20210305,788291.0,453567.0
3228.0871,3367.7634,3228.0871,3308.0008,20210308,613386.0,454953.0
3284.8028,3284.8028,3160.0975,3161.6786,20210309,572228.0,441278.0
3190.7142,3196.6829,3059.603,3084.423,20210310,567789.0,432856.0
3108.1933,3136.1928,3085.5525,3131.4036,20210311,464529.0,433760.0
3137.312,3166.9896,3096.1789,3124.7396,20210312,427960.0,436153.0
3128.9316,3198.4783,3107.78,3136.9125,20210315,530255.0,435393.0
3104.3749,3104.3749,3011.8688,3028.2158,20210316,558993.0,452303.0
3027.5162,3090.6896,2998.8181,3071.9415,20210317,485086.0,445861.0
3031.0018,3062.6958,3015.489,3045.6561,20210318,418961.0,447700.0
3027.6932,3036.5784,2795.0791,2827.3855,20210319,983716.0,495845.0
2829.6601,2870.3089,2806.5675,2859.3963,20210322,566645.0,506028.0
2859.1299,2872.5907,2813.6002,2859.2024,20210323,470161.0,524220.0
2803.4431,2845.5353,2767.4546,2833.8433,20210324,718586.0,529427.0
2839.9116,2859.2228,2794.2797,2805.7444,20210325,505699.0,527772.0
2789.989,2877.167,2779.4664,2849.6863,20210326,635630.0,509388.0
2853.8427,2903.5391,2817.3619,2840.0327,20210329,601138.0,497949.0
2872.6023,2904.551,2854.1358,2881.6972,20210330,498377.0,485790.0
2864.5539,2884.8149,2837.6938,2847.1391,20210331,442176.0,492147.0
2831.8422,2875.0212,2783.9257,2873.5207,20210401,667717.0,505170.0
2874.8396,2966.3945,2867.6644,2955.3747,20210402,711544.0,471002.0
2906.5388,2929.7505,2876.3047,2880.1783,20210406,487911.0,492609.0
2883.2331,2921.1411,2844.0604,2846.2967,20210407,660765.0,526995.0
2849.8796,2852.1002,2791.9753,2801.0833,20210408,645786.0,585100.0
2803.4678,2833.2973,2770.2008,2814.2977,20210409,602353.0,593830.0
2809.0655,2830.5754,2734.4267,2748.0279,20210412,839286.0,629302.0
2769.0833,2819.2036,2765.8588,2802.768,20210413,609543.0,599227.0
2813.0148,2911.6154,2813.0148,2910.1836,20210414,758356.0,540701.0
2913.8243,2998.4347,2905.2374,2965.5821,20210415,805917.0,505085.0
2965.7409,3023.9817,2948.2562,3020.4282,20210416,615197.0,497991.0
3015.1406,3032.0666,2964.395,2997.6368,20210419,570638.0,490221.0
2998.7477,3011.3965,2980.64,3000.8645,20210420,449786.0,486003.0
2993.9753,3001.2792,2923.9362,2963.7055,20210421,541917.0,483770.0
2925.9131,2970.2071,2870.4862,2884.7937,20210422,749886.0,484266.0
2887.303,2922.4994,2880.7406,2900.1005,20210423,518110.0,484481.0
2891.2308,2951.3894,2867.4095,2875.0814,20210426,704262.0,490991.0
2857.1437,2932.9518,2848.622,2926.3511,20210427,555015.0,488580.0
2934.3236,2971.0264,2916.548,2959.4545,20210428,673132.0,479686.0
2963.8576,2999.2904,2952.3353,2984.8676,20210429,550902.0,476206.0
3014.0044,3040.496,2982.348,3026.7611,20210430,697355.0,470649.0
3059.1146,3097.5413,3040.3998,3083.9481,20210506,371569.0,488821.0
3082.0051,3108.7943,3062.3002,3088.0415,20210507,471491.0,488326.0
3072.6044,3145.8256,3065.8475,3104.4808,20210510,760308.0,510560.0
3097.2504,3109.7866,3013.5941,3056.4726,20210511,606866.0,488167.0
3053.3144,3167.4292,3044.4277,3167.3647,20210512,605911.0,510188.0
3172.4988,3193.5044,3098.4884,3119.6406,20210513,631769.0,497090.0
3110.3881,3110.3881,2941.7775,2988.0549,20210514,814697.0,457230.0
3239.9429,3267.0563,3130.7778,3267.0563,20210517,1139356.0,468003.0
3317.3811,3372.9643,3255.6321,3301.7501,20210518,1011894.0,463985.0
3298.4325,3303.3569,3229.4466,3249.8422,20210519,626761.0,460257.0
3214.7089,3226.6625,3162.2116,3197.6406,20210520,658765.0,443457.0
3187.9781,3195.4491,3131.0673,3150.5074,20210521,637388.0,439334.0
3174.2781,3233.5349,3157.6266,3193.6806,20210524,608454.0,436814.0
3197.558,3271.6737,3177.6802,3258.1591,20210525,527605.0,454043.0
3248.1844,3265.8441,3216.2751,3250.2139,20210526,432933.0,448326.0
3223.2857,3223.3252,3094.025,3095.6172,20210527,827206.0,427739.0
3103.0894,3188.6195,3081.0589,3133.3054,20210528,570957.0,421324.0
3148.9644,3166.8024,3106.9703,3156.1926,20210531,448420.0,407019.0
3167.6724,3270.3347,3160.2782,3268.4132,20210601,499404.0,423039.0
3277.1115,3314.1046,3246.1761,3263.2053,20210602,513327.0,419727.0
3278.4296,3327.2035,3267.2002,3305.4813,20210603,423313.0,433286.0
3294.5643,3303.5962,3238.7133,3291.6749,20210604,478697.0,441077.0
3308.4605,3324.0528,3216.098,3216.2964,20210607,547396.0,432851.0
3216.9454,3233.6717,3155.7857,3166.9562,20210608,464889.0,447287.0
3162.0658,3226.3674,3160.8649,3207.5488,20210609,402062.0,459896.0
3202.6932,3210.7123,3103.9704,3124.2914,20210610,541125.0,504792.0
3139.1659,3255.8446,3126.9016,3244.0956,20210611,556295.0,458868.0
3251.3031,3324.1025,3251.0495,3298.1002,20210615,454567.0,454130.0
3319.2429,3365.8558,3301.1782,3353.6576,20210616,500748.0,461143.0
3352.9886,3360.4112,3307.9758,3352.9757,20210617,454009.0,472390.0
3342.2075,3383.5065,3241.6354,3266.8936,20210618,667973.0,454814.0
3257.9446,3310.1977,3239.1896,3261.9173,20210621,502430.0,450533.0
3244.3674,3348.0046,3221.8604,3341.0936,20210622,494265.0,470639.0
3332.5543,3466.1753,3329.4093,3424.5538,20210623,726181.0,509050.0
3424.7467,3447.0354,3399.4961,3430.8375,20210624,458066.0,511099.0
3406.5216,3553.6456,3391.7013,3539.389,20210625,805796.0,559115.0
3550.6574,3584.0833,3502.3279,3521.471,20210628,737453.0,543885.0
3521.7947,3532.5198,3474.1041,3488.3117,20210629,515191.0,504237.0
3509.6539,3533.5668,3481.8327,3508.3454,20210630,443186.0,494079.0
3530.3569,3537.9444,3456.7698,3467.2631,20210701,581713.0,485800.0
3520.3128,3565.2075,3489.4696,3501.925,20210702,529451.0,487593.0
3507.6518,3571.4429,3483.9463,3560.0763,20210705,521188.0,507176.0
3561.4937,3627.4212,3525.4304,3595.2373,20210706,541316.0,499741.0
3570.5345,3577.8966,3410.3545,3432.9979,20210707,841228.0,471346.0
3445.1757,3455.7834,3354.3851,3378.2881,20210708,731690.0,459308.0
3386.8668,3445.6908,3372.9716,3431.683,20210709,482141.0,447217.0
3438.1256,3505.0753,3436.6102,3456.9812,20210712,499310.0,434848.0
3441.7299,3477.005,3425.0219,3459.5446,20210713,350425.0,434894.0
3445.5096,3477.5195,3423.9768,3438.6838,20210714,473295.0,447978.0
3446.4057,3447.7049,3246.8956,3253.182,20210715,1144597.0,566480.0
3250.6541,3272.7694,3224.4826,3254.0199,20210716,668584.0,572135.0
3272.5876,3292.5384,3199.9547,3280.286,20210719,724168.0,566230.0
3220.8937,3242.8748,3156.9183,3171.3675,20210720,792494.0,568662.0
3153.2286,3175.5322,3094.9298,3142.7421,20210721,734328.0,597129.0
3171.3958,3220.7309,3160.1308,3202.4837,20210722,626400.0,590546.0
3209.2876,3236.1128,3187.5227,3198.4289,20210723,590261.0,609889.0
3196.523,3211.9289,3142.1381,3143.6805,20210726,678191.0,620694.0
3158.021,3230.8435,3155.7193,3211.627,20210727,595806.0,591704.0
3211.2411,3290.384,3199.1704,3280.2037,20210728,641252.0,557638.0
3281.6854,3326.8432,3281.6854,3321.0649,20210729,518315.0,523260.0
3323.4511,3374.222,3314.5942,3320.9311,20210730,648472.0,484991.0
3325.5918,3352.659,3247.5768,3324.8685,20210802,692921.0,453859.0
3319.3679,3353.1145,3253.0031,3266.8272,20210803,624481.0,455338.0
3229.5934,3297.4034,3217.8832,3282.1702,20210804,515747.0,448276.0
3256.1326,3284.6896,3229.6745,3248.9505,20210805,597131.0,456841.0
3264.8391,3348.9631,3263.2391,3337.7885,20210806,702857.0,447651.0
3338.9868,3350.7957,3158.2845,3164.3812,20210809,935644.0,464415.0
3147.1282,3198.3908,3130.408,3187.0678,20210810,566389.0,474324.0
3180.8852,3230.4695,3174.3945,3229.7353,20210811,496918.0,451214.0
3208.6289,3252.9438,3186.3418,3235.6559,20210812,534514.0,430267.0
3229.0141,3239.0238,3189.5419,3220.4055,20210813,451021.0,437384.0
3228.9136,3246.8102,3143.5221,3158.7022,20210816,548184.0,462226.0
3135.7101,3176.3016,3115.1761,3130.5864,20210817,583893.0,495236.0
3131.1019,3154.5505,3088.4692,3149.0987,20210818,589180.0,498007.0
3155.6243,3161.0412,3035.0711,3060.4601,20210819,651510.0,508978.0
3035.4183,3053.0024,3005.3267,3019.4254,20210820,572009.0,535571.0
2982.5428,3044.5946,2962.3235,3022.0143,20210823,525641.0,537492.0
3039.6036,3100.1954,3036.7796,3069.4254,20210824,549554.0,521478.0
3076.6432,3101.6617,3030.2879,3038.0266,20210825,519855.0,529854.0
3060.9217,3075.4363,3036.2861,3038.18,20210826,419041.0,514349.0
3028.4545,3139.9837,3010.7246,3137.5594,20210827,723902.0,496550.0
3140.4036,3154.283,3105.5037,3121.2366,20210830,461915.0,483564.0
3143.5108,3147.9432,3117.5049,3129.3943,20210831,304522.0,478146.0
3110.4537,3139.9655,3076.3781,3123.0352,20210901,484754.0,490089.0
3116.8577,3170.2274,3090.1318,3162.723,20210902,631938.0,482959.0
3173.4086,3226.2801,3168.9876,3219.0643,20210903,525806.0,493145.0
3229.1813,3238.9625,3145.4497,3148.5861,20210906,425490.0,479936.0
3160.952,3186.7535,3153.5397,3175.6965,20210907,297778.0,481628.0
3156.1091,3157.2034,3097.8631,3124.5018,20210908,490609.0,480417.0
3139.5544,3231.3422,3139.5544,3228.4924,20210909,560501.0,480417.0
3210.6754,3218.2636,3165.3889,3187.3714,20210910,537160.0,466721.0
3203.7196,3239.1328,3187.8362,3204.4779,20210913,526687.0,473317.0
3215.2304,3277.3345,3196.0555,3254.6818,20210914,537848.0,473932.0
3260.3477,3273.5301,3237.3957,3265.3279,20210915,448834.0,469171.0
3290.4555,3319.6503,3259.6236,3273.7058,20210916,499701.0,462694.0
3268.7545,3268.7545,3160.4676,3160.4676,20210917,508821.0,448864.0
3167.604,3177.9531,3106.5408,3117.5666,20210922,441993.0,469986.0
3119.5894,3160.1153,3117.7307,3139.344,20210923,494675.0,484448.0
3138.0087,3255.3001,3121.5601,3247.1207,20210924,661448.0,458871.0
3239.6914,3357.0744,3220.2739,3312.6444,20210927,596382.0,451933.0
3316.2258,3387.8049,3312.4066,3378.9288,20210928,518614.0,464472.0
3375.4207,3430.3586,3304.1332,3330.1303,20210929,543319.0,429119.0
3364.5902,3366.0829,3275.3501,3332.8952,20210930,453693.0,404555.0
3440.5649,3513.8899,3408.3222,3470.295,20211008,391962.0,438175.0
3463.0786,3506.472,3412.4135,3471.6995,20211011,545293.0,442879.0
3483.2787,3483.4009,3390.6859,3434.5893,20211012,487327.0,436267.0
3435.4434,3449.4572,3317.9165,3356.682,20211013,645328.0,431659.0
3341.7473,3360.4506,3321.381,3354.4493,20211014,382630.0,434791.0
3365.2695,3385.2751,3322.2593,3337.0169,20211015,436199.0,443472.0
3342.498,3370.9626,3254.4598,3256.3295,20211018,618239.0,444935.0
3265.1523,3284.5896,3195.0066,3224.8737,20211019,471348.0,440318.0
3218.3428,3232.4312,3096.3913,3103.1379,20211020,536308.0,464235.0
3097.2108,3163.8497,3048.2399,3061.2553,20211021,593926.0,464156.0
3067.3973,3110.0145,3027.3268,3059.6367,20211022,627199.0,459973.0
3081.6083,3143.87,3064.609,3117.8422,20211025,593708.0,460489.0
3138.8609,3196.781,3126.4296,3189.1821,20211026,659574.0,467694.0
3202.7606,3224.7669,3163.4195,3195.238,20211027,647342.0,467111.0
3191.1018,3220.3593,3122.944,3209.034,20211028,929053.0,466188.0
3204.7151,3211.1264,3169.4928,3209.6222,20211029,570558.0,464594.0
3191.9288,3227.4264,3111.3303,3210.3764,20211101,661282.0,481286.0
3231.7513,3315.4609,3231.7513,3313.5113,20211102,567561.0,504492.0
3300.1345,3322.1039,3258.7518,3271.2077,20211103,521401.0,522566.0
3254.0328,3254.0328,3063.4473,3069.5492,20211104,719786.0,515652.0
3124.8424,3144.4146,2988.354,3004.1736,20211105,651337.0,544923.0
3013.0378,3112.4535,3005.7914,3044.5618,20211108,507312.0,530525.0
3032.9479,3033.1441,2934.7769,3012.9166,20211109,653651.0,539144.0
3001.4595,3068.3251,2976.6091,3062.019,20211110,477187.0,530268.0
3038.4333,3096.7007,2993.4213,3085.747,20211111,530458.0,539130.0
3066.5884,3146.0103,3050.6583,3132.0917,20211112,590069.0,547534.0
3114.7423,3191.4814,3108.8486,3173.1681,20211115,616849.0,542344.0
3158.5098,3236.3398,3151.8936,3173.8865,20211116,575233.0,538266.0
3175.3773,3178.2063,3103.8335,3133.3548,20211117,548633.0,534357.0
3138.4013,3149.005,3036.2262,3043.8774,20211118,496595.0,545827.0
3051.0917,3096.1791,3031.3771,3083.0411,20211119,392799.0,530212.0
3003.7514,3052.9129,2979.2296,3027.4265,20211122,553955.0,537462.0
3023.1759,3046.7228,2997.4688,2998.1245,20211123,489148.0,539018.0
3012.7974,3082.5815,2987.9142,3081.9816,20211124,423918.0,542864.0
3058.0448,3145.7935,3058.0448,3135.8447,20211125,443728.0,520152.0
3148.8359,3158.323,3047.998,3056.5016,20211126,450572.0,487519.0
3009.3993,3010.047,2894.7532,2923.0547,20211129,797901.0,541490.0
2935.1993,2960.4532,2853.7419,2856.5329,20211130,603014.0,545838.0
2868.7073,2919.9804,2855.2791,2895.0353,20211201,489948.0,538181.0
2913.43,2918.5697,2804.9954,2820.5394,20211202,547304.0,570547.0
2800.3372,2880.0465,2770.3679,2854.9818,20211203,649238.0,558259.0
2855.04,2879.6897,2826.7882,2834.8179,20211206,404792.0,556185.0
2848.2292,2923.2218,2831.9442,2922.2911,20211207,477153.0,563287.0
2940.8633,2952.9776,2909.5597,2919.1387,20211208,319107.0,558253.0
2926.392,2929.5813,2869.0201,2916.4327,20211209,404272.0,551041.0
2893.7432,2899.3609,2811.9197,2871.5513,20211210,599789.0,569976.0
2879.7474,2967.1463,2878.8506,2950.4047,20211213,527048.0,569326.0
2918.4321,2930.0505,2897.1397,2914.2934,20211214,380344.0,562905.0
2908.2495,2915.8642,2866.7339,2896.9148,20211215,469408.0,560887.0
2901.6121,3037.7372,2901.2827,3021.956,20211216,714239.0,576436.0
3007.5318,3093.2038,3007.5318,3081.9965,20211217,541409.0,588360.0
3068.1052,3119.4482,3031.6971,3055.1652,20211220,601406.0,584870.0
3046.5969,3128.6705,3031.407,3095.6288,20211221,617277.0,598413.0
3098.3873,3133.53,3066.0021,3102.837,20211222,529353.0,590510.0
3105.3468,3176.8734,3100.1687,3170.6781,20211223,512092.0,623419.0
3168.9137,3202.3371,3165.4814,3181.237,20211224,363091.0,606385.0
3181.2813,3197.2244,3146.1082,3166.8092,20211227,439783.0,598747.0
3169.7379,3275.0414,3163.7009,3231.5155,20211228,575259.0,635634.0
3237.5458,3280.2229,3224.0429,3275.7908,20211229,475123.0,679320.0
3265.305,3326.5387,3255.925,3295.3366,20211230,565889.0,679758.0
3280.8397,3333.5965,3253.6945,3331.1601,20211231,488663.0,678755.0
3320.5475,3341.951,3275.9376,3310.3155,20220104,305299.0,673882.0
3311.4822,3347.3374,3282.8488,3311.7146,20220105,508458.0,700777.0
3308.9057,3351.5307,3270.4081,3318.9183,20220106,599702.0,711523.0
3351.0712,3425.3511,3351.0712,3405.5235,20220107,559890.0,750604.0
3397.3397,3399.0843,3313.8416,3348.1623,20220110,544494.0,714451.0
3335.5381,3361.7774,3290.5335,3351.7217,20220111,417299.0,718715.0
3371.7477,3411.138,3327.8208,3389.4828,20220112,518821.0,748003.0
3396.4689,3427.328,3362.167,3362.167,20220113,485946.0,746158.0
3357.593,3412.8742,3326.7491,3404.872,20220114,542804.0,776534.0
3411.9894,3442.8601,3369.7056,3408.7045,20220117,540257.0,777023.0
3394.2076,3491.8192,3342.7133,3487.6018,20220118,672555.0,820904.0
3472.2595,3579.1908,3472.2595,3547.0172,20220119,583768.0,834933.0
3544.2911,3644.2414,3544.2911,3634.5819,20220120,669194.0,867310.0
3626.6678,3630.9834,3529.5955,3584.1748,20220121,591747.0,830089.0
3595.3819,3693.8784,3559.8168,3561.8967,20220124,732148.0,804182.0
3554.2124,3554.2124,3497.7852,3533.1182,20220125,513637.0,772647.0
3525.2237,3594.5814,3505.4552,3584.4841,20220126,528007.0,754813.0
3607.9219,3630.1042,3576.3682,3607.9939,20220127,426426.0,724844.0
3634.641,3692.342,3609.9387,3653.5675,20220128,435130.0,706456.0
3740.2868,3866.299,3738.9162,3826.8104,20220207,316171.0,732199.0
3807.124,3808.2591,3742.0738,3769.7314,20220208,352353.0,730059.0
3724.4952,3724.4952,3598.6647,3602.3802,20220209,531669.0,714104.0
3616.3453,3639.2018,3559.665,3612.2678,20220210,358011.0,719790.0
3627.0119,3674.196,3562.2452,3575.1365,20220211,472692.0,733225.0
3624.4089,3756.8957,3601.0884,3653.7341,20220214,548607.0,733512.0
3615.2029,3682.9378,3576.2177,3625.8669,20220215,517749.0,740230.0
3558.2013,3598.9232,3501.9383,3538.0765,20220216,585188.0,736080.0
3550.4606,3573.347,3457.986,3471.7406,20220217,511987.0,744241.0
3478.0859,3511.0111,3428.7491,3475.2408,20220218,501099.0,745808.0
3441.9782,3507.5865,3412.959,3503.9432,20220221,538380.0,753360.0
3513.4519,3705.7117,3510.9339,3680.4486,20220222,643902.0,755165.0
3658.1781,3666.0335,3617.7231,3633.7108,20220223,370979.0,746692.0
3629.1169,3655.6663,3527.5586,3557.2157,20220224,935320.0,720365.0
3631.4074,3641.5027,3457.9017,3481.4615,20220225,812054.0,724083.0
3453.9807,3539.2483,3430.1436,3473.1163,20220228,687120.0,715286.0
3444.3689,3582.6769,3372.7195,3582.6769,20220301,778540.0,709554.0
3643.1477,3725.1671,3622.1984,3724.5639,20220302,749053.0,706438.0
3722.2092,3763.199,3590.4336,3692.9802,20220303,1002458.0,686547.0
3672.021,3733.5978,3541.1225,3704.8718,20220304,1003280.0,657536.0
3732.3572,3946.2419,3709.2575,3946.2256,20220307,597939.0,700339.0
3922.0428,4240.7899,3855.3842,4238.2154,20220308,1241909.0,688076.0
4207.7575,4376.9113,4197.7447,4376.6516,20220309,682904.0,697472.0
4315.4927,4370.0757,3808.3064,3986.2986,20220310,1472491.0,582207.0
4037.6624,4178.8922,3859.8758,3950.8587,20220311,1031250.0,591499.0
3917.4298,3936.304,3773.8695,3793.5205,20220314,704382.0,581515.0
3770.5922,3772.4109,3464.018,3515.6392,20220315,1072822.0,585261.0
3511.4348,3652.5267,3465.9058,3612.9064,20220316,753003.0,575473.0
3593.2474,3650.7554,3501.9827,3550.0725,20220317,589425.0,583787.0
3648.8729,3718.8739,3608.161,3671.6571,20220318,643235.0,586567.0
3619.9935,3707.3849,3586.4262,3642.3427,20220321,497071.0,604163.0
3657.9855,3795.9545,3648.6751,3751.7362,20220322,598262.0,616488.0
3730.2568,3762.3038,3642.8207,3731.1762,20220323,607756.0,616479.0
3795.9634,3863.436,3775.8389,3830.2448,20220324,647537.0,614856.0
3854.4532,4048.5669,3844.6934,3982.2895,20220325,1053669.0,634345.0
3905.1389,4028.6552,3902.4693,3941.1611,20220328,779271.0,617358.0
3924.7176,3944.8728,3824.9663,3932.9346,20220329,753372.0,626793.0
3789.6585,3950.5161,3746.2163,3922.091,20220330,819414.0,600048.0
3926.9778,3969.5098,3782.6052,3867.4384,20220331,717924.0,586210.0
3849.6726,3931.0475,3772.8247,3788.7253,20220401,711713.0,562787.0
3820.3064,3981.4455,3798.7345,3954.1821,20220406,438488.0,615022.0
3977.1217,3978.1041,3771.723,3796.1701,20220407,739001.0,609165.0
3790.0077,3810.4277,3711.8979,3741.8896,20220408,634371.0,645966.0
3749.8693,3754.7195,3685.1535,3708.5083,20220411,473343.0,664566.0
3683.4476,3783.3675,3657.5476,3774.4407,20220412,532911.0,674678.0
3771.1101,3900.9818,3771.1101,3849.78,20220413,646223.0,628203.0
3875.2401,3888.327,3817.071,3834.7719,20220414,720372.0,624352.0
3828.3734,3911.5127,3750.4756,3874.0858,20220415,626720.0,626473.0
3867.2003,3984.8688,3825.8219,3944.8692,20220418,612605.0,649842.0
3956.134,4007.9612,3938.0263,3957.1759,20220419,520939.0,651184.0
3925.9408,3944.7854,3816.2135,3893.5195,20220420,836316.0,661704.0
3892.7117,3969.4388,3865.1919,3956.4547,20220421,636545.0,697692.0
3925.1547,4006.5433,3911.545,3953.2561,20220422,653711.0,696557.0
3956.2391,3966.0332,3794.3128,3799.2405,20220425,838873.0,684869.0
3797.2474,3997.6608,3776.0078,3968.8576,20220426,982037.0,724069.0
3959.5807,4100.7004,3959.5807,4081.7127,20220427,1010820.0,739949.0
4045.182,4189.4985,4027.7936,4186.8919,20220428,962136.0,787119.0
4173.7861,4208.3415,4129.4382,4180.8907,20220429,826257.0,784917.0
4242.0701,4343.6048,4215.87,4287.8782,20220505,522932.0,812092.0
4308.1251,4340.1285,4228.8708,4262.7155,20220506,807970.0,836748.0
4272.8612,4336.7307,4172.072,4288.0205,20220509,1154406.0,849145.0
4245.6709,4265.1979,4044.6708,4106.1874,20220510,1163996.0,790357.0
4122.2315,4239.6233,4057.7595,4211.7812,20220511,898575.0,856639.0
4205.0884,4312.7942,4194.2325,4214.824,20220512,947962.0,851267.0
4216.9184,4297.4084,4175.0497,4236.6429,20220513,771171.0,867022.0
4269.3648,4279.1634,4150.1983,4208.952,20220516,842735.0,839059.0
4229.3984,4316.155,4195.3993,4305.305,20220517,645642.0,909777.0
4308.8946,4359.6695,4286.3566,4288.8812,20220518,784710.0,918650.0
4313.5541,4334.4922,4200.8666,4303.4036,20220519,751169.0,911075.0
4240.5735,4340.2367,4216.8768,4308.2758,20220520,713238.0,911038.0
4302.1279,4346.2638,4294.9622,4336.711,20220523,564501.0,928985.0
4336.0709,4370.7231,4307.1306,4352.5403,20220524,734109.0,976855.0
4379.8513,4481.1317,4345.3422,4388.7735,20220525,942735.0,995012.0
4402.1545,4411.8788,4343.6744,4406.7559,20220526,538508.0,989104.0
4416.3814,4555.2977,4415.6091,4521.6575,20220527,792802.0,1049929.0
4519.3475,4640.6995,4492.1118,4583.4748,20220530,727102.0,1065252.0
4575.5692,4620.7703,4541.125,4606.9681,20220531,650003.0,1029513.0
4606.2484,4635.0331,4472.6628,4519.4438,20220601,680668.0,963441.0
4534.4984,4611.8374,4520.0188,4553.329,20220602,709622.0,982837.0
4647.7798,4700.6474,4606.5943,4674.0301,20220606,414934.0,1031676.0
4658.7368,4739.7789,4636.6493,4731.9984,20220607,530821.0,1040674.0
4715.4896,4787.3715,4699.1063,4780.1983,20220608,494329.0,1041716.0
4781.616,4824.6795,4730.2242,4754.2407,20220609,645748.0,1019318.0
4747.4748,4794.8863,4699.7211,4781.239,20220610,636419.0,999830.0
4775.825,4803.2219,4679.062,4721.371,20220613,577483.0,976519.0
4736.5898,4805.1757,4712.5746,4794.4309,20220614,708179.0,998003.0
4802.6323,4814.5063,4610.4972,4616.753,20220615,980892.0,935072.0
4626.4882,4643.6177,4589.8762,4603.6591,20220616,560537.0,915370.0
4593.5637,4593.5637,4451.1389,4560.0284,20220617,962883.0,901302.0
4547.1606,4566.9369,4284.8932,4336.1799,20220620,1106580.0,823323.0
4348.7418,4482.003,4255.5409,4406.2792,20220621,804004.0,833307.0
4420.1113,4462.4751,4264.2125,4269.042,20220622,787486.0,827878.0
4251.7284,4323.5322,4197.2546,4318.3565,20220623,795848.0,837962.0
4321.9636,4382.818,4236.5159,4256.6229,20220624,724969.0,823188.0
4301.4137,4445.3123,4263.0897,4399.4988,20220627,880773.0,860163.0
4406.1522,4511.5787,4384.5837,4497.8,20220628,683111.0,881432.0
4492.3443,4534.7506,4445.7827,4481.1604,20220629,695415.0,872931.0
4533.4034,4569.9142,4456.9422,4500.1911,20220630,732979.0,904197.0
4506.3377,4506.613,4322.6858,4339.3359,20220701,790346.0,885361.0
4397.2998,4409.6505,4281.1146,4357.1666,20220704,734251.0,923522.0
4386.3127,4409.9907,4308.4256,4342.9603,20220705,777926.0,931491.0
4314.2042,4314.2042,3995.4616,4071.9857,20220706,1314090.0,913161.0
4062.7216,4062.7216,3900.3943,3927.1602,20220707,1221398.0,928003.0
3973.8152,4029.2102,3951.191,3989.5955,20220708,831004.0,936719.0
3981.0122,4045.1136,3836.356,3938.6439,20220711,1058924.0,951571.0
3900.5433,3978.2446,3860.715,3876.2646,20220712,769419.0,961982.0
3825.8832,3825.8832,3646.1686,3714.3497,20220713,1089134.0,955952.0
3672.5388,3743.6078,3637.8354,3688.3024,20220714,796425.0,958314.0
3672.745,3674.4056,3496.5189,3499.0151,20220715,1049729.0,965138.0
3550.912,3851.301,3547.2661,3847.0195,20220718,1111562.0,945336.0
3777.1993,3935.5009,3777.1993,3834.0334,20220719,876533.0,933394.0
3794.9538,3862.9093,3723.4645,3770.6141,20220720,926464.0,928968.0
3765.0466,3805.1922,3726.8226,3732.1173,20220721,678425.0,932722.0
3667.3517,3782.7689,3652.1478,3740.9202,20220722,700195.0,943428.0
3699.6743,3838.7391,3699.6743,3802.7399,20220725,768904.0,964032.0
3847.7157,3957.9028,3844.0543,3949.7923,20220726,818256.0,983654.0
3944.2354,3984.8477,3894.878,3937.5768,20220727,717970.0,990614.0
3940.8989,4088.9163,3911.0059,4085.1434,20220728,755625.0,981228.0
4081.2064,4097.7857,4005.5005,4060.6747,20220729,757702.0,944882.0
4085.8122,4190.5335,4014.5561,4039.5179,20220801,826992.0,929004.0
4005.2959,4043.5039,3947.9793,4035.8611,20220802,855941.0,919795.0
4032.1611,4104.1637,3979.9258,4072.0962,20220803,698510.0,931884.0
4113.8834,4137.5931,3968.1175,3969.5228,20220804,670325.0,951840.0
3995.6486,3999.7117,3920.8995,3951.6824,20220805,646154.0,961904.0
3927.6269,4059.2686,3858.0453,4043.5506,20220808,795479.0,978902.0
3996.3587,4102.98,3986.1275,4071.3577,20220809,637098.0,989709.0
4105.1239,4133.1019,4068.1018,4085.1896,20220810,534980.0,1013897.0
4105.8402,4216.3987,4058.0973,4206.4269,20220811,708667.0,1033511.0
4228.9883,4238.7644,4185.9005,4229.5739,20220812,486606.0,1021508.0
4206.4695,4215.2387,4170.8627,4179.3002,20220815,499634.0,1001591.0
4080.6809,4155.2494,4065.7079,4109.2467,20220816,607220.0,992103.0
4113.3187,4140.7466,4060.3713,4067.7244,20220817,486655.0,999413.0
4064.9071,4124.6784,4036.0333,4081.3641,20220818,570002.0,1015124.0
4119.9274,4134.61,3908.6728,3923.3135,20220819,830376.0,981666.0
3924.3952,3952.2741,3858.8876,3888.2144,20220822,661531.0,958547.0
3902.197,4014.892,3817.7542,3930.3955,20220823,830261.0,966037.0
3938.2359,3945.4179,3830.8141,3857.5532,20220824,762535.0,950434.0
3860.5692,3970.8409,3845.4339,3942.5639,20220825,741661.0,940056.0
3931.8465,3939.0782,3788.1725,3812.2068,20220826,735310.0,940855.0
3791.4387,3891.3307,3785.4036,3834.6568,20220829,728373.0,935034.0
3844.4123,3886.127,3810.6632,3858.7933,20220830,672657.0,925982.0
3827.2073,3833.6954,3726.6513,3741.0096,20220831,725924.0,898651.0
3705.0216,3761.9373,3682.854,3708.2947,20220901,592597.0,876337.0
3692.2613,3743.041,3654.9346,3711.3065,20220902,587089.0,864032.0
3719.9765,3757.2336,3692.447,3731.4416,20220905,507724.0,855670.0
3754.094,3775.4109,3696.4335,3732.8636,20220906,543016.0,835683.0
3691.8987,3726.6892,3679.311,3718.6733,20220907,72736.0,832801.0
3641.7083,3666.1388,3590.5694,3607.5676,20220908,569239.0,804691.0
3613.7408,3680.4943,3607.2792,3659.8401,20220909,423367.0,784318.0
3720.25,3767.4397,3681.7327,3682.4219,20220913,403163.0,780907.0
3671.3559,3685.8863,3574.0189,3597.81,20220914,586875.0,801780.0
3603.5061,3635.8688,3594.1787,3608.6834,20220915,430678.0,782058.0
3587.8336,3601.6438,3524.5864,3555.9943,20220916,490227.0,783462.0
3552.33,3569.9196,3507.7288,3523.3124,20220919,454776.0,787812.0
3498.5531,3585.9176,3489.9356,3561.2652,20220920,416021.0,775374.0
3562.0494,3628.3597,3535.7412,3602.7539,20220921,467154.0,766151.0
3594.4786,3713.7869,3594.4786,3670.8643,20220922,607141.0,760121.0
3694.7347,3700.5821,3613.9408,3635.7336,20220923,396818.0,750830.0
3611.6116,3619.3647,3554.5666,3597.1092,20220926,518882.0,751501.0
3609.3616,3642.5414,3545.3594,3621.2745,20220927,572223.0,746687.0
3630.3464,3663.7609,3607.428,3652.3041,20220928,457022.0,734883.0
3684.4368,3792.0529,3675.6867,3774.9978,20220929,630234.0,754592.0
3789.96,3830.257,3776.0653,3817.1998,20220930,478267.0,739502.0
3960.811,4003.1798,3923.5276,3957.4816,20221010,426636.0,769053.0
3968.4174,3976.4906,3894.7822,3908.641,20221011,430561.0,793074.0
3895.8061,3923.6866,3871.6568,3902.0815,20221012,397284.0,809901.0
3885.953,3907.0094,3857.4722,3881.5732,20221013,485854.0,821750.0
3851.4501,3938.5589,3850.4997,3918.6747,20221014,568161.0,833492.0
3890.6499,3906.3202,3806.9224,3861.6974,20221017,679043.0,810478.0
3866.1225,3901.4787,3818.0054,3849.0856,20221018,568729.0,813882.0
3838.8045,3851.4302,3752.5662,3767.0126,20221019,781831.0,807850.0
3778.9867,3811.4304,3721.4346,3763.6407,20221020,727040.0,800493.0
3764.0782,3791.5435,3739.3952,3746.212,20221021,599955.0,814665.0
3746.8282,3838.039,3745.0248,3767.3791,20221024,670886.0,815256.0
3746.4109,3795.8965,3736.8025,3767.5092,20221025,617855.0,809826.0
3767.2954,3817.8608,3756.2634,3763.9009,20221026,606724.0,815263.0
3793.3068,3854.4267,3760.8346,3779.5774,20221027,671063.0,837047.0
3800.2145,3815.2396,3654.2444,3676.1451,20221028,775409.0,820913.0
3681.8679,3682.0005,3584.8784,3585.5548,20221031,650076.0,817249.0
3589.4503,3705.2109,3576.1095,3682.7164,20221101,648977.0,814842.0
3691.1714,3728.5974,3643.6324,3659.4405,20221102,797571.0,814177.0
3655.955,3655.955,3591.7199,3596.4276,20221103,829674.0,808545.0
3584.4012,3619.3478,3529.8102,3580.5764,20221104,893727.0,832937.0
3607.8558,3637.6966,3555.8585,3615.2104,20221107,850069.0,838104.0
3618.7667,3681.0294,3604.659,3676.4363,20221108,534954.0,849813.0
3672.4191,3683.9141,3591.1323,3611.8303,20221109,518930.0,841899.0
3584.6021,3693.9331,3580.249,3664.5206,20221110,694923.0,852113.0
3655.3763,3761.7202,3644.1817,3749.5786,20221111,697137.0,860940.0
3758.1447,3773.0605,3697.0596,3712.4192,20221114,475315.0,837934.0
3703.7603,3703.7603,3610.547,3631.1638,20221115,671004.0,805207.0
3627.3621,3666.0825,3615.4269,3618.969,20221116,428535.0,795398.0
3620.8352,3639.0988,3581.5213,3597.507,20221117,513568.0,797071.0
3588.8642,3647.1205,3575.8054,3617.0761,20221118,493807.0,780429.0
3598.2269,3604.6881,3435.8196,3444.2413,20221121,708021.0,829332.0
3447.085,3479.4679,3406.074,3440.4497,20221122,524717.0,816560.0
3457.9235,3462.9068,3409.1572,3450.2036,20221123,440853.0,810489.0
3430.6324,3489.3738,3423.006,3469.1155,20221124,553308.0,790872.0
3474.1239,3523.8811,3439.412,3503.1131,20221125,651637.0,743228.0
3516.6801,3519.2334,3368.0402,3387.0463,20221128,635479.0,744471.0
3388.9816,3463.2996,3381.6448,3437.441,20221129,567689.0,740805.0
3438.0921,3438.0921,3350.1013,3402.0643,20221130,564033.0,727723.0
3424.6874,3485.1139,296.9354,3433.5999,20221201,515233.0,715102.0
3441.4524,3555.7369,442.9691,3528.1346,20221202,738230.0,710037.0
3528.9077,3573.1113,3463.5912,3481.3575,20221205,767377.0,678907.0
3496.209,3520.9548,300.5664,3385.1741,20221206,806391.0,673771.0
3367.0926,3456.1674,67.9756,3393.8336,20221207,676550.0,686552.0
3397.5625,3410.6622,349.0136,3374.2819,20221208,772577.0,690510.0
3380.6126,3393.0026,3338.4515,3358.156,20221209,714190.0,687515.0
3360.1564,3427.3109,3352.8996,3375.161,20221212,621203.0,669423.0
3372.7678,3491.2517,3352.7664,3480.7091,20221213,766570.0,676082.0
3475.64,3506.7042,3461.6685,3484.6194,20221214,636306.0,669959.0
3498.3264,3597.9374,3486.0346,3585.6723,20221215,767521.0,686316.0
3591.5046,3644.5138,3587.3671,3631.9937,20221216,779022.0,700134.0
3618.0571,3656.2426,3567.0062,3593.4474,20221219,769110.0,694073.0
3601.5938,3645.9921,3584.4325,3624.8745,20221220,714459.0,709308.0
3627.7189,3663.0895,3608.2433,3640.3972,20221221,579262.0,717049.0
3670.071,3713.5987,3650.1706,3667.2353,20221222,446264.0,714724.0
3680.9682,3701.8993,3658.5246,3690.7438,20221223,544027.0,706948.0
3706.0792,3743.7655,3674.8154,3711.4311,20221226,448257.0,698636.0
3714.3716,3819.5927,3713.167,3790.1169,20221227,386427.0,733999.0
3782.3771,3825.096,3775.895,3821.3201,20221228,293146.0,740051.0
3828.69,3845.0554,3771.0203,3814.2699,20221229,399387.0,737441.0
3811.3369,3858.9099,3796.3377,3845.4111,20221230,344913.0,732824.0
3863.2905,3905.4619,3806.5484,3867.2082,20230103,358179.0,743920.0
3858.4474,3860.001,3749.0432,3769.6218,20230104,496449.0,726596.0
3742.0398,3761.5226,3703.2185,3740.0035,20230105,568113.0,719449.0
3753.1902,3775.7077,3707.7818,3761.7528,20230106,637957.0,719381.0
3739.6884,3766.4811,3716.7951,3732.0394,20230109,625562.0,707042.0
3759.2187,3767.002,3666.0495,3679.6674,20230110,513832.0,681273.0
3690.0033,3727.4986,3662.0406,3727.3082,20230111,422935.0,673780.0
3739.014,3832.9135,3739.014,3795.9886,20230112,543736.0,669550.0
3805.6639,3810.6474,3756.8825,3802.8096,20230113,443630.0,645902.0
3798.856,3814.8576,3757.2067,3776.4705,20230116,473329.0,635887.0
3779.7047,3785.0327,3693.2619,3764.909,20230117,526146.0,595076.0
3778.3075,3853.6771,3729.8469,3851.9909,20230118,658026.0,580444.0
