1905.0671,1913.2325,1904.2152,1911.105,20200102,235159.0,1211337.0
1912.8812,1918.8848,1909.5636,1914.5961,20200103,305682.0,1219657.0
1914.4816,1914.4816,1906.594,1909.755,20200106,244076.0,1194271.0
1911.2672,1923.6356,1910.7487,1922.0605,20200107,412858.0,1248705.0
1922.2755,1925.8967,1914.0596,1915.6516,20200108,351171.0,1235416.0
1914.3396,1920.5653,1910.5068,1918.8005,20200109,285387.0,1229565.0
1916.2004,1917.9122,1905.6135,1910.3848,20200110,420852.0,1205084.0
1911.1559,1918.6504,1907.0448,1917.8726,20200113,329466.0,1192964.0
1917.6047,1926.9025,1917.03,1918.2154,20200114,357873.0,1187550.0
1919.0758,1925.238,1917.832,1922.5337,20200115,263825.0,1188388.0
1923.167,1944.9187,1921.2155,1944.7514,20200116,585751.0,1243614.0
1944.6983,1949.3426,1938.8787,1947.388,20200117,327474.0,1241015.0
1947.8631,1949.7018,1936.8023,1944.2497,20200120,371645.0,1203748.0
1943.416,1944.081,1928.925,1930.021,20200121,355670.0,1124521.0
1930.078,1934.3879,1914.8546,1928.7306,20200122,554068.0,989641.0
1930.8591,1931.4514,1916.8026,1918.4207,20200123,303754.0,937309.0
1925.4716,1944.4933,1919.8838,1932.8471,20200203,573379.0,874078.0
1932.9443,1954.2369,1932.9388,1950.7788,20200204,648489.0,878789.0
1936.9835,1940.0083,1921.8072,1930.8732,20200205,644793.0,834869.0
1932.5173,1944.4718,1928.1011,1944.211,20200206,425380.0,872743.0
1944.1159,1956.3494,1944.1159,1950.0573,20200207,483262.0,921803.0
1946.8251,1951.2599,1933.0618,1936.7397,20200210,472506.0,879662.0
1935.6501,1939.5975,1931.6166,1933.0254,20200211,372603.0,879122.0
1934.0355,1941.3968,1931.9056,1934.9232,20200212,310142.0,901909.0
1936.054,1939.97,1933.6172,1938.1514,20200213,217519.0,896004.0
1936.2214,1938.2336,1928.3755,1932.608,20200214,374796.0,874822.0
1932.6215,1944.2483,1929.262,1943.5277,20200217,438473.0,928682.0
1941.8598,1941.88,1923.1156,1924.0758,20200218,525874.0,920780.0
1922.0417,1929.3644,1918.5115,1926.1308,20200219,378692.0,953087.0
1924.4122,1928.0567,1919.365,1921.0568,20200220,280138.0,973765.0
1920.2865,1929.7205,1917.7983,1928.8306,20200221,264160.0,990437.0
1928.5004,1934.1552,1927.2008,1930.0267,20200224,281840.0,976756.0
1930.3663,1936.8258,1926.8482,1933.3224,20200225,294602.0,976692.0
1934.3613,1935.8171,1929.5532,1931.6526,20200226,156558.0,991538.0
1932.4532,1945.3118,1931.2395,1944.7318,20200227,315964.0,1021834.0
1943.0447,1950.658,1936.0241,1937.6506,20200228,566952.0,985941.0
1943.31,1962.2903,1943.1975,1960.4052,20200302,592411.0,1015728.0
1963.6466,1967.0345,1958.2856,1959.2751,20200303,394063.0,1015929.0
1960.6092,1963.8013,1954.7796,1957.2876,20200304,278819.0,1009487.0
1958.264,1962.8563,1956.904,1961.7622,20200305,205057.0,1025597.0
1959.654,1961.9571,1953.9986,1958.6816,20200306,503257.0,991736.0
1951.2228,1960.464,1947.8014,1955.7892,20200309,457749.0,948620.0
1954.9339,1981.8106,1954.0241,1975.8758,20200310,900876.0,1043368.0
1974.8366,1997.057,1972.7213,1994.2124,20200311,931487.0,1154972.0
1993.9273,1999.3799,1973.9945,1986.539,20200312,960910.0,1111195.0
1982.7707,1993.1735,1979.6218,1988.3995,20200313,522533.0,1101289.0
1986.0214,1996.118,1977.7549,1979.6006,20200316,589409.0,1083408.0
1976.3233,1981.7434,1972.2465,1976.1527,20200317,443198.0,1004438.0
1975.2386,1984.3183,1966.8102,1968.0949,20200318,578209.0,954474.0
1968.3978,1971.9659,1963.3103,1966.8851,20200319,452299.0,913879.0
1970.4599,1982.7157,1970.4599,1981.5699,20200320,430261.0,931105.0
1984.2013,2002.377,1983.1642,1999.3894,20200323,714697.0,1009034.0
1999.2482,1999.7267,1988.9745,1995.3854,20200324,401791.0,977437.0
1996.3202,2012.1344,1995.1506,2009.3944,20200325,568434.0,1066175.0
2007.3878,2016.3384,2001.6387,2001.6387,20200326,503487.0,1064429.0
2004.3064,2019.3881,2003.9272,2018.4213,20200327,462363.0,1133834.0
2027.7104,2047.9751,2027.4244,2032.7698,20200330,854751.0,1194388.0
2033.6717,2037.9347,2025.4596,2035.295,20200331,421107.0,1168053.0
2035.7487,2043.1409,2020.321,2024.6487,20200401,629826.0,1140109.0
2024.6539,2036.5601,2012.9214,2020.6548,20200402,700430.0,1115667.0
2023.4768,2027.6643,2017.2936,2022.3332,20200403,392895.0,1106121.0
2026.9358,2027.188,2018.7773,2020.3272,20200407,353103.0,1111447.0
2021.6897,2035.9665,2017.6286,2035.5441,20200408,406495.0,1164636.0
2036.4657,2041.1973,2031.8819,2033.817,20200409,348286.0,1168917.0
2034.1925,2036.0761,2027.9428,2034.1087,20200410,323335.0,1154495.0
2034.727,2040.6765,2031.7974,2036.5633,20200413,343271.0,1150135.0
2037.3841,2047.9244,2035.2075,2043.4935,20200414,428592.0,1145723.0
2043.1019,2065.6329,2043.1019,2064.1873,20200415,592129.0,1212248.0
2065.0431,2072.2833,2057.669,2059.8938,20200416,462057.0,1170269.0
2060.0462,2064.2572,2051.7149,2059.8927,20200417,339579.0,1182866.0
2062.5669,2077.1687,2054.8287,2056.0779,20200420,672342.0,1184432.0
2056.7471,2061.8827,2047.9478,2059.1078,20200421,456391.0,1136699.0
2061.1291,2067.738,2055.579,2065.9964,20200422,390569.0,1137091.0
2064.2295,2076.4368,2062.7701,2075.706,20200423,364842.0,1182428.0
2076.6929,2084.5988,2074.2464,2076.6908,20200424,371609.0,1188148.0
2086.9129,2106.6313,2085.6516,2096.2429,20200427,613171.0,1224286.0
2096.9313,2105.6327,2089.7398,2094.3989,20200428,463583.0,1207167.0
2097.7307,2100.0392,2089.7369,2092.5156,20200429,274034.0,1176582.0
2089.9905,2090.6362,2066.5211,2072.3564,20200430,660714.0,1084513.0
2086.567,2093.1302,2081.508,2086.4727,20200506,345786.0,1088734.0
2087.8001,2091.4131,2070.9275,2073.0704,20200507,474718.0,1086384.0
2073.4655,2075.9372,2057.2471,2063.4747,20200508,621103.0,1081807.0
2062.7235,2069.2408,2047.7362,2048.0478,20200511,542561.0,1051140.0
2051.6002,2055.8459,2043.0994,2048.7948,20200512,371484.0,1035359.0
2048.5778,2062.5455,2046.1521,2052.2999,20200513,414704.0,1009472.0
2053.3858,2057.8863,2046.5733,2047.5698,20200514,351224.0,1005006.0
2047.1232,2056.7685,2031.1847,2031.5176,20200515,599694.0,951221.0
2031.7163,2055.4001,2031.3147,2053.3508,20200518,551088.0,965634.0
2053.5317,2053.8641,2043.8589,2047.6588,20200519,289713.0,974651.0
2044.4895,2044.8149,2019.6094,2039.3434,20200520,720215.0,981222.0
2034.1945,2050.5236,2026.5612,2026.7519,20200521,534616.0,975312.0
2023.4903,2034.5202,2020.9526,2030.061,20200522,373890.0,982245.0
2027.9858,2052.3908,2026.8067,2048.7824,20200525,478211.0,993461.0
2045.206,2057.268,2041.5581,2052.261,20200526,328053.0,999777.0
2053.676,2063.126,2050.2902,2062.4557,20200527,353321.0,990558.0
2060.3175,2075.904,2058.2161,2072.2371,20200528,514251.0,1021429.0
2071.9016,2091.0638,2071.8533,2087.6585,20200529,523419.0,1009563.0
2085.8523,2093.3223,2073.0893,2079.6436,20200601,533934.0,982686.0
2081.0993,2086.5678,2075.2428,2078.2526,20200602,294377.0,1000585.0
2078.5231,2085.4011,2072.6066,2076.9874,20200603,368806.0,988194.0
2076.7556,2082.3131,2066.35,2075.3017,20200604,400893.0,971969.0
2075.5482,2089.0949,2070.013,2086.9942,20200605,390687.0,1010226.0
2086.4129,2088.2033,2071.4406,2077.4571,20200608,432675.0,990428.0
2077.1243,2092.9973,2074.0073,2091.1463,20200609,481633.0,1017324.0
2091.0106,2100.6927,2086.5509,2099.6779,20200610,458868.0,1070217.0
2097.7532,2111.888,2097.7532,2109.2794,20200611,499728.0,1088103.0
2107.3264,2115.5515,2099.3372,2109.0703,20200612,511432.0,1068815.0
2109.5863,2134.2355,2109.3436,2129.3295,20200615,763102.0,1121177.0
2129.1266,2129.5205,2122.8231,2128.3151,20200616,349644.0,1115947.0
2130.3563,2138.1116,2119.094,2136.825,20200617,530055.0,1125381.0
2133.1342,2154.1686,2131.7353,2133.8567,20200618,848396.0,1139113.0
2132.4329,2133.6105,2111.5023,2126.1241,20200619,679983.0,1129546.0
2122.2845,2123.6302,2102.0075,2103.2081,20200622,763137.0,1158025.0
2099.9809,2117.3413,2090.0522,2100.2993,20200623,841059.0,1109746.0
2101.0986,2104.7423,2092.0328,2097.0301,20200624,469627.0,1133298.0
2102.7703,2126.9496,2093.5537,2124.2627,20200629,750195.0,1191955.0
2118.7064,2118.7599,2092.4425,2097.3028,20200630,684830.0,1174626.0
2097.51,2109.0074,2096.0164,2103.5468,20200701,414628.0,1175990.0
2103.4992,2111.142,2085.9793,2109.486,20200702,606628.0,1138312.0
2109.8893,2123.4785,2109.8893,2115.1521,20200703,637082.0,1153959.0
2116.1414,2126.8807,2112.0945,2125.0413,20200706,421710.0,1171347.0
2125.3554,2131.1972,2120.5618,2123.6556,20200707,445089.0,1174507.0
2123.6942,2128.4307,2120.457,2124.031,20200708,285047.0,1172010.0
2125.3686,2152.8672,2124.5432,2150.0322,20200709,666851.0,1217154.0
2151.6325,2161.1866,2140.5325,2151.1574,20200710,596062.0,1224430.0
2148.9975,2156.2676,2142.8917,2149.5761,20200713,578241.0,1225977.0
2150.1096,2160.6965,2129.2263,2142.5789,20200714,757996.0,1202483.0
2144.6907,2149.1595,2130.4863,2146.3413,20200715,894676.0,1230917.0
2144.0537,2160.3435,2142.0623,2151.853,20200716,764305.0,1256504.0
2152.2513,2159.3626,2148.5884,2157.5749,20200717,396916.0,1281184.0
2158.9435,2179.2962,2158.2141,2171.3139,20200720,1071624.0,1331046.0
2168.6777,2174.6095,2157.3912,2165.4696,20200721,688590.0,1299338.0
2164.717,2178.4752,2159.0561,2170.1579,20200722,706234.0,1311436.0
2170.8333,2216.3513,2170.8333,2209.9352,20200723,1258218.0,1400405.0
2209.1581,2236.3994,2205.0122,2235.8392,20200724,1088656.0,1449777.0
2234.1162,2308.3579,2231.0395,2292.6987,20200727,1660913.0,1451789.0
2298.5231,2298.6769,2236.2301,2247.6573,20200728,1566918.0,1473214.0
2253.5318,2279.4963,2246.4785,2276.6985,20200729,1040443.0,1501595.0
2272.5788,2287.083,2255.7283,2278.5648,20200730,1427766.0,1552947.0
2280.6517,2306.8207,2263.8771,2273.1625,20200731,1429294.0,1561328.0
2270.1945,2284.5304,2245.6869,2274.2255,20200803,1142379.0,1576078.0
2272.785,2285.8754,2266.5619,2276.0071,20200804,719292.0,1581663.0
2274.5976,2278.6615,2262.9034,2264.4494,20200805,677080.0,1558313.0
2267.0042,2289.0739,2258.8087,2264.7734,20200806,842769.0,1582773.0
2262.2332,2264.9316,2233.4067,2233.5704,20200807,863868.0,1528626.0
2235.0959,2246.5887,2221.4456,2227.6408,20200810,801905.0,1510976.0
2228.0056,2241.0741,2225.8276,2238.8254,20200811,554360.0,1514060.0
2238.8581,2246.8651,2225.3825,2231.7003,20200812,732906.0,1507003.0
2231.9889,2244.2658,2229.2624,2235.7297,20200813,552233.0,1511561.0
2234.5079,2305.185,2234.4316,2301.5334,20200814,1712195.0,1660189.0
2301.6528,2317.8057,2282.4964,2306.0739,20200817,1335881.0,1673367.0
2306.648,2328.2398,2294.1347,2298.0022,20200818,1142562.0,1668978.0
2298.5397,2315.0115,2294.9607,2308.4009,20200819,677424.0,1658332.0
2308.2583,2326.2728,2293.5434,2317.9761,20200820,1070471.0,1706914.0
2318.0929,2325.218,2293.1572,2308.0523,20200821,765719.0,1665817.0
2306.5984,2311.2757,2267.5751,2273.5997,20200824,938438.0,1687430.0
2278.9078,2290.0985,2273.7247,2282.5973,20200825,562945.0,1696790.0
2283.3563,2305.9869,2282.1007,2305.9848,20200826,824081.0,1723820.0
2305.4789,2309.3614,2264.3964,2266.107,20200827,1157776.0,1736668.0
2267.9596,2280.3932,2260.7202,2274.7565,20200828,721455.0,1711279.0
2272.168,2278.09,2262.9638,2269.9681,20200831,619111.0,1702282.0
2273.1771,2287.9315,2270.0779,2281.0686,20200901,697687.0,1715511.0
2279.5567,2303.0941,2275.893,2299.0377,20200902,953166.0,1740570.0
2299.0789,2299.2049,2279.9674,2285.912,20200903,786923.0,1685967.0
2290.4853,2311.6388,2288.7043,2308.1307,20200904,1185527.0,1722069.0
2312.4954,2362.5047,2306.4935,2360.7743,20200907,1705447.0,1863506.0
2359.2241,2365.2042,2337.549,2349.6732,20200908,1011375.0,1863251.0
2345.3957,2358.3727,2336.35,2349.2094,20200909,830812.0,1883631.0
2349.5786,2382.3523,2346.9341,2380.4049,20200910,1334078.0,1963715.0
2379.995,2411.7248,2372.2973,2408.4293,20200911,1149631.0,2028222.0
2410.0693,2459.5069,2406.122,2430.019,20200914,1570856.0,2018903.0
2431.2949,2442.2877,2402.1988,2413.1726,20200915,1125327.0,1981725.0
2414.8488,2429.2252,2403.5712,2421.9179,20200916,1002821.0,2015201.0
2424.1772,2457.6731,2422.6272,2437.0825,20200917,1222707.0,2085462.0
2433.9899,2499.0937,2426.3962,2493.7211,20200918,1612190.0,2246119.0
2492.8429,2504.6954,2478.7292,2484.8981,20200921,1295100.0,2241683.0
2481.6183,2506.9634,2464.2425,2478.5516,20200922,1633810.0,2237183.0
2481.9413,2494.9341,2420.0529,2430.8163,20200923,2122337.0,2082739.0
2433.6862,2455.5717,2422.3797,2449.3341,20200924,1117477.0,2071698.0
2445.1869,2450.353,2428.0235,2439.8682,20200925,749883.0,2054747.0
2436.9107,2490.6035,2433.2176,2477.2294,20200928,1226002.0,2058385.0
2476.3013,2481.2572,2465.5834,2475.0857,20200929,598086.0,2056845.0
2472.0802,2483.3317,2452.8122,2482.6795,20200930,852993.0,2049563.0
2512.9781,2561.3711,2512.655,2549.0238,20201009,961834.0,2128033.0
2547.1963,2591.4454,2523.8123,2583.3798,20201012,1449417.0,2153515.0
2584.1866,2585.6842,2557.1688,2573.731,20201013,969356.0,2173712.0
2569.2991,2603.9627,2566.9364,2570.4697,20201014,1672832.0,2156147.0
2571.3305,2574.5516,2521.87,2552.5136,20201015,1593321.0,2161978.0
2551.8979,2587.8447,2540.5471,2586.5756,20201016,1260850.0,2218750.0
2591.1042,2626.4192,2584.4725,2591.044,20201019,2058103.0,2177258.0
2596.802,2609.0998,2581.9378,2588.3613,20201020,1174772.0,2204622.0
2589.7975,2596.1238,2561.8658,2582.2852,20201021,1331319.0,2217737.0
2581.8667,2587.2724,2560.8507,2572.688,20201022,860529.0,2194813.0
2576.6287,2580.7942,2567.0685,2571.0159,20201023,795904.0,2157748.0
2576.7837,2596.5697,2571.3858,2581.1297,20201026,1285621.0,2153767.0
2581.8616,2593.7614,2574.8417,2587.6511,20201027,881362.0,2131275.0
2588.764,2604.5284,2581.194,2598.6872,20201028,1072061.0,2170719.0
2586.2464,2605.627,2579.2377,2601.508,20201029,1163415.0,2161396.0
2597.0256,2618.6043,2584.9557,2613.7751,20201030,1148598.0,2168536.0
2615.1447,2618.5935,2550.249,2554.4713,20201102,1859290.0,2011174.0
2557.7696,2564.6651,2538.8138,2543.561,20201103,1096973.0,1977961.0
2546.7675,2555.2417,2542.672,2550.2898,20201104,667942.0,1970744.0
2550.1694,2568.2734,2545.6425,2563.2333,20201105,916220.0,1947002.0
2564.781,2577.9396,2548.4606,2554.0015,20201106,900148.0,1925723.0
2555.3194,2556.2018,2509.2843,2537.381,20201109,1514188.0,1885588.0
2540.8394,2546.891,2526.192,2532.5803,20201110,667250.0,1890001.0
2530.8479,2566.0834,2529.3169,2565.5498,20201111,906774.0,1874462.0
2562.7668,2580.7031,2556.0798,2573.3393,20201112,717327.0,1861264.0
2572.2908,2585.9647,2566.9165,2579.67,20201113,726529.0,1842363.0
2580.0077,2624.8072,2578.5372,2606.6353,20201116,1137754.0,1873402.0
2607.1499,2618.5876,2596.6033,2617.1327,20201117,855048.0,1871226.0
2616.3723,2622.4636,2603.6869,2611.1178,20201118,760255.0,1884748.0
2610.745,2638.0175,2607.0236,2631.0007,20201119,777559.0,1901170.0
2629.5882,2633.9861,2612.7759,2625.4295,20201120,806388.0,1883154.0
2627.894,2653.0193,2627.1764,2646.6325,20201123,1188948.0,1893256.0
2647.2147,2648.9297,2610.7097,2613.5207,20201124,994990.0,1848783.0
2612.5817,2635.9097,2595.2791,2621.1069,20201125,1129689.0,1863166.0
2621.6443,2646.099,2620.3744,2641.2239,20201126,723759.0,1875474.0
2641.004,2644.2589,2624.7131,2631.3505,20201127,808267.0,1850934.0
2630.3031,2664.4991,2620.6528,2658.5591,20201130,1098126.0,1830522.0
2659.0558,2669.9924,2648.4823,2660.5773,20201201,889770.0,1836417.0
2665.5531,2666.994,2634.7823,2637.5827,20201202,884261.0,1764403.0
2635.2491,2651.0184,2629.2016,2634.6209,20201203,652566.0,1743404.0
2628.7643,2640.496,2609.4731,2636.8599,20201204,849596.0,1716928.0
2627.3273,2631.5576,2598.6158,2607.8301,20201207,919809.0,1706911.0
2605.2492,2617.3433,2577.9874,2580.1867,20201208,887475.0,1725422.0
2581.1457,2604.8522,2580.5152,2599.4621,20201209,684217.0,1694907.0
2596.4026,2608.633,2587.1325,2600.1366,20201210,676513.0,1645595.0
2597.5783,2600.3459,2573.2547,2593.4914,20201211,940233.0,1613355.0
2591.9572,2598.6881,2561.5323,2571.4191,20201214,864834.0,1563745.0
2570.5979,2578.5306,2552.125,2564.2216,20201215,676367.0,1561402.0
2562.9677,2600.2882,2559.5718,2598.2689,20201216,717465.0,1539861.0
2596.3301,2608.8008,2593.034,2606.6457,20201217,664547.0,1540989.0
2605.6044,2617.2138,2596.9916,2610.2013,20201218,613009.0,1530697.0
2610.2004,2639.5023,2605.4529,2637.3426,20201221,829104.0,1498539.0
2635.2374,2643.1306,2624.6962,2639.5624,20201222,776157.0,1512641.0
2641.6502,2674.4435,2632.7617,2667.4917,20201223,1012050.0,1549409.0
2668.2264,2670.0403,2658.2095,2660.8674,20201224,616614.0,1533911.0
2661.1415,2678.6286,2648.1101,2673.4699,20201225,1024987.0,1564131.0
2670.5911,2712.321,2666.9584,2702.5049,20201228,1314166.0,1577954.0
2704.6147,2705.5559,2683.496,2694.277,20201229,811989.0,1530110.0
2697.1644,2726.5356,2688.5824,2725.7974,20201230,893926.0,1562712.0
2721.7103,2742.8409,2719.3118,2737.6993,20201231,890644.0,1556233.0
2749.8774,2772.0665,2737.4066,2742.2497,20210104,786030.0,1553544.0
2742.2086,2773.1129,2741.8752,2764.7198,20210105,620639.0,1550716.0
2769.3037,2792.0842,2766.6958,2781.0098,20210106,627341.0,1579551.0
2781.3699,2805.1468,2781.0728,2799.7544,20210107,665393.0,1558219.0
2803.054,2830.3313,2796.9521,2827.7881,20210108,839888.0,1584954.0
2832.5798,2901.073,2795.3042,2830.0698,20210111,1504678.0,1546129.0
2833.7693,2864.8037,2801.592,2858.1369,20210112,1004789.0,1565473.0
2860.04,2915.9535,2856.9871,2862.3593,20210113,1178398.0,1554347.0
2867.7179,2872.9087,2822.2295,2835.5457,20210114,1024841.0,1543658.0
2836.39,2869.6599,2832.2318,2857.5649,20210115,757766.0,1560620.0
2861.9914,2898.6529,2861.9914,2871.6714,20210118,904203.0,1589451.0
2868.9675,2887.1997,2843.5404,2858.6973,20210119,813531.0,1587707.0
2860.4576,2864.3901,2823.7002,2834.1951,20210120,842555.0,1566389.0
2835.1905,2861.4209,2830.7319,2839.113,20210121,736435.0,1565222.0
2837.8,2848.9901,2796.8908,2811.9066,20210122,1069125.0,1554989.0
2810.6159,2827.0065,2747.3966,2765.9427,20210125,1260847.0,1525953.0
2768.1682,2784.0601,2758.0005,2766.8645,20210126,667562.0,1524489.0
2772.196,2789.3795,2750.7537,2759.6579,20210127,929069.0,1541575.0
2763.1219,2768.5045,2723.458,2725.1142,20210128,982878.0,1553574.0
2729.9599,2735.8751,2704.303,2709.3941,20210129,861338.0,1572163.0
2711.4146,2771.2037,2710.25,2768.7146,20210201,1034989.0,1565375.0
2767.186,2769.0604,2747.8095,2759.8438,20210202,582088.0,1570272.0
2756.7079,2775.884,2738.0585,2768.5434,20210203,714427.0,1557027.0
2765.0934,2780.9237,2757.5112,2775.9059,20210204,625777.0,1556756.0
2771.6127,2808.9916,2770.9364,2808.7453,20210205,697689.0,1582977.0
2805.8547,2819.0528,2747.069,2751.6718,20210208,1129470.0,1532979.0
2754.0047,2772.1871,2750.675,2765.3443,20210209,622140.0,1519092.0
2764.0889,2779.4286,2760.0023,2763.3362,20210210,575968.0,1478675.0
2776.744,2817.6152,2760.5791,2814.5972,20210218,767549.0,1495503.0
2810.4144,2822.8041,2780.62,2803.2327,20210219,897573.0,1508730.0
2807.9206,2842.6208,2767.4159,2787.0062,20210222,1640031.0,1426125.0
2788.3125,2793.4964,2748.1944,2775.8361,20210223,1274967.0,1400095.0
2779.4802,2799.7138,2757.7152,2795.3542,20210224,976526.0,1415606.0
2797.685,2822.3678,2788.5985,2809.4081,20210225,1094839.0,1402195.0
2807.4734,2813.3199,2760.0454,2761.5908,20210226,1156301.0,1354863.0
2766.8435,2794.4731,2756.6285,2771.9482,20210301,867574.0,1335484.0
2768.0082,2778.5996,2742.6588,2762.0268,20210302,775201.0,1305493.0
2764.7268,2772.5747,2746.1231,2747.4836,20210303,637699.0,1304199.0
2746.7299,2751.0484,2731.2875,2739.3352,20210304,725103.0,1292217.0
2741.4777,2798.8936,2740.5192,2796.5974,20210305,1122021.0,1258163.0
2792.6105,2803.8739,2776.7323,2797.0068,20210308,854959.0,1225391.0
2793.835,2793.9109,2745.0669,2751.4963,20210309,977603.0,1149488.0
2750.8883,2753.5045,2700.1564,2702.2571,20210310,1177720.0,1212023.0
2707.9275,2714.9408,2685.8901,2699.8688,20210311,901242.0,1215400.0
2697.866,2716.6706,2656.7232,2702.6327,20210312,1245238.0,1220441.0
2700.017,2705.151,2662.2621,2698.2229,20210315,807688.0,1194930.0
2697.5344,2714.0576,2683.6497,2700.8623,20210316,708687.0,1178751.0
2701.8114,2723.6897,2683.7523,2690.4276,20210317,814082.0,1174535.0
2689.697,2695.648,2668.6806,2682.3172,20210318,706391.0,1183371.0
2682.8345,2695.3076,2675.2367,2689.2228,20210319,619562.0,1186071.0
2686.0294,2718.274,2675.0521,2709.8434,20210322,768793.0,1156377.0
2710.0962,2710.6057,2697.3592,2701.6308,20210323,575457.0,1145029.0
2699.9542,2712.7055,2689.7259,2695.4027,20210324,677719.0,1142864.0
2696.5603,2711.7179,2692.4227,2693.7514,20210325,663712.0,1115453.0
2693.0849,2704.4638,2687.2709,2696.6311,20210326,599107.0,1106638.0
2696.2255,2698.9635,2622.9736,2634.1183,20210329,1423875.0,1185884.0
2642.214,2645.5641,2619.5008,2620.0986,20210330,901091.0,1193002.0
2616.5125,2623.5152,2583.8468,2606.5592,20210331,1010145.0,1187757.0
2608.6153,2667.1585,2593.8514,2606.0292,20210401,1123115.0,1150445.0
2602.1932,2613.5108,2577.4747,2597.7464,20210402,855818.0,1153720.0
2607.7906,2629.3457,2599.6421,2628.2195,20210406,597160.0,1101508.0
2635.1832,2656.3049,2625.2085,2650.5725,20210407,787169.0,1063453.0
2649.8924,2682.7444,2643.0146,2681.4344,20210408,939088.0,1059248.0
2679.5276,2686.7715,2650.4614,2653.7266,20210409,838685.0,1072844.0
2655.9602,2662.0949,2631.1776,2633.3686,20210412,751460.0,1076639.0
2638.842,2655.3159,2621.8759,2649.084,20210413,741849.0,1058122.0
2648.1428,2662.2212,2644.8353,2655.0302,20210414,622176.0,1053085.0
2654.7544,2689.78,2654.7544,2689.0277,20210415,850339.0,1049386.0
2689.9155,2705.5126,2685.0893,2703.2159,20210416,801880.0,1075641.0
2702.6861,2721.0861,2688.8738,2713.7767,20210419,803299.0,1086102.0
2716.8154,2721.9568,2668.0,2704.834,20210420,747222.0,1077431.0
2704.4441,2718.8349,2699.5564,2716.3012,20210421,592069.0,1078759.0
2717.1561,2751.3819,2717.1561,2748.2448,20210422,774996.0,1053348.0
2747.2658,2768.9605,2745.9822,2755.2321,20210423,676969.0,1053570.0
2754.9227,2760.8354,2720.3725,2739.3947,20210426,696459.0,1040955.0
2740.7199,2772.3981,2740.546,2758.0088,20210427,684266.0,1031733.0
2758.3497,2763.9023,2727.3509,2761.4895,20210428,836015.0,1027524.0
2762.3378,2765.1813,2738.1015,2742.0799,20210429,616021.0,1013967.0
2746.1267,2749.4533,2710.9095,2724.9744,20210430,695533.0,964010.0
2749.8861,2760.7705,2729.0,2753.6659,20210506,641664.0,956385.0
2752.9376,2825.9717,2749.3196,2806.2867,20210507,955537.0,1003599.0
2805.1,2841.4384,2803.7544,2823.8142,20210510,954518.0,980226.0
2823.9692,2831.1884,2803.3453,2821.0311,20210511,646944.0,987811.0
2828.2211,2875.9438,2823.7822,2861.3791,20210512,961286.0,1017844.0
2858.7526,2858.7993,2781.9347,2793.7252,20210513,1006450.0,954511.0
2792.8365,2796.5944,2756.9571,2774.3146,20210514,745372.0,955389.0
2775.9862,2804.1882,2752.811,2763.8082,20210517,796373.0,947696.0
2766.1579,2774.3797,2753.1581,2766.0344,20210518,551042.0,954461.0
2763.2113,2775.7424,2738.8854,2758.3095,20210519,653001.0,951476.0
2753.2953,2761.5578,2722.0661,2749.4305,20210520,732958.0,948552.0
2715.054,2772.2739,2713.3454,2752.4218,20210521,790752.0,949887.0
2753.2804,2759.6226,2701.0967,2725.6402,20210524,950899.0,931496.0
2724.6604,2745.7224,2712.0678,2719.2644,20210525,635082.0,935261.0
2721.4947,2723.1543,2665.3159,2665.9689,20210526,978755.0,1023404.0
2663.7415,2685.9983,2652.7878,2664.3766,20210527,687098.0,1034940.0
2667.545,2711.5465,2656.5081,2673.8114,20210528,773783.0,1023941.0
2672.2207,2698.2759,2652.4521,2658.9063,20210531,761025.0,1036667.0
2655.5497,2687.9961,2650.753,2684.8488,20210601,605913.0,1028531.0
2693.2891,2712.1394,2682.4246,2704.1021,20210602,669724.0,998370.0
2702.1018,2725.7665,2696.2915,2719.0327,20210603,563378.0,990815.0
2717.1782,2719.9125,2685.4369,2700.0882,20210604,670649.0,988208.0
2707.3458,2719.8052,2687.2964,2694.9489,20210607,703193.0,979378.0
2696.3288,2697.1593,2663.5383,2680.6672,20210608,702716.0,990394.0
2679.7949,2698.1198,2671.1652,2693.2487,20210609,561847.0,983035.0
2691.5203,2717.9338,2681.7845,2711.5592,20210610,706884.0,979765.0
2714.7649,2751.8928,2704.7726,2749.4873,20210611,748482.0,985560.0
2726.7533,2726.7533,2661.1169,2669.1969,20210615,837401.0,940647.0
2669.3689,2683.0104,2654.5584,2655.5453,20210616,559313.0,975726.0
2657.5677,2673.4127,2653.8462,2655.8213,20210617,515045.0,989340.0
2649.3892,2649.3892,2590.9681,2609.1453,20210618,1047537.0,1038447.0
2615.307,2620.9543,2565.0222,2592.0612,20210621,859113.0,1088069.0
2586.4599,2597.1576,2577.0607,2579.8346,20210622,581531.0,1081296.0
2576.1885,2600.3937,2567.8894,2595.0293,20210623,581621.0,1075008.0
2589.2618,2606.8402,2581.3017,2586.3957,20210624,657855.0,1096815.0
2582.2088,2602.5123,2574.5192,2585.08,20210625,505129.0,1109092.0
2584.8428,2613.7355,2556.5492,2612.6919,20210628,914343.0,1089688.0
2616.8703,2633.7816,2598.7674,2623.1973,20210629,673013.0,1062697.0
2623.459,2623.459,2605.5764,2611.0394,20210630,547261.0,1052995.0
2609.8572,2652.9105,2599.8415,2622.4172,20210701,895799.0,1074850.0
2624.8931,2640.175,2623.6728,2632.6999,20210702,738829.0,1044735.0
2630.4299,2630.6101,2580.7531,2610.8316,20210705,1071174.0,1075704.0
2609.2596,2609.5372,2585.5448,2589.5648,20210706,639337.0,1098484.0
2589.4874,2602.5674,2569.475,2576.5877,20210707,834106.0,1125470.0
2571.0356,2585.39,2561.2485,2571.8564,20210708,747600.0,1156962.0
2569.0353,2576.4807,2560.2226,2567.0157,20210709,650314.0,1185239.0
2564.1325,2584.6586,2545.8315,2557.2273,20210712,958089.0,1211863.0
2561.6853,2598.844,2556.8111,2591.9544,20210713,909504.0,1177101.0
2587.4314,2618.1217,2580.8751,2617.0098,20210714,883641.0,1165004.0
2614.541,2621.5631,2599.0577,2603.7352,20210715,676641.0,1141250.0
2607.2969,2609.0086,2571.9231,2574.1808,20210716,898556.0,1120430.0
2575.4491,2587.3916,2529.0388,2529.5837,20210719,1004443.0,1198933.0
2530.3241,2554.1586,2513.7261,2521.9221,20210720,715394.0,1225821.0
2525.4381,2545.4558,2517.3381,2524.6181,20210721,709435.0,1256102.0
2525.4428,2536.4724,2514.89,2520.4952,20210722,620696.0,1268159.0
2517.4563,2539.5426,2511.5995,2528.8483,20210723,611948.0,1240854.0
2533.1261,2555.1233,2529.9944,2547.7376,20210726,820840.0,1202738.0
2547.8694,2580.7319,2539.7031,2577.3067,20210727,937856.0,1140061.0
2571.571,2575.2631,2552.159,2561.8096,20210728,594530.0,1118619.0
2563.7446,2573.4711,2557.5138,2562.3549,20210729,512620.0,1107287.0
2563.7784,2574.3764,2562.1458,2570.0826,20210730,548571.0,1108214.0
2568.339,2590.3842,2543.0967,2586.3369,20210802,1062252.0,1088328.0
2586.299,2602.5136,2581.1383,2600.9415,20210803,671061.0,1094660.0
2598.4381,2601.2896,2580.9983,2595.4778,20210804,649913.0,1087799.0
2599.4032,2604.7316,2587.5999,2592.5468,20210805,665121.0,1083845.0
2591.9938,2605.7625,2581.0779,2582.2072,20210806,727922.0,1081439.0
2583.1588,2590.1631,2572.8998,2580.7753,20210809,677359.0,1075063.0
2578.9908,2582.7982,2554.0578,2555.0881,20210810,750282.0,1089465.0
2555.3035,2564.507,2548.7616,2557.6875,20210811,632919.0,1072667.0
2556.9165,2584.8197,2552.5165,2584.2726,20210812,850810.0,1066226.0
2577.3582,2609.4423,2575.6552,2608.3506,20210813,870948.0,1089346.0
2606.4102,2619.8952,2588.2955,2599.841,20210816,1197547.0,1091437.0
2599.4312,2599.6401,2583.3383,2596.246,20210817,699919.0,1076885.0
2597.458,2607.9665,2559.9029,2562.9292,20210818,1032216.0,1081576.0
2565.0035,2572.8414,2555.3064,2556.4627,20210819,662644.0,1070490.0
2554.8545,2559.645,2506.954,2507.8789,20210820,1076789.0,1189871.0
2510.2314,2527.2778,2498.1359,2506.5989,20210823,808804.0,1231749.0
2507.5745,2525.989,2505.1065,2520.1508,20210824,614434.0,1231276.0
2517.5211,2531.3345,2511.6041,2512.1298,20210825,556399.0,1249366.0
2515.7611,2519.6706,2502.5233,2503.4418,20210826,616891.0,1262554.0
2502.5266,2511.574,2483.9689,2487.0553,20210827,747503.0,1304373.0
2487.9802,2501.8061,2482.1867,2489.9899,20210830,691752.0,1316938.0
2490.331,2495.6664,2482.9291,2493.2815,20210831,478507.0,1304576.0
2492.832,2492.8669,2468.999,2469.9431,20210901,726651.0,1354169.0
2471.7997,2516.0003,2464.7511,2502.993,20210902,986014.0,1281026.0
2502.7655,2505.8447,2493.7976,2497.5142,20210903,510060.0,1255060.0
2498.7148,2502.0735,2467.7662,2470.2033,20210906,772239.0,1335188.0
2472.5456,2478.3372,2464.1961,2471.2657,20210907,594363.0,1364805.0
2468.1144,2494.2122,2460.0284,2469.8275,20210908,844445.0,1356104.0
2473.9633,2479.3689,2460.3182,2472.6515,20210909,717496.0,1370366.0
2472.0899,2478.0478,2461.7584,2463.7514,20210910,615763.0,1413049.0
2468.1299,2491.5298,2465.4164,2485.2086,20210913,1033956.0,1372098.0
2483.284,2484.1229,2462.9976,2464.5708,20210914,734494.0,1425716.0
2466.6067,2481.8778,2461.8669,2465.683,20210915,817915.0,1391869.0
2465.329,2468.0528,2443.3466,2444.4939,20210916,961530.0,1481624.0
2449.3358,2465.1464,2441.6119,2445.1662,20210917,709530.0,1473030.0
2439.2082,2473.7572,2438.9783,2470.3496,20210922,783316.0,1425694.0
2465.1095,2491.5551,2464.9227,2490.6532,20210923,870254.0,1413667.0
2483.7379,2497.4403,2483.7379,2491.5689,20210924,647548.0,1400863.0
2490.7403,2497.6812,2472.7462,2488.1457,20210927,669695.0,1378186.0
2488.4297,2501.9085,2478.0275,2481.6633,20210928,640941.0,1359528.0
2482.409,2491.2073,2477.4243,2489.3651,20210929,575619.0,1296275.0
2489.2851,2527.412,2479.9935,2527.3303,20210930,929888.0,1232794.0
2515.909,2516.6943,2488.1034,2497.6378,20211008,653894.0,1234675.0
2498.5979,2555.6452,2498.4118,2552.1357,20211011,1120177.0,1262817.0
2547.3126,2562.4445,2536.7744,2545.9719,20211012,786681.0,1247758.0
2546.0877,2591.3892,2527.8161,2563.9045,20211013,1099490.0,1264293.0
2558.2457,2563.5296,2530.133,2533.74,20211014,740966.0,1233027.0
2536.9312,2578.5879,2536.3269,2577.9185,20211015,952439.0,1266391.0
2570.1467,2571.0769,2543.5775,2550.1177,20211018,786223.0,1254819.0
2548.7478,2582.9316,2542.5998,2577.5014,20211019,847927.0,1280102.0
2573.9329,2616.0,2559.1014,2574.9159,20211020,759572.0,1274377.0
2574.3208,2597.7004,2574.3208,2576.0926,20211021,768109.0,1275250.0
2577.3091,2589.6334,2568.0029,2576.982,20211022,800108.0,1241043.0
2576.3066,2628.6687,2549.9147,2625.4623,20211025,1337979.0,1228563.0
2625.2426,2650.6984,2616.2657,2635.4833,20211026,992097.0,1218963.0
2633.9732,2634.3111,2606.8878,2618.3083,20211027,696971.0,1220307.0
2617.2312,2619.75,2574.881,2596.5358,20211028,1188858.0,1155065.0
2598.2215,2641.6973,2596.443,2635.3146,20211029,881585.0,1203502.0
2628.6226,2646.6168,2613.3508,2624.8699,20211101,841109.0,1195841.0
2621.8103,2663.9011,2620.5075,2646.906,20211102,804861.0,1217731.0
2648.1303,2684.0231,2645.4839,2667.2197,20211103,819901.0,1220178.0
2666.6012,2698.1224,2659.12,2685.1975,20211104,678214.0,1277405.0
2686.0793,2707.2562,2662.4377,2680.8899,20211105,767111.0,1288810.0
2681.2286,2734.1222,2670.1068,2695.0793,20211108,992397.0,1315381.0
2695.9408,2724.0835,2688.8711,2720.9315,20211109,901537.0,1346944.0
2720.6378,2732.3719,2714.9522,2723.7496,20211110,680019.0,1363852.0
2724.9282,2731.1449,2678.4796,2687.0718,20211111,825271.0,1347341.0
2684.249,2691.4771,2658.0897,2667.7347,20211112,682689.0,1328684.0
2665.7743,2676.5126,2645.7274,2665.7945,20211115,715551.0,1353543.0
2665.6947,2689.0653,2660.7291,2684.8386,20211116,530454.0,1383224.0
2684.0709,2693.9042,2670.1375,2680.5409,20211117,654354.0,1401390.0
2684.4843,2690.1338,2670.519,2682.2049,20211118,524387.0,1394529.0
2683.4696,2710.9028,2682.3628,2705.0264,20211119,815424.0,1431200.0
2700.6072,2709.7737,2670.5815,2675.9985,20211122,760733.0,1415748.0
2674.7958,2681.3198,2657.1937,2658.1202,20211123,771025.0,1389578.0
2653.9855,2661.2556,2634.7273,2652.3154,20211124,700637.0,1390326.0
2651.2092,2665.2469,2645.5427,2657.0438,20211125,611569.0,1391764.0
2657.6342,2679.8908,2657.6342,2661.6676,20211126,578263.0,1369795.0
2660.8405,2683.5232,2649.9244,2670.5032,20211129,644075.0,1392162.0
2672.3738,2686.8188,2656.5571,2661.2318,20211130,729188.0,1381519.0
2658.2392,2684.8888,2654.9071,2684.2502,20211201,825626.0,1398762.0
2679.9007,2704.9205,2678.3933,2698.5227,20211202,808582.0,1451168.0
2700.1363,2704.5603,2682.6787,2684.2507,20211203,681777.0,1439896.0
2682.9725,2687.1205,2667.7742,2668.7177,20211206,914004.0,1465761.0
2669.0815,2683.7067,2665.8956,2678.2523,20211207,678355.0,1449469.0
2681.4463,2703.4922,2678.8749,2697.3175,20211208,726627.0,1460377.0
2695.1402,2700.8958,2673.2573,2680.3813,20211209,616056.0,1442102.0
2676.657,2694.1686,2671.8623,2690.8436,20211210,468149.0,1431440.0
2692.8542,2724.8564,2687.7307,2717.7015,20211213,1097118.0,1549351.0
2716.4183,2723.25,2701.5965,2720.4568,20211214,553790.0,1542533.0
2723.1081,2740.7296,2718.1553,2734.0027,20211215,696402.0,1572290.0
2734.5818,2735.2633,2705.0435,2717.9882,20211216,746476.0,1539731.0
2715.2518,2725.3486,2715.2385,2722.237,20211217,404280.0,1524562.0
2718.735,2729.7075,2698.2209,2702.3632,20211220,895763.0,1507868.0
2701.3279,2710.7511,2693.4542,2697.5883,20211221,539257.0,1480483.0
2693.4956,2694.7869,2677.6779,2679.6864,20211222,720073.0,1481234.0
2676.5277,2698.214,2674.168,2694.8832,20211223,646448.0,1432766.0
2692.2308,2695.6132,2681.8521,2686.9899,20211224,465858.0,1425950.0
2682.8288,2702.6426,2674.6056,2685.6931,20211227,614630.0,1430893.0
2688.0178,2688.1662,2670.9009,2671.5898,20211228,500315.0,1450987.0
2674.1366,2674.1366,2655.365,2656.0583,20211229,719852.0,1484832.0
2655.4858,2682.4314,2652.7757,2679.357,20211230,617137.0,1487903.0
2676.9162,2678.606,2658.4851,2664.8958,20211231,504073.0,1464172.0
2670.5157,2695.2425,2668.3896,2693.2254,20220104,519902.0,1430055.0
2693.1773,2707.9425,2685.7407,2702.6007,20220105,543991.0,1417719.0
2701.4229,2701.8286,2668.2682,2671.1338,20220106,685277.0,1418800.0
2672.5992,2681.6293,2666.1641,2677.4103,20220107,452296.0,1443547.0
2677.8988,2696.1239,2674.5932,2681.4528,20220110,537261.0,1410788.0
2684.2684,2693.1554,2670.6942,2689.4807,20220111,520397.0,1387187.0
2692.2101,2717.0145,2686.6281,2713.7824,20220112,753339.0,1457088.0
2713.2631,2720.0317,2705.6455,2713.3015,20220113,509966.0,1467842.0
2716.1943,2730.9993,2713.5744,2728.153,20220114,610008.0,1493357.0
2727.154,2729.641,2705.3933,2715.5708,20220117,532764.0,1492735.0
2715.3841,2723.9001,2709.5316,2714.4167,20220118,432748.0,1501598.0
2713.8779,2739.0283,2706.7363,2727.7252,20220119,653574.0,1547334.0
2731.4432,2753.2011,2699.9063,2749.6892,20220120,612756.0,1612097.0
2749.3778,2759.0328,2728.9253,2731.9411,20220121,708211.0,1586540.0
2731.6002,2740.8935,2726.8043,2728.1129,20220124,451362.0,1571275.0
2733.2344,2759.8229,2721.2867,2753.8498,20220125,626164.0,1606348.0
2750.0368,2773.9444,2749.5291,2770.1447,20220126,594461.0,1634971.0
2769.6712,2777.83,2758.8136,2764.3672,20220127,496836.0,1615018.0
2764.4964,2775.7926,2755.3104,2759.132,20220128,542228.0,1559127.0
2776.0823,2779.4678,2743.5652,2746.4465,20220207,603407.0,1560686.0
2748.0182,2789.8074,2747.9502,2787.1687,20220208,708995.0,1622407.0
2783.5295,2785.9741,2764.7651,2772.4834,20220209,488683.0,1604824.0
2774.8958,2789.207,2768.8519,2785.0988,20220210,531732.0,1636377.0
2787.9774,2793.544,2762.8113,2764.6152,20220211,634766.0,1617354.0
2769.122,2786.0021,2768.0647,2773.5973,20220214,515830.0,1611010.0
2769.5549,2782.9426,2763.8608,2770.047,20220215,496415.0,1625921.0
2766.1603,2774.2894,2754.7636,2766.1678,20220216,622854.0,1627090.0
2765.8749,2781.4415,2760.6229,2777.0222,20220217,485455.0,1629157.0
2779.1129,2782.4269,2769.9222,2774.3576,20220218,394020.0,1620362.0
2774.0854,2801.0,2762.6039,2765.4419,20220221,536912.0,1633399.0
2764.2363,2793.8541,2738.8902,2787.378,20220222,852323.0,1649318.0
2783.1961,2811.7791,2771.3335,2807.0009,20220223,830929.0,1712112.0
2806.7822,2863.9959,2803.3751,2839.333,20220224,1216229.0,1769187.0
2847.2491,2859.8829,2816.7657,2851.5358,20220225,938956.0,1784160.0
2827.0254,2869.3518,2817.9806,2860.1744,20220228,960102.0,1804874.0
2865.5436,2885.593,2855.3804,2881.9514,20220301,878805.0,1871681.0
2886.4565,2922.9952,2862.1206,2892.2501,20220302,1155830.0,1870887.0
2893.0535,2908.8679,2876.3393,2901.1513,20220303,678627.0,1878870.0
2900.9985,2923.7155,2890.355,2894.4736,20220304,819429.0,1895025.0
2909.7408,2942.2478,2901.6046,2934.7679,20220307,920084.0,1958492.0
2933.1452,2933.7471,2878.3665,2909.9,20220308,835890.0,1911096.0
2900.3025,2904.9469,2870.1,2902.3049,20220309,733603.0,1867997.0
2890.7187,2897.798,2857.6201,2858.9694,20220310,683674.0,1764258.0
2867.499,2883.6865,2859.2658,2878.7413,20220311,552594.0,1762228.0
2869.1155,2885.5607,2848.1455,2875.0084,20220314,641384.0,1724092.0
2876.9525,2897.6339,2865.999,2866.0084,20220315,695690.0,1718517.0
2868.4584,2894.3245,2859.3909,2887.2474,20220316,499607.0,1733901.0
2890.4154,2892.95,2869.3416,2877.8417,20220317,454281.0,1728527.0
2882.4698,2913.4881,2880.2136,2911.6376,20220318,626926.0,1801232.0
2911.5552,2954.0513,2894.2776,2910.439,20220321,575584.0,1821507.0
2910.874,2931.0011,2909.8407,2924.9436,20220322,537722.0,1886043.0
2919.8223,2936.9428,2913.257,2934.6027,20220323,464639.0,1917728.0
2939.9718,2955.5238,2924.3813,2934.4742,20220324,740841.0,1961646.0
2933.1223,2945.8005,2916.4487,2923.3238,20220325,638029.0,1963756.0
2926.8049,2951.5331,2901.8429,2906.2434,20220328,877905.0,1921883.0
2900.1105,2912.8498,2892.9229,2899.6768,20220329,580075.0,1900115.0
2875.8153,2898.4793,2860.9091,2885.2893,20220330,881128.0,1810788.0
2886.3374,2899.2326,2874.7768,2881.3593,20220331,493862.0,1798372.0
2888.2553,2899.9845,2870.2385,2871.5922,20220401,655300.0,1717927.0
2886.1559,2922.3949,2885.9252,2918.5614,20220406,614926.0,1791365.0
2919.99,2926.6127,2909.1363,2916.6142,20220407,610582.0,1775857.0
2912.3892,2913.3537,2890.3231,2896.9144,20220408,660787.0,1766719.0
2898.0729,2904.6586,2887.1392,2889.4326,20220411,604954.0,1764993.0
2884.8308,2894.6658,2879.8252,2893.9052,20220412,469680.0,1780037.0
2890.7687,2906.0175,2883.0407,2892.127,20220413,474046.0,1791621.0
2892.5834,2927.1997,2890.608,2924.2379,20220414,744494.0,1859979.0
2921.4981,2945.2462,2917.775,2944.2887,20220415,508359.0,1891631.0
2944.226,2946.7059,2929.9606,2942.3446,20220418,429283.0,1914365.0
2941.8895,2971.4412,2935.3124,2965.777,20220419,658598.0,1973376.0
2964.3967,2986.9708,2959.0226,2983.058,20220420,755030.0,2015883.0
2993.0234,2994.1879,2979.018,2989.3138,20220421,487777.0,2039489.0
2983.9535,2993.7888,2959.2308,2961.8773,20220422,748359.0,2000949.0
2974.9181,2975.004,2945.5718,2946.3275,20220425,786675.0,1932527.0
2949.6537,2987.6115,2948.8691,2972.9906,20220426,645860.0,1945922.0
2974.0012,2984.3982,2955.1983,2966.2857,20220427,610194.0,1925848.0
2968.0916,3008.5056,2965.1902,3008.3193,20220428,847400.0,1989998.0
3008.1252,3027.9406,2993.9907,3026.5854,20220429,830293.0,2000567.0
3017.343,3017.4804,2998.9775,3003.4182,20220505,486693.0,1983783.0
3011.5755,3016.6144,2971.9011,2976.7755,20220506,685220.0,1869447.0
2976.3303,2989.7011,2966.0014,2974.6214,20220509,512714.0,1842296.0
2974.0411,2986.0972,2936.0532,2951.402,20220510,778578.0,1746116.0
2957.5803,2968.6369,2950.2589,2954.6159,20220511,401492.0,1759926.0
2951.3772,2973.9316,2950.6089,2960.2045,20220512,440018.0,1771161.0
2959.2193,2991.2199,2955.1479,2979.8927,20220513,555744.0,1795821.0
2979.0599,2989.509,2965.8383,2987.2293,20220516,513586.0,1814455.0
2985.2921,3009.807,2979.1196,2997.6982,20220517,604608.0,1855202.0
2999.2673,3007.6517,2990.5033,2995.7823,20220518,408640.0,1834097.0
2996.0276,3006.0744,2980.6197,2985.9178,20220519,484979.0,1810304.0
2982.5502,2999.3338,2974.7404,2997.9499,20220520,461247.0,1818813.0
2993.9999,2996.0319,2971.9527,2973.761,20220523,577671.0,1811954.0
2974.074,2978.3753,2945.8746,2947.2886,20220524,650452.0,1771734.0
2947.689,2957.7036,2917.909,2936.8985,20220525,872047.0,1746836.0
2929.7919,2935.568,2912.3556,2929.2647,20220526,523261.0,1727643.0
2925.6653,2947.6807,2914.0529,2938.0381,20220527,531646.0,1734927.0
2938.6225,2943.2423,2915.6311,2916.5915,20220530,477329.0,1776883.0
2915.9846,2939.5237,2914.2052,2929.8729,20220531,396252.0,1796666.0
2927.5402,2929.3216,2868.7512,2873.5667,20220601,966468.0,1834599.0
2885.0065,2891.436,2862.0341,2873.2122,20220602,654022.0,1822781.0
2883.92,2899.2642,2881.6061,2887.6234,20220606,353960.0,1802729.0
2882.2912,2891.5242,2874.9102,2877.5858,20220607,312569.0,1813714.0
2886.1321,2905.4752,2880.8763,2893.7094,20220608,513423.0,1839291.0
2893.5201,2899.2205,2850.7524,2850.8239,20220609,543094.0,1883281.0
2854.9132,2871.1698,2845.8822,2865.8859,20220610,472566.0,1881943.0
2866.7847,2891.3543,2861.2408,2885.8361,20220613,522887.0,1833932.0
2889.3298,2911.0366,2879.7776,2889.7538,20220614,483571.0,1812057.0
2892.1817,2892.6277,2874.161,2881.6157,20220615,400833.0,1843006.0
2883.6185,2895.4894,2880.5993,2887.8246,20220616,422447.0,1832799.0
2893.3554,2909.0768,2886.0886,2905.9302,20220617,472312.0,1805568.0
2908.4919,2919.5655,2897.0888,2902.6631,20220620,491303.0,1774975.0
2903.7203,2911.6114,2882.5887,2900.7932,20220621,449223.0,1753687.0
2893.7458,2897.7928,2847.4645,2853.5328,20220622,738335.0,1693398.0
2855.5712,2860.8405,2805.2672,2829.2095,20220623,830132.0,1630224.0
2831.3801,2832.5954,2771.4794,2784.6595,20220624,704240.0,1642849.0
2798.6029,2810.0195,2786.3946,2796.3919,20220627,480900.0,1626448.0
2796.8107,2820.5181,2792.9602,2814.8017,20220628,475621.0,1606871.0
2811.7214,2818.2329,2805.2583,2811.3531,20220629,313574.0,1605129.0
2811.5716,2817.5779,2773.1967,2783.6605,20220630,504465.0,1620938.0
2775.7647,2776.7625,2706.4523,2709.8865,20220701,815387.0,1644612.0
2718.5155,2732.3779,2686.4433,2723.7552,20220704,662437.0,1601823.0
2722.7449,2726.0431,2689.1195,2695.9418,20220705,446388.0,1620120.0
2696.0052,2696.0052,2660.2975,2691.7772,20220706,728062.0,1591512.0
2696.056,2735.5414,2686.1462,2722.0808,20220707,598624.0,1585085.0
2729.2328,2736.5956,2716.8526,2729.67,20220708,377182.0,1594912.0
2729.5486,2763.8722,2723.7147,2747.5609,20220711,500801.0,1563172.0
2749.7725,2750.0466,2715.5228,2715.717,20220712,464759.0,1559013.0
2707.2243,2713.9384,2677.3931,2707.5158,20220713,567921.0,1555588.0
2700.1991,2721.8319,2690.4758,2711.7516,20220714,370893.0,1550952.0
2710.944,2714.0109,2676.9529,2687.6597,20220715,512601.0,1557619.0
2687.8498,2694.6166,2668.0966,2688.9337,20220718,541132.0,1561659.0
2692.0336,2707.21,2629.3208,2631.243,20220719,659574.0,1615189.0
2628.391,2650.0818,2618.2896,2638.1635,20220720,556515.0,1578471.0
2638.64,2644.8287,2622.6075,2635.5697,20220721,363102.0,1595357.0
2624.901,2625.3049,2572.2653,2580.0826,20220722,647608.0,1604576.0
2578.8469,2623.4281,2566.4795,2617.7589,20220725,678789.0,1580000.0
2619.0998,2657.4263,2619.0998,2647.9164,20220726,540547.0,1552900.0
2649.8851,2665.701,2642.6231,2665.701,20220727,410320.0,1540573.0
2666.7368,2700.4334,2666.7005,2691.4785,20220728,584867.0,1514119.0
2693.5162,2704.2044,2674.6371,2693.4861,20220729,423775.0,1513957.0
2702.497,2717.4869,2682.4472,2697.277,20220801,457742.0,1493643.0
2686.3815,2713.3284,2673.5103,2710.479,20220802,473424.0,1449250.0
2704.377,2727.869,2696.9461,2715.2522,20220803,388460.0,1447092.0
2715.8272,2719.7612,2679.7263,2688.9952,20220804,412812.0,1473618.0
2693.3356,2717.6124,2689.5949,2715.9193,20220805,395753.0,1463398.0
2710.6997,2722.2053,2688.9936,2714.0289,20220808,508881.0,1440388.0
2710.1138,2731.6468,2708.8883,2723.1392,20220809,484304.0,1435721.0
2727.0834,2747.2411,2726.9006,2735.2389,20220810,520071.0,1426622.0
2737.9154,2740.7708,2704.8392,2722.0248,20220811,434102.0,1414094.0
2727.9096,2763.2495,2726.7447,2753.9304,20220812,584898.0,1392415.0
2748.0889,2754.9349,2705.482,2714.4804,20220815,533371.0,1398380.0
2709.8548,2757.6626,2699.404,2746.5479,20220816,507949.0,1399067.0
2737.1068,2740.5072,2709.8361,2720.5659,20220817,424076.0,1404464.0
2723.5628,2724.0047,2678.9442,2683.1677,20220818,555139.0,1405926.0
2686.8442,2696.0096,2666.4081,2684.9818,20220819,472238.0,1409432.0
2684.6491,2701.1065,2676.1306,2686.1459,20220822,364194.0,1422139.0
2687.0385,2737.3586,2676.7464,2731.0853,20220823,670394.0,1410618.0
2731.2012,2758.2921,2723.6605,2751.3934,20220824,585961.0,1408369.0
2751.4397,2754.4386,2717.0211,2725.8513,20220825,499322.0,1407640.0
2724.3591,2766.4736,2724.1875,2759.5992,20220826,509317.0,1417739.0
2757.7034,2803.886,2742.9551,2802.093,20220829,801066.0,1463164.0
2800.3434,2801.1141,2784.2999,2787.5716,20220830,376052.0,1456585.0
2784.9527,2802.7004,2770.8876,2794.2263,20220831,510501.0,1441968.0
2782.9022,2798.1726,2777.2153,2796.7611,20220901,344203.0,1459708.0
2796.6663,2799.4543,2777.3251,2787.2232,20220902,489543.0,1401326.0
2794.4975,2815.942,2790.2685,2798.2896,20220905,493557.0,1407374.0
2799.8045,2827.7917,2798.3939,2823.8277,20220906,527360.0,1426824.0
2820.5927,2820.7853,2811.1859,2813.9858,20220907,65195.0,1416122.0
2806.5693,2821.2888,2783.5489,2805.8382,20220908,546916.0,1390887.0
2801.2041,2822.8997,2789.1881,2819.6184,20220909,551898.0,1384835.0
2838.1938,2858.8969,2831.1922,2842.4424,20220913,361459.0,1393257.0
2841.0897,2844.6922,2832.105,2842.9312,20220914,291363.0,1385539.0
2837.1525,2843.4975,2829.2727,2834.0925,20220915,331725.0,1390229.0
2838.7734,2850.6005,2833.8759,2839.7197,20220916,376038.0,1368956.0
2838.6873,2859.7117,2834.291,2851.9415,20220919,393350.0,1374166.0
2845.8881,2851.5434,2821.1086,2839.066,20220920,462866.0,1360986.0
2841.7759,2867.3308,2840.8891,2852.5979,20220921,467989.0,1363047.0
2845.3811,2858.9832,2843.1907,2849.2074,20220922,352809.0,1365294.0
2852.7652,2856.3881,2828.9314,2832.9465,20220923,376291.0,1349981.0
2827.6576,2830.9494,2787.7056,2789.2995,20220926,622719.0,1340103.0
2796.0537,2800.9814,2772.7708,2786.8327,20220927,544307.0,1346283.0
2789.8251,2797.2312,2753.4631,2765.3463,20220928,507954.0,1358135.0
2770.768,2786.4432,2764.8434,2775.4507,20220929,380430.0,1356927.0
2777.0425,2789.0096,2771.0188,2782.065,20220930,365389.0,1335534.0
2788.6589,2810.6387,2773.8185,2810.6387,20221010,471445.0,1308331.0
2812.0968,2843.3397,2812.0779,2836.3128,20221011,779731.0,1304681.0
2832.9495,2849.9082,2826.5857,2849.9081,20221012,465625.0,1288155.0
2847.4942,2858.7124,2838.2127,2854.4181,20221013,477055.0,1296088.0
2849.0216,2883.5933,2838.6974,2882.3493,20221014,532088.0,1315949.0
2878.257,2886.0283,2858.4046,2870.8044,20221017,502903.0,1310730.0
2874.6964,2884.3411,2848.6276,2872.582,20221018,507878.0,1299898.0
2871.0387,2881.8832,2861.2153,2871.58,20221019,365962.0,1311296.0
2866.8272,2877.7908,2857.9804,2873.9735,20221020,418448.0,1332821.0
2875.196,2901.0054,2870.4786,2895.8805,20221021,563043.0,1377351.0
2890.0767,2912.9307,2887.6436,2899.107,20221024,505977.0,1371114.0
2899.7363,2900.6649,2867.1944,2876.1926,20221025,519605.0,1353845.0
2877.7871,2897.945,2875.8612,2888.7071,20221026,454599.0,1359181.0
2888.9128,2901.835,2879.1519,2891.36,20221027,412622.0,1384900.0
2895.7409,2897.0378,2869.1968,2877.1574,20221028,480168.0,1380371.0
2876.9107,2908.6492,2859.9484,2902.2296,20221031,703128.0,1390251.0
2901.1301,2909.5268,2880.9686,2899.1542,20221101,632868.0,1409514.0
2901.769,2917.0753,2875.2045,2876.629,20221102,583927.0,1419598.0
2867.6225,2874.8042,2853.0931,2860.067,20221103,663987.0,1406602.0
2858.2303,2896.3014,2855.5757,2887.2022,20221104,544834.0,1388649.0
2886.1082,2907.3269,2883.5852,2906.0793,20221107,509828.0,1398918.0
2907.6424,2916.0231,2903.911,2911.7195,20221108,412522.0,1414192.0
2912.0407,2914.5216,2888.7031,2890.3454,20221109,534833.0,1405706.0
2891.8752,2901.5363,2881.5936,2895.0622,20221110,570013.0,1419102.0
2893.0638,2907.5453,2884.2783,2902.1694,20221111,553347.0,1409972.0
2903.4356,2910.2995,2870.4769,2873.1199,20221114,752786.0,1421754.0
2876.8256,2886.0289,2856.9163,2862.1522,20221115,559964.0,1422744.0
2861.1618,2873.331,2844.5995,2848.9598,20221116,565895.0,1466657.0
2849.8089,2854.0372,2833.2742,2836.1009,20221117,516707.0,1490122.0
2828.8984,2846.8508,2823.2955,2836.7414,20221118,460581.0,1522872.0
2838.7614,2869.07,2833.2642,2866.0738,20221121,628589.0,1489665.0
2867.3839,2874.5098,2860.433,2866.1323,20221122,436391.0,1485149.0
2870.3378,2886.8072,2864.9033,2882.3087,20221123,576079.0,1454511.0
2884.8084,2889.4407,2876.5059,2887.8382,20221124,414072.0,1456012.0
2889.9265,2918.8174,2889.9265,2917.9926,20221125,685211.0,1467504.0
2919.249,2926.2182,2904.4676,2919.1847,20221128,574098.0,1482880.0
2926.9262,2926.9262,2897.9394,2904.4933,20221129,591450.0,1489342.0
2900.1821,2900.4487,2874.325,2891.6841,20221130,740383.0,1461618.0
2892.7422,2901.9945,1919.4393,2880.2842,20221201,560392.0,1477120.0
2879.4319,2883.457,2861.2587,2869.1414,20221202,498206.0,1468778.0
2856.0,2878.5926,576.3295,2846.1913,20221205,798759.0,1466625.0
2847.0313,2849.6885,2173.6123,2838.3302,20221206,531210.0,1460782.0
2838.589,2838.589,2197.7569,2822.825,20221207,588516.0,1494814.0
2826.7207,2845.4565,379.416,2840.6387,20221208,539908.0,1500864.0
2838.1819,2838.1819,2822.5548,2827.4678,20221209,445606.0,1531348.0
2826.4545,2836.4548,2817.6478,2820.1287,20221212,482195.0,1551548.0
2820.0,2834.5189,2811.0,2822.3055,20221213,395346.0,1565835.0
2823.1822,2825.7598,2800.9264,2801.8647,20221214,515791.0,1623846.0
2802.9552,2817.069,2794.6666,2805.1874,20221215,469013.0,1638315.0
2804.373,2829.2985,2804.373,2823.392,20221216,489011.0,1595474.0
2824.7765,2825.0957,2795.1951,2797.3122,20221219,551283.0,1607879.0
2799.6259,2802.6768,2769.4281,2770.4568,20221220,495069.0,1626839.0
2773.0494,2780.0,2739.6442,2756.7307,20221221,789065.0,1655481.0
2758.7766,2773.896,2750.7829,2767.3826,20221222,461956.0,1643165.0
2768.679,2775.2437,2758.6734,2767.7387,20221223,384775.0,1636102.0
2768.5646,2793.2677,2762.0785,2787.528,20221226,476119.0,1595025.0
2785.8343,2798.3877,2780.7457,2796.0982,20221227,415846.0,1572309.0
2798.8656,2821.9892,2796.965,2820.9511,20221228,565730.0,1533490.0
2820.7752,2830.2567,2806.4474,2812.9125,20221229,556861.0,1540354.0
2815.7366,2831.6379,2807.1541,2821.5293,20221230,545324.0,1517438.0
2823.6809,2835.7779,2814.1525,2834.0424,20230103,482315.0,1526563.0
2833.4531,2865.2819,2833.4531,2864.818,20230104,764919.0,1532602.0
2863.739,2871.3242,2850.9525,2867.0273,20230105,580524.0,1531356.0
2865.3279,2878.1307,2856.5612,2872.5838,20230106,641456.0,1572125.0
2871.4546,2880.8627,2869.2507,2878.4769,20230109,485353.0,1608634.0
2878.3072,2878.8292,2848.1495,2861.5104,20230110,588384.0,1612365.0
2860.9607,2863.4854,2844.2782,2859.9246,20230111,452456.0,1619567.0
2863.7032,2870.8775,2852.5438,2863.811,20230112,482136.0,1627168.0
2864.6927,2884.81,2853.8478,2862.1059,20230113,676443.0,1614014.0
2866.2331,2870.349,2860.0158,2864.6399,20230116,468211.0,1621699.0
2867.0852,2875.7565,2856.0373,2866.9046,20230117,429554.0,1613841.0
2865.4418,2881.395,2861.661,2879.7586,20230118,483029.0,1616851.0
