13947.5061,14263.9352,13885.4783,13981.1522,20200102,641977.0,694322.0
14015.7045,14136.4693,13986.8228,14030.9875,20200103,354484.0,682997.0
13972.7946,14149.2852,13858.8324,14092.5656,20200106,444084.0,684460.0
14074.6552,14283.1577,14072.2316,14241.7511,20200107,501675.0,699936.0
14223.6094,14251.8635,14054.1045,14192.1733,20200108,381908.0,697257.0
14190.0448,14402.5659,14190.0448,14284.6426,20200109,606073.0,708020.0
14311.8732,14386.0455,14245.0762,14310.7865,20200110,305810.0,708078.0
14325.4708,14467.5014,14296.706,14458.1828,20200113,379286.0,711248.0
14447.6988,14477.5801,14102.2553,14189.8679,20200114,439745.0,698503.0
14221.1922,14267.3535,13950.7616,13960.2589,20200115,437839.0,682127.0
13949.6549,14142.6353,13928.5969,14053.7229,20200116,329430.0,679511.0
14034.2456,14114.1092,13961.1884,14064.4626,20200117,232385.0,672708.0
14136.995,14209.7666,14000.0601,14029.3202,20200120,294756.0,667736.0
14010.301,14111.1056,13791.7885,13830.0823,20200121,373704.0,646552.0
13883.4514,13883.4514,13376.2023,13741.5984,20200122,606389.0,617531.0
13759.5812,13764.9537,13336.8423,13477.7029,20200123,393818.0,598921.0
12640.134,12929.3088,12602.1212,12602.6484,20200203,319543.0,576413.0
12187.4686,12855.5038,12185.5579,12665.3341,20200204,359487.0,580312.0
12752.2342,13075.4252,12731.6227,13009.365,20200205,448730.0,601200.0
12981.2354,13267.4188,12892.9594,13191.7303,20200206,468995.0,631888.0
13136.7533,13216.6462,13135.6029,13210.9043,20200207,221423.0,636075.0
13114.5107,13187.8289,13089.2213,13153.1063,20200210,225317.0,646624.0
13181.3157,13268.8355,13156.7706,13211.4314,20200211,259888.0,649934.0
13210.8942,13258.1458,12977.8645,13160.7915,20200212,341060.0,640120.0
13186.6523,13237.7273,13087.6671,13136.2898,20200213,248240.0,634319.0
13104.1746,13149.5522,13016.8597,13125.9913,20200214,279943.0,634565.0
13173.8563,13620.2107,13170.5281,13620.0772,20200217,762967.0,684315.0
13499.7444,13523.5187,13235.9718,13297.7188,20200218,602034.0,653908.0
13326.0426,13430.1547,13323.3969,13380.0223,20200219,281958.0,650955.0
13458.6342,13491.6555,13361.4981,13446.1227,20200220,283572.0,657507.0
13421.1487,13493.9622,13342.0871,13383.3904,20200221,295130.0,655140.0
13314.7816,13345.4856,12910.3828,13057.5741,20200224,520808.0,657759.0
12979.1,13170.3349,12901.4253,13141.678,20200225,412499.0,669408.0
13018.3245,13056.6068,12921.2921,12934.3189,20200226,311193.0,665645.0
12882.9151,12917.8098,12748.59,12754.8257,20200227,294628.0,654996.0
12472.9037,12537.8671,12306.9277,12308.9233,20200228,531264.0,633975.0
12254.8881,12684.9361,12251.152,12535.9221,20200302,468617.0,625957.0
12687.5825,12863.7212,12622.9489,12674.407,20200303,549751.0,638950.0
12563.1859,12666.8588,12561.6586,12646.8432,20200304,315507.0,640901.0
12636.4782,13014.7503,12636.4782,12926.8716,20200305,559827.0,643914.0
12861.7356,12909.9321,12750.5939,12767.0817,20200306,506256.0,645234.0
12347.1034,12484.3911,12310.3927,12331.8722,20200309,568685.0,636178.0
12459.7311,12709.4561,12424.2917,12617.2903,20200310,463760.0,637083.0
12598.2635,12676.9223,12478.7988,12491.7798,20200311,297057.0,630238.0
12490.1694,12541.4344,12215.7639,12319.5764,20200312,547034.0,644130.0
12139.4938,12141.9614,11850.8283,11959.0946,20200313,812841.0,659307.0
11872.0321,11889.4962,11623.724,11623.724,20200316,559620.0,672678.0
11587.1286,11799.4938,11581.7349,11751.4588,20200317,509208.0,665147.0
11621.2779,11871.4563,11547.5852,11726.4846,20200318,555725.0,629994.0
11664.2296,11752.413,11287.5776,11288.762,20200319,461217.0,630900.0
11338.4222,11406.306,11087.8986,11195.1209,20200320,737330.0,614001.0
10802.5756,10833.7906,10778.2267,10779.2682,20200323,177975.0,632524.0
10640.9584,10683.6225,10161.6664,10589.5254,20200324,1049080.0,640530.0
10769.1326,10934.7906,10662.873,10934.6928,20200325,751850.0,651230.0
10846.8426,11116.2342,10739.5386,10890.9963,20200326,862413.0,643096.0
10859.8116,11093.808,10852.6551,10975.2486,20200327,593640.0,633915.0
10718.4887,10774.1755,10387.9048,10656.6052,20200330,618672.0,628667.0
10784.6874,10880.2682,10720.422,10779.1662,20200331,487437.0,608008.0
10803.1158,10886.2119,10570.631,10596.7751,20200401,540072.0,598433.0
10381.3948,10818.6949,10350.2349,10750.2708,20200402,630398.0,598413.0
10847.1097,10930.7871,10644.9374,10740.5059,20200403,490053.0,595772.0
11147.7669,11155.9958,10979.757,11051.1744,20200407,393389.0,591425.0
11021.0397,11620.81,10917.0592,11382.2359,20200408,935241.0,621880.0
11432.0312,11505.5873,11350.9736,11407.0587,20200409,465526.0,625928.0
11344.645,11577.8028,11279.7822,11431.0436,20200410,478076.0,627065.0
11534.3954,11592.1357,11188.7557,11244.3026,20200413,459780.0,626157.0
11287.6191,11449.6911,11219.8996,11324.266,20200414,412770.0,625570.0
11327.3026,11430.8417,11267.9593,11303.368,20200415,351682.0,622205.0
11290.9493,11375.3335,11225.8868,11235.667,20200416,306604.0,604374.0
11312.5856,11466.2934,11263.0745,11329.409,20200417,396671.0,607920.0
11244.1675,11469.3488,11238.0785,11447.3956,20200420,374760.0,605097.0
11436.7489,11552.5291,11099.8271,11115.9742,20200421,551790.0,600977.0
11059.5643,11273.3917,10819.2772,11247.7566,20200422,634457.0,596663.0
11532.1997,11690.418,11403.5169,11648.0805,20200423,704444.0,589377.0
11568.2044,11588.522,11409.5884,11424.9252,20200424,490234.0,585764.0
11370.4995,11576.6578,11365.5116,11436.0754,20200427,397754.0,586454.0
11391.0526,11453.015,11255.5958,11376.1454,20200428,397462.0,592116.0
11462.4327,11507.0023,11409.5548,11438.0586,20200429,307971.0,577713.0
11544.0747,11637.9159,11493.2937,11622.9393,20200430,285584.0,524526.0
11384.7962,11388.6763,11156.7363,11315.0837,20200506,374950.0,541381.0
11337.9648,11579.0861,11272.1886,11524.101,20200507,525105.0,555751.0
11568.4591,11810.8986,11545.9775,11644.6679,20200508,837254.0,566861.0
11610.9347,11725.7194,11591.8013,11684.3164,20200512,150368.0,570247.0
11614.5836,11666.6868,11443.9295,11560.0023,20200513,502359.0,535434.0
11579.4429,11624.5379,11455.9068,11505.0281,20200514,325967.0,529441.0
11505.5933,11685.3095,11454.1034,11664.5546,20200515,454715.0,518573.0
11683.7517,11822.5984,11557.7108,11619.1662,20200518,633156.0,520794.0
11654.386,11930.1446,11616.8967,11760.7021,20200519,834977.0,534098.0
11799.3076,12011.6824,11776.8721,11862.0958,20200520,700994.0,504922.0
11879.9611,11920.4205,11798.2909,11860.1443,20200521,505971.0,505616.0
11897.4601,11924.0214,11624.5789,11654.9486,20200522,611918.0,497826.0
11654.2411,11713.1958,11535.3277,11697.9695,20200525,451922.0,484463.0
11697.2178,11763.5324,11650.5921,11709.2496,20200526,336755.0,486319.0
11775.5985,11814.6109,11666.1695,11685.5301,20200527,459139.0,490345.0
11679.0031,11709.5297,11571.6414,11643.9932,20200528,464799.0,501906.0
11648.6341,11663.5656,11555.9326,11564.8939,20200529,345155.0,509488.0
11545.824,11810.797,11487.8282,11785.9115,20200601,587572.0,474188.0
11717.3509,11935.924,11717.3509,11831.1991,20200602,536363.0,477709.0
11856.8636,11891.8546,11808.0165,11877.5065,20200603,347836.0,480326.0
11904.4064,11933.8341,11766.5523,11876.5557,20200604,447175.0,480965.0
11846.4635,12129.4821,11827.8819,12073.3869,20200605,892389.0,519929.0
12104.3123,12245.7168,12025.0335,12081.7002,20200608,622650.0,516371.0
12083.8456,12244.8435,12004.8733,12192.5795,20200609,504941.0,520284.0
12131.3601,12180.7976,12090.9681,12115.1112,20200610,358730.0,512412.0
12118.6754,12154.4229,11944.893,12070.4897,20200611,511877.0,499516.0
12026.2137,12058.8175,11894.8621,11959.3004,20200612,406743.0,491684.0
11977.6847,12054.7246,11799.6247,11812.8687,20200615,438269.0,489031.0
11805.7666,11965.9507,11785.7289,11942.6149,20200616,275612.0,478996.0
11977.7367,12028.3705,11855.097,11942.766,20200617,325591.0,476456.0
11947.8162,12012.278,11923.6802,11992.1801,20200618,226132.0,468057.0
11990.313,12051.362,11950.5031,12012.7936,20200619,290804.0,471576.0
12008.8188,12033.3484,11827.645,11838.8732,20200622,351708.0,508609.0
11827.0367,11887.5063,11771.3004,11780.7672,20200623,335976.0,519167.0
11801.598,11827.029,11739.2349,11766.4155,20200624,232998.0,511048.0
11762.4594,11867.9954,11719.2168,11777.7438,20200629,254647.0,509441.0
11775.562,11870.3346,11774.6172,11792.2613,20200630,270829.0,503643.0
11805.1053,11931.5124,11767.9284,11909.9908,20200701,335489.0,493326.0
11875.9916,12067.9116,11875.9916,12022.3629,20200702,415952.0,487933.0
12048.3109,12153.3851,12002.8641,12089.8598,20200703,371701.0,487939.0
12094.4067,12194.0469,12039.9407,12167.6783,20200706,361458.0,493622.0
12178.9075,12203.4114,12012.2796,12099.2996,20200707,373575.0,480155.0
12103.4524,12155.8194,12037.716,12080.6072,20200708,305111.0,489234.0
12087.2171,12286.0155,12085.1171,12268.0732,20200709,470901.0,486216.0
12214.8623,12308.557,12211.5564,12304.1095,20200713,159695.0,483933.0
12309.8791,12332.4073,12120.0638,12168.9219,20200714,396142.0,472646.0
12161.2869,12290.4647,12160.6719,12264.8015,20200715,326431.0,454449.0
12269.995,12306.0055,12106.147,12139.9598,20200716,345844.0,450813.0
12133.8328,12182.2934,12093.6042,12120.5798,20200720,93213.0,452565.0
12205.8298,12335.1717,12198.1738,12274.5878,20200721,383374.0,443667.0
12269.2805,12604.7744,12259.5161,12363.9067,20200722,819191.0,480786.0
12305.5366,12416.2604,12237.3351,12278.6854,20200723,454050.0,470042.0
12261.4499,12346.844,12161.1978,12221.4478,20200724,486780.0,454154.0
12180.8914,12211.7468,12110.4073,12150.9205,20200727,376472.0,467536.0
12152.3687,12274.6229,12150.9623,12188.9794,20200728,323624.0,468747.0
12185.1062,12313.2319,12139.6885,12297.7714,20200729,278669.0,464951.0
12330.7574,12413.1801,12273.5081,12306.8501,20200730,476561.0,460433.0
12276.8426,12327.3395,12166.4759,12262.2137,20200731,437879.0,460057.0
12282.4448,12435.1961,12207.8701,12395.9543,20200803,422241.0,472173.0
12422.2844,12460.6938,12308.1322,12335.7905,20200804,331305.0,478135.0
12355.27,12421.925,12329.488,12355.7773,20200805,274451.0,473895.0
12391.8774,12596.4419,12341.5363,12591.9726,20200806,536104.0,493606.0
12613.281,12858.2767,12559.858,12706.8811,20200807,881928.0,518652.0
12717.0017,12747.6425,12480.3669,12515.3063,20200810,551908.0,500362.0
12527.6713,12612.895,12518.923,12553.0404,20200811,321062.0,499843.0
12537.1637,12727.4888,12533.9971,12721.8373,20200812,524975.0,498435.0
12714.2758,12754.4731,12570.2999,12626.3345,20200813,318537.0,493695.0
12635.4197,12702.739,12586.403,12681.724,20200814,273901.0,486405.0
12681.8639,12800.8225,12635.6821,12782.2054,20200817,373838.0,498474.0
12784.6083,12842.4135,12744.0363,12782.4672,20200818,312126.0,497977.0
12782.6328,12808.8823,12699.1614,12716.9983,20200819,272722.0,491091.0
12725.6986,12756.4207,12649.1973,12737.4399,20200820,229291.0,480462.0
12738.1069,12843.8598,12686.8551,12823.9998,20200821,338934.0,481520.0
12806.4611,12889.0879,12739.6698,12848.8047,20200824,327714.0,477782.0
12987.616,13002.8576,12840.1185,12863.0095,20200825,341650.0,479528.0
12872.2898,12926.3304,12831.8289,12909.3233,20200826,222002.0,477223.0
12932.8799,12962.7373,12875.4134,12912.8307,20200827,217510.0,479397.0
12900.5293,12970.4049,12878.3368,12970.0739,20200828,241562.0,479122.0
12949.9103,13129.1349,12948.1613,13080.3962,20200831,406703.0,487301.0
13076.7412,13109.7625,13003.0788,13096.7577,20200901,220084.0,483356.0
13148.7483,13177.9987,13060.9875,13089.9958,20200902,253164.0,486606.0
13058.6756,13072.1003,12957.1084,12995.7125,20200903,298789.0,470193.0
12979.0652,13009.2178,12801.0856,12846.4042,20200904,344343.0,473820.0
12886.9623,12935.8085,12851.9588,12896.4247,20200907,206143.0,465836.0
12915.6228,12963.1889,12889.9385,12939.0179,20200908,194367.0,466213.0
12887.1372,12892.9093,12295.9956,12413.5429,20200909,680287.0,473209.0
12485.0863,12644.4993,12452.7375,12566.0816,20200910,298584.0,454241.0
12573.1269,12615.379,12535.0817,12579.7568,20200911,188392.0,450663.0
12571.8923,12636.2707,12548.5613,12613.0783,20200914,174633.0,450752.0
12701.6315,12883.4368,12685.6926,12843.024,20200915,320656.0,420314.0
12825.4787,12857.4022,12764.686,12821.2836,20200916,177223.0,422251.0
12824.0974,12880.1184,12785.1365,12826.1281,20200917,199961.0,423583.0
12829.4383,12869.3761,12736.1852,12861.0116,20200918,225754.0,418972.0
12834.811,12988.5647,12826.9894,12988.4126,20200921,312297.0,417702.0
12947.7693,13052.9974,12780.7794,13008.9232,20200922,385991.0,414091.0
12988.7426,13039.9611,12763.6619,12868.7614,20200923,327181.0,406988.0
12854.5784,12929.8335,12713.9122,12763.9552,20200924,297545.0,411323.0
12760.6423,12892.4313,12726.1505,12731.3163,20200925,272265.0,411513.0
12761.3987,12884.8415,12705.2836,12871.5013,20200928,237584.0,394174.0
12892.8847,12915.5992,12721.6364,12814.6048,20200929,230000.0,394142.0
12800.4836,12945.1515,12780.5387,12857.3026,20200930,234018.0,383592.0
13179.5975,13361.6692,13121.964,13356.8607,20201009,281070.0,406973.0
13358.9013,14037.4554,13358.9013,13935.5631,20201012,785601.0,457613.0
13935.4739,14201.4529,13834.5085,14085.4095,20201013,626705.0,466264.0
14148.7594,14365.7003,14076.5496,14357.3209,20201014,708817.0,514106.0
14372.1153,14436.3866,14276.5088,14371.6605,20201015,568358.0,530836.0
14318.1546,14703.9633,14220.3539,14587.9523,20201016,808737.0,561747.0
14639.2411,15312.1551,14533.8536,14974.4737,20201019,1260247.0,587361.0
14974.2031,15015.4198,14650.7356,14864.3651,20201020,860130.0,570889.0
14876.9932,14899.6707,14598.6112,14677.9579,20201021,916295.0,567934.0
14771.089,14787.5656,14397.9982,14545.3257,20201022,906596.0,566333.0
14570.4603,14773.1912,14454.2697,14466.1192,20201023,799794.0,562234.0
14516.2034,14692.9399,14369.996,14525.164,20201026,724911.0,554081.0
14525.9431,14623.6797,14428.8581,14513.1635,20201027,575024.0,556266.0
14530.8118,14793.7965,14457.1006,14704.8192,20201028,1100079.0,578557.0
14532.3683,14610.8733,14370.0266,14451.3822,20201029,670402.0,564002.0
14414.1268,14602.0149,14239.7015,14467.1485,20201030,851433.0,543170.0
14472.1049,14529.1121,14312.8953,14342.139,20201102,492386.0,530368.0
14351.7215,14437.825,14253.5476,14282.3701,20201103,397184.0,542905.0
14338.9829,14585.7699,14294.0778,14475.2807,20201104,597450.0,527821.0
14521.2128,14530.2302,14327.9789,14376.1693,20201105,416699.0,533370.0
14411.6839,14444.7752,14066.1002,14079.1368,20201106,570811.0,539498.0
14101.7157,14259.4119,13950.9666,14221.5233,20201109,557777.0,507827.0
14294.374,14335.0098,14177.9573,14209.6037,20201110,357425.0,508210.0
14229.2131,14414.3264,14195.6262,14339.3847,20201111,397059.0,519707.0
14325.2357,14385.869,14254.0352,14293.8281,20201112,286124.0,517687.0
14314.2915,14364.1702,14185.533,14206.1976,20201113,296913.0,519811.0
14213.0811,14283.4056,14036.2351,14239.7825,20201116,381827.0,506311.0
14269.8049,14348.748,14120.1612,14154.2006,20201117,376139.0,514777.0
14152.1364,14233.7603,14112.8988,14157.7713,20201118,233600.0,516604.0
14191.8498,14346.3766,14157.985,14343.7361,20201119,344672.0,519683.0
14327.6499,14480.9134,14238.5647,14258.5708,20201120,645140.0,548173.0
14312.8101,14479.6632,14270.4211,14431.2642,20201123,369890.0,557121.0
14454.0004,14626.6046,14446.3535,14608.9764,20201124,504058.0,590602.0
14533.5964,14561.0044,14450.49,14474.1303,20201125,364064.0,586492.0
14478.7938,14520.9603,14351.6476,14395.0827,20201126,298569.0,575977.0
14404.2526,14612.3985,14387.829,14605.4515,20201127,362690.0,583788.0
14601.139,14649.9921,14498.2695,14605.9609,20201130,432545.0,581251.0
14607.8904,14664.8613,14442.4523,14534.9871,20201201,355065.0,581132.0
14542.283,14645.4213,14405.5865,14412.3786,20201202,428665.0,572020.0
14387.967,14479.5423,14319.5351,14473.8401,20201203,301257.0,558411.0
14462.4628,14476.0857,14308.234,14371.8198,20201204,346060.0,553391.0
14382.1587,14636.345,14381.0598,14636.3441,20201207,498350.0,582950.0
14620.327,14711.4375,14539.7028,14551.5872,20201208,491987.0,583859.0
14554.3007,14576.8924,14456.1504,14509.4182,20201209,328882.0,565961.0
14521.7039,14661.2473,14483.761,14551.4183,20201210,391820.0,564998.0
14589.8538,14796.8694,14545.688,14794.4196,20201211,705904.0,634188.0
14791.5952,14896.982,14702.994,14861.0371,20201214,499333.0,662276.0
14859.6097,14950.3902,14760.1588,14805.1327,20201215,460676.0,662663.0
14830.1179,14867.5441,14788.0725,14804.6306,20201216,257796.0,650992.0
14832.7843,14893.8011,14790.5391,14832.1719,20201217,270634.0,645552.0
14854.2296,15002.874,14850.2026,14927.5604,20201218,438186.0,667814.0
14895.8994,15087.3087,14894.8394,15087.2606,20201221,405259.0,687452.0
14985.2227,14987.0389,14527.3848,14546.263,20201222,689223.0,631884.0
14649.7332,14741.8766,14521.825,14732.2463,20201223,433110.0,617022.0
14810.1382,14844.6916,14718.3727,14804.5951,20201224,256333.0,613620.0
14794.0881,14957.6418,14780.4721,14938.9725,20201225,295817.0,621211.0
14898.2635,14930.8725,14819.5852,14880.1897,20201228,251673.0,612659.0
14900.5158,14977.9842,14821.7553,14874.7761,20201229,333421.0,601397.0
14891.8305,15083.6187,14873.9238,15048.4224,20201230,497754.0,629104.0
15041.4845,15185.6592,14994.8398,15076.0893,20201231,501790.0,642692.0
15076.1756,15381.8529,15075.3218,15377.9207,20210104,447522.0,706063.0
15354.4447,15490.4976,15224.1437,15311.1519,20210105,505873.0,723211.0
15337.0307,15474.6768,15265.7483,15441.9556,20210106,433504.0,727963.0
15455.3602,15589.6613,15363.8605,15544.2825,20210107,593574.0,752786.0
15516.2703,15617.8198,15327.6437,15426.6006,20210108,426572.0,750279.0
15476.5313,15504.3995,15119.0587,15119.0587,20210111,579620.0,702268.0
15166.6368,15250.2075,14919.4563,15218.2488,20210112,445040.0,673616.0
15213.7121,15471.8569,15203.8479,15363.1313,20210113,368323.0,674801.0
15340.9959,15376.782,14968.3907,14977.765,20210114,477505.0,652185.0
15026.7062,15129.5569,14944.4808,14996.3911,20210115,340364.0,646117.0
15032.9299,15283.1795,14978.5258,15234.1573,20210118,330873.0,634834.0
15221.8747,15385.9957,15212.4581,15272.1437,20210119,369043.0,629082.0
15311.3128,15351.8703,15086.3545,15114.3887,20210120,368483.0,618864.0
15125.5881,15323.5477,15089.4778,15293.5487,20210121,292140.0,622625.0
15351.8081,15415.6148,15098.1242,15224.4361,20210122,468503.0,618812.0
15136.2287,15195.8507,15007.7438,15153.5861,20210125,347682.0,619576.0
15198.3826,15205.9978,14845.8733,14879.51,20210126,401646.0,618954.0
14948.7815,15148.5412,14887.2122,15130.9776,20210127,308023.0,605356.0
15085.8394,15097.1196,14839.8648,14881.5717,20210128,321076.0,606653.0
14886.9283,15015.4348,14761.1722,14809.4242,20210129,354630.0,604182.0
14874.8584,15127.6501,14845.8431,15099.0519,20210201,290245.0,588642.0
15090.7317,15133.4851,14943.9254,14953.6249,20210202,232805.0,584591.0
14964.972,14996.1695,14882.0435,14911.0057,20210203,209341.0,593187.0
14945.4713,15443.1932,14903.2922,15334.0614,20210204,426250.0,609482.0
15304.3614,15618.5328,15272.8879,15617.6382,20210205,480903.0,638156.0
15609.603,15671.3513,15368.2191,15596.8739,20210208,416670.0,643657.0
15604.3332,15707.9285,15535.294,15630.7415,20210209,271209.0,646482.0
15673.9046,15804.6102,15549.166,15741.8486,20210210,314773.0,642991.0
15969.5029,16141.6434,15945.5039,16036.0548,20210218,296033.0,684697.0
16067.3517,16223.0384,15918.3016,16126.3762,20210219,373081.0,708776.0
16127.7989,16524.197,16051.3572,16327.6947,20210222,517495.0,766061.0
16346.208,16652.1649,16248.6891,16377.6464,20210223,514429.0,772376.0
16334.8284,16427.4574,16235.4794,16307.8778,20210224,356643.0,759595.0
16372.4054,17097.9832,16346.1361,16771.8938,20210225,818054.0,785317.0
16608.5889,16881.5749,16034.7325,16267.357,20210226,723269.0,746926.0
16205.3949,16744.8783,16071.759,16716.5548,20210301,713900.0,773456.0
16776.9323,16879.9786,16297.5799,16460.4693,20210302,701512.0,765677.0
16551.6788,16607.5471,16269.7078,16411.619,20210303,437526.0,758794.0
16405.7,16436.4264,16048.5097,16104.7036,20210304,540502.0,723654.0
16135.8884,16227.1725,15833.3708,16025.4953,20210305,582937.0,699269.0
16010.429,16318.7343,15900.0817,16123.5482,20210308,614460.0,728594.0
16108.2553,16126.4742,15848.8951,15862.5513,20210309,459531.0,725172.0
15886.0765,15927.8928,15388.5882,15608.5565,20210310,803668.0,682975.0
15579.51,15893.2482,15512.4258,15859.5976,20210311,466149.0,692571.0
15846.5083,16084.2207,15820.5567,15941.9959,20210312,475331.0,709464.0
15865.2542,15946.1453,15739.0712,15778.9082,20210315,397881.0,716675.0
15757.8872,15801.2137,15594.7577,15597.4767,20210316,377634.0,713283.0
15632.2387,15842.6737,15615.1854,15807.4313,20210317,364710.0,719068.0
15744.4847,15919.0591,15647.9871,15738.0555,20210318,363792.0,722237.0
15706.3937,15767.3519,15301.415,15353.9631,20210319,612942.0,727669.0
15356.6314,15493.7675,15298.093,15412.3632,20210322,319632.0,723726.0
15423.1313,15486.4209,15270.1446,15413.1519,20210323,342746.0,721462.0
15352.5908,15353.7149,14934.8109,15019.884,20210324,576898.0,713275.0
15053.624,15141.3758,14763.9849,14994.1033,20210325,616276.0,701026.0
14856.6133,14907.3747,14372.7493,14730.8987,20210326,1191331.0,706854.0
14856.2062,15081.2357,14793.1103,14849.5431,20210329,710995.0,714594.0
14899.4754,15070.1989,14854.9087,14987.3068,20210330,469179.0,710274.0
15029.0288,15044.4233,14786.3775,14831.9433,20210331,421176.0,698550.0
14833.1417,14975.3209,14634.4776,14878.8235,20210401,560232.0,688349.0
14873.3102,15023.631,14674.7192,15005.2611,20210402,541235.0,691662.0
14925.3686,15218.0711,14869.0585,15211.2479,20210406,502762.0,696928.0
15215.1535,15287.6878,15052.5873,15135.6122,20210407,470578.0,692112.0
15133.9008,15133.9008,14980.7848,15032.9559,20210408,433203.0,686824.0
15054.4698,15224.3701,14952.2573,15167.4496,20210409,576420.0,691007.0
15168.3564,15204.7223,14788.8636,15049.0773,20210412,600358.0,680030.0
15042.1638,15060.3853,14820.0711,14820.0711,20210413,441109.0,672913.0
14854.4077,15023.8743,14832.2048,14981.9942,20210414,424403.0,665126.0
15015.4393,15247.7325,15002.0992,15238.2128,20210415,405705.0,656163.0
15203.6617,15432.7897,15191.0023,15391.5047,20210416,429148.0,660582.0
15348.5399,15378.7857,15205.1956,15336.218,20210419,359177.0,661802.0
15434.5857,15469.1668,15257.5702,15427.7169,20210420,373112.0,681448.0
15396.7255,15433.4674,15219.9282,15364.6283,20210421,347584.0,670337.0
15331.0115,15591.447,15295.9881,15558.6571,20210422,460893.0,689096.0
15524.4286,15955.5807,15485.327,15846.9801,20210423,611550.0,729403.0
15844.6945,15971.9495,15648.5339,15658.8801,20210426,544983.0,712719.0
15711.1823,15892.4147,15665.2555,15884.4311,20210427,414348.0,714748.0
15854.4794,16047.2765,15785.2834,15916.0555,20210428,624610.0,731030.0
15814.1286,15951.5943,15808.4097,15854.5599,20210429,379191.0,718620.0
15821.0161,15846.5828,15541.4878,15612.5675,20210430,505104.0,668999.0
15694.7,15940.2431,15674.4882,15866.7157,20210506,276588.0,673012.0
15869.1462,16180.4055,15858.5237,16034.3319,20210507,598556.0,697655.0
16001.1382,16129.3246,15922.05,16114.5437,20210510,476957.0,696422.0
16098.0906,16105.3662,15820.9362,15913.6733,20210511,492489.0,669930.0
15958.8249,16374.3421,15924.8297,16331.7165,20210512,634148.0,702710.0
16220.3476,16254.2034,15789.3386,15867.5859,20210513,686046.0,674027.0
15847.7427,15914.3828,15538.0176,15639.5963,20210514,620697.0,652304.0
15672.1512,15848.6621,15593.5445,15687.717,20210517,452560.0,658243.0
15684.5017,15833.6392,15618.9359,15820.5825,20210518,338493.0,651609.0
15803.2945,15862.1176,15653.0348,15663.2364,20210519,367815.0,656046.0
15580.2917,15843.4453,15440.2657,15839.2995,20210520,593821.0,628383.0
15781.9358,16147.4164,15648.9253,16091.7858,20210521,735048.0,634485.0
16086.8561,16142.9601,15720.3869,15740.1409,20210524,644024.0,626575.0
15739.3778,15823.2781,15680.7809,15779.319,20210525,386281.0,633899.0
15742.0823,15778.2202,15495.6458,15587.7073,20210526,486193.0,642612.0
15628.3324,15628.3324,15342.7799,15353.1183,20210527,469433.0,638762.0
15413.8886,15561.5987,15387.2776,15468.7833,20210528,382318.0,635178.0
15469.2535,15552.7641,15380.8712,15528.5425,20210531,335318.0,624170.0
15530.7611,15627.7321,15432.6264,15622.0705,20210601,275443.0,619651.0
15737.2186,15807.6998,15640.208,15711.4974,20210602,417552.0,603934.0
15713.6403,15990.9287,15655.7528,15948.0794,20210603,455566.0,610690.0
15899.5175,15958.7815,15769.5431,15935.0931,20210604,412048.0,606862.0
15998.0418,16009.4766,15836.8529,15886.3942,20210607,356521.0,596678.0
15906.4622,15959.2102,15790.52,15953.6715,20210608,337519.0,596997.0
15953.8419,16178.9876,15928.9446,16094.6332,20210609,465959.0,613696.0
16099.6196,16130.8175,15936.7847,16049.1636,20210610,275439.0,603954.0
16054.4797,16229.809,16005.825,16111.0143,20210611,442266.0,614119.0
15959.5665,15971.8373,15675.7573,15811.4895,20210615,422679.0,589736.0
15828.1195,15874.8299,15729.8776,15738.3633,20210616,258027.0,581898.0
15755.6703,15833.732,15666.9404,15723.3687,20210617,310164.0,576781.0
15676.4657,15694.311,15539.4231,15574.7275,20210618,361075.0,586614.0
15587.1624,15678.294,15517.0761,15517.0787,20210621,311970.0,597273.0
15516.9385,15680.474,15485.5498,15655.6355,20210622,261571.0,593054.0
15659.2294,15918.9957,15640.1978,15914.3537,20210623,360721.0,576399.0
15925.8098,16002.788,15892.908,15993.144,20210624,285609.0,568031.0
15968.0759,16118.368,15932.8348,16081.6918,20210625,280675.0,575224.0
16083.5699,16137.492,15966.1312,16098.1411,20210628,299094.0,580482.0
16123.0476,16177.2345,15982.6279,16110.44,20210629,377994.0,586529.0
16115.4214,16168.4084,16018.1882,16133.039,20210630,265715.0,594703.0
16080.4473,16093.0659,15870.4009,15974.4688,20210701,381563.0,578424.0
16064.0049,16374.5351,16064.0049,16366.7034,20210702,560873.0,632796.0
16342.4589,16577.5267,16260.6403,16483.0819,20210705,489865.0,663933.0
16561.0235,16732.4643,16510.3942,16687.2974,20210706,408982.0,678248.0
16730.5786,16738.8338,16274.143,16561.8536,20210707,716330.0,646625.0
16534.7948,16590.1052,16350.6126,16483.3727,20210708,387927.0,641707.0
16405.4734,16465.4173,16311.3738,16447.9372,20210709,340844.0,642251.0
16508.8141,16661.945,16460.5881,16498.9477,20210712,386692.0,637594.0
16492.8941,16725.1709,16466.2227,16711.9648,20210713,354764.0,664695.0
16651.5765,16931.6605,16617.4918,16820.8679,20210714,526932.0,692071.0
16884.2987,17056.5622,16833.879,16918.8919,20210715,485668.0,690621.0
16920.8576,16989.2731,16714.1631,16921.6378,20210716,457334.0,682930.0
16960.2621,17021.3715,16741.3302,16803.6332,20210719,528345.0,675247.0
16641.6315,16817.4694,16476.0017,16788.0814,20210720,574441.0,642985.0
16795.9921,16906.9024,16718.4596,16775.0749,20210721,321136.0,641415.0
16772.2532,17255.0393,16754.9614,17111.1869,20210722,502316.0,675240.0
17171.9368,17371.6561,17070.2468,17279.6987,20210723,555277.0,688574.0
17263.0099,17314.0088,17017.6398,17108.2282,20210726,481610.0,677868.0
17105.5525,17911.5168,17081.4288,17553.2745,20210727,995414.0,693142.0
17581.9328,17713.9136,17560.5074,17672.5074,20210728,533556.0,697838.0
17670.8617,17747.3308,17448.8465,17696.178,20210729,512937.0,699073.0
17692.8142,17701.5777,17346.4345,17456.8349,20210730,632502.0,677001.0
17424.2454,17515.8182,17163.3295,17429.1617,20210802,573334.0,669486.0
17443.1561,17483.1451,17160.3768,17168.257,20210803,489863.0,652324.0
17157.3909,17447.6854,17122.2842,17384.0347,20210804,432799.0,646162.0
17355.5029,17420.0282,17242.962,17271.1239,20210805,468375.0,629956.0
17288.8348,17638.8521,17225.6109,17592.6755,20210806,524924.0,661233.0
17603.649,17750.6038,17550.1343,17628.6868,20210809,553953.0,662232.0
17583.2799,17855.1651,17531.6575,17786.6528,20210810,502924.0,658290.0
17891.4693,17891.5001,17660.5873,17763.2466,20210811,449515.0,636783.0
17787.987,17830.7113,17628.2872,17666.8614,20210812,397982.0,627989.0
17693.1098,17921.5866,17619.9733,17813.8877,20210813,408085.0,632109.0
17837.012,18130.6318,17813.5889,18092.8368,20210816,504657.0,651414.0
18044.6684,18403.0467,17995.4887,18260.54,20210817,506605.0,652000.0
18303.3395,18467.4858,18205.1929,18260.1338,20210818,458606.0,640105.0
18313.796,18384.5315,18001.4482,18245.5366,20210819,673899.0,617470.0
18034.6858,18077.8185,17536.412,17592.5952,20210820,789834.0,572159.0
17599.4483,17935.2011,17595.297,17847.0352,20210823,440729.0,556722.0
17883.1888,17883.8497,17369.0978,17386.4207,20210824,573073.0,548983.0
17408.9184,17639.9749,17408.5807,17554.6395,20210825,357175.0,546901.0
17597.3829,17743.9495,17432.0732,17572.5423,20210826,467769.0,536325.0
17566.6356,17691.0115,17438.8147,17581.2275,20210827,388271.0,531539.0
17616.735,17734.8861,17395.7535,17439.6988,20210830,487407.0,530629.0
17495.768,17588.7404,17207.8461,17276.7221,20210831,453428.0,527289.0
17313.626,17341.5236,17109.9341,17264.3598,20210901,402950.0,517461.0
17293.2785,17508.4126,17160.7754,17455.1137,20210902,435389.0,517994.0
17480.252,17910.3683,17457.9405,17900.1327,20210903,505885.0,515021.0
17858.1517,17928.9158,17736.5135,17803.5069,20210906,343707.0,519508.0
17831.1208,17907.6324,17660.9278,17903.7594,20210907,316361.0,532936.0
17862.7266,18098.8641,17781.8994,18077.1458,20210908,516047.0,549920.0
18067.5181,18168.8805,17958.4533,17961.5005,20210909,434657.0,557437.0
17937.5266,17997.089,17460.8045,17538.1255,20210910,717696.0,556649.0
17640.5467,17686.5568,17384.302,17422.0416,20210913,472078.0,556659.0
17452.9311,17487.0009,17332.9071,17418.1223,20210914,336477.0,552671.0
17409.8319,17537.5801,17272.8123,17472.997,20210915,338726.0,535872.0
17464.109,17670.5174,17383.1498,17614.6612,20210916,383261.0,525668.0
17554.1399,17615.7247,17270.2215,17361.4009,20210917,372654.0,526351.0
17183.1985,17321.5927,17031.2683,17157.2057,20210922,333811.0,526692.0
17235.2444,17281.9271,17063.6037,17120.2574,20210923,308080.0,528132.0
17197.915,17515.9293,17180.8939,17506.2631,20210924,399254.0,522035.0
17521.995,18623.8732,17513.1533,18481.5334,20210927,853014.0,543836.0
18449.6334,18821.8942,18324.9509,18731.9291,20210928,572924.0,548367.0
18788.5237,19462.7561,18663.3549,19185.5213,20210929,781745.0,559628.0
19411.7736,19980.8471,19151.1142,19957.6076,20210930,1078194.0,577657.0
21198.5063,21208.5183,21198.5063,21208.218,20211008,36680.0,552034.0
22160.1088,22160.1088,20924.6318,21427.6284,20211011,1312407.0,589866.0
21105.2799,21653.0881,20624.1437,21573.5494,20211012,918217.0,638743.0
21486.4845,21612.509,20222.4669,20810.8964,20211013,1087631.0,591951.0
20858.4767,21317.2318,20706.3405,21135.5819,20211014,777147.0,629816.0
21124.8734,22576.9242,21121.0403,22574.425,20211015,921369.0,685537.0
22622.9916,22732.4883,20933.1819,21650.3076,20211018,1487197.0,674921.0
21576.5581,21631.2955,21229.4755,21440.2567,20211019,465899.0,693007.0
21282.9321,21396.7107,20870.4618,21187.906,20211020,542054.0,680782.0
21241.3867,21618.2406,20887.1136,20935.1416,20211021,542852.0,690326.0
21027.075,21179.2759,20593.6749,21019.8445,20211022,692046.0,692754.0
21004.0642,21312.2635,20738.6163,21264.2019,20211025,542385.0,693760.0
21207.5038,21208.4647,20807.5385,20973.3523,20211026,391446.0,687336.0
21007.445,21207.4022,20768.7545,20904.6026,20211027,488828.0,688736.0
20913.1108,21394.0212,20630.7799,21180.2617,20211028,727750.0,671204.0
21367.2818,21592.8184,21058.1742,21085.4991,20211029,579474.0,671841.0
21257.1052,21478.8404,21138.4951,21351.4484,20211101,370714.0,677186.0
21468.345,21707.985,21210.4497,21371.1691,20211102,533989.0,672322.0
21394.2008,21463.2659,21016.0696,21291.8189,20211103,423353.0,672433.0
21300.4851,21357.0481,21096.7114,21116.8524,20211104,301347.0,677791.0
21194.8889,21316.5099,21021.8263,21203.9788,20211105,385221.0,674634.0
21145.5667,21455.8548,20748.6957,21420.9677,20211108,614061.0,678936.0
21444.361,21448.5789,21150.172,21241.8159,20211109,276717.0,669526.0
21271.4541,21426.1746,21160.054,21361.5161,20211110,339024.0,667335.0
21371.948,21585.6556,21276.7578,21326.4371,20211111,390006.0,671121.0
21310.9037,21343.7007,21103.3142,21209.3109,20211112,281505.0,681522.0
21150.8357,21437.1269,21125.257,21397.4842,20211115,289694.0,677101.0
21363.5594,21618.6504,21332.6026,21549.0607,20211116,325286.0,679707.0
21536.3392,21687.2026,21483.9268,21571.423,20211117,311994.0,699052.0
21599.3742,21713.1834,21540.412,21604.0984,20211118,225080.0,693138.0
21576.3838,21577.2462,21356.9524,21505.4814,20211119,300182.0,684121.0
21403.2019,21589.5654,21390.3247,21436.8089,20211122,236288.0,685874.0
21431.6482,21478.9502,21188.643,21229.3979,20211123,350800.0,699488.0
21233.4598,21494.4186,21206.2902,21487.043,20211124,278143.0,698194.0
21471.4821,21473.8601,21179.1907,21246.361,20211125,310739.0,710112.0
21227.9739,21275.2021,21085.3318,21088.5195,20211126,279285.0,727254.0
20996.1115,21069.4528,20536.2218,20701.2608,20211129,620800.0,733773.0
20784.6624,20797.363,19564.0455,19604.2744,20211130,828896.0,732193.0
19612.9232,20312.8835,19242.3886,20142.6335,20211201,931297.0,700805.0
20075.3664,20189.6299,19704.8252,19967.4071,20211202,537046.0,697260.0
19938.7267,20091.9543,19737.4688,20018.2396,20211203,540345.0,672678.0
20056.4654,20110.5948,19875.6075,20022.4288,20211206,426659.0,671978.0
20043.5733,20310.6987,19994.4498,20117.8016,20211207,348856.0,661428.0
20115.8895,20145.1685,19791.7093,19929.9144,20211208,387793.0,673388.0
19861.9131,19954.0714,19719.1103,19737.0407,20211209,360114.0,656572.0
19627.142,19925.1651,19511.9242,19850.5551,20211210,358246.0,656622.0
19855.0875,20046.8321,19724.5958,19903.019,20211213,343811.0,643637.0
19889.1445,19944.5289,19688.4155,19821.359,20211214,337940.0,642396.0
19838.57,20010.1928,19707.861,19892.9699,20211215,369603.0,632788.0
19901.0391,20043.3961,19706.8157,19985.6541,20211216,381931.0,609555.0
19972.8326,20433.1484,19954.06,20152.503,20211217,403673.0,592121.0
20122.7328,20184.1194,19884.1444,19993.3863,20211220,253420.0,587930.0
19982.8927,20100.5532,19862.8208,20009.6294,20211221,263468.0,582668.0
20033.8772,20153.1246,19973.0378,20104.8607,20211222,220919.0,580351.0
20082.5408,20257.9455,20073.0378,20229.6872,20211223,261937.0,580220.0
20259.632,20271.9408,20136.12,20162.9339,20211224,211831.0,577960.0
20181.2306,20234.2675,20113.6248,20162.6238,20211227,220732.0,578088.0
20163.2775,20531.1313,20080.7628,20377.2068,20211228,354095.0,578398.0
20395.2208,20413.6079,20237.1328,20340.4134,20211229,211351.0,578492.0
20311.592,20556.4885,20299.1414,20546.0247,20211230,233218.0,579874.0
20541.1167,20802.1083,20486.5731,20780.6396,20211231,296747.0,577599.0
20752.9185,20846.9446,20669.9386,20744.3715,20220104,164729.0,577410.0
20813.6223,21193.5384,20775.5425,21108.0953,20220105,418087.0,575441.0
21088.7297,21149.3536,20902.5844,20949.6276,20220106,258534.0,572492.0
20995.4881,21177.7196,20952.1709,21066.2458,20220107,248900.0,579101.0
21052.1654,21253.7238,21028.4904,21226.3521,20220110,256145.0,585196.0
21209.3343,21230.5707,20965.8702,21152.7071,20220111,265944.0,572002.0
21212.5909,21321.7737,21123.6414,21149.4384,20220112,240869.0,574659.0
21168.1216,21389.4473,21163.7722,21365.4249,20220113,291280.0,571553.0
21380.7115,21398.4136,21137.9063,21344.2091,20220114,228108.0,569642.0
21384.3725,21620.5218,21335.228,21576.3149,20220117,280866.0,587103.0
21527.6121,21530.0238,21222.9723,21439.5278,20220118,284878.0,552847.0
21446.7955,21725.3701,21440.81,21712.6539,20220119,275806.0,559440.0
21746.6332,21790.6835,21674.4287,21741.6878,20220120,208305.0,554722.0
21689.0487,21758.9349,21527.7973,21614.5819,20220121,278035.0,547106.0
21644.803,21678.647,21471.6337,21554.0696,20220124,237544.0,540917.0
21567.2159,21738.0591,21507.2067,21609.471,20220125,229565.0,546668.0
21608.6031,21731.587,21522.4704,21620.1399,20220126,230807.0,541345.0
21656.1483,21784.0656,21539.6832,21676.5915,20220127,273288.0,536238.0
21678.9254,21703.6033,21388.9385,21422.0327,20220128,257878.0,505518.0
21739.6968,22105.3538,21733.6728,21896.8912,20220207,248210.0,517642.0
21889.3769,21941.7342,21677.8341,21693.2976,20220208,202988.0,517502.0
21685.7859,21741.7612,21593.3237,21622.7752,20220209,217726.0,516981.0
21687.8698,21689.7102,21509.3627,21566.2114,20220210,198032.0,521682.0
21596.3522,21701.4526,21529.1785,21617.4031,20220211,211781.0,517026.0
21678.3311,21743.1136,21575.3072,21611.1144,20220214,211199.0,510448.0
21619.6404,21619.6404,21158.874,21270.7943,20220215,412048.0,519840.0
21268.8452,21317.0461,21033.34,21045.8856,20220216,248479.0,530628.0
21063.4952,21215.1909,20878.2952,21152.7294,20220217,313620.0,527729.0
21128.8259,21192.7883,20964.9982,21118.937,20220218,221257.0,526485.0
21114.0945,21261.9071,21079.6992,21109.6673,20220221,176135.0,523493.0
21160.4033,21192.4481,21041.8065,21126.3214,20220222,226891.0,518581.0
21084.3682,21208.6226,21051.2253,21136.2174,20220223,177875.0,520573.0
21137.7504,21268.1156,20935.746,21260.2725,20220224,316531.0,515539.0
21256.7048,21364.1045,20665.4176,20714.8688,20220225,435117.0,533385.0
20640.3837,20903.3608,20448.2347,20524.8599,20220228,386974.0,534288.0
20524.672,20745.3764,20477.2891,20690.6442,20220301,234363.0,525870.0
20697.3646,21180.5576,20697.3646,21088.4455,20220302,380535.0,508417.0
21083.5426,21112.0785,20743.593,20941.1015,20220303,251826.0,505371.0
21058.1894,21058.1894,20782.678,20825.1083,20220304,235330.0,509043.0
20842.8082,21020.9182,20736.6897,20946.2709,20220307,331968.0,499496.0
20824.9128,21104.1373,20676.819,21099.1096,20220308,406367.0,499877.0
20965.1343,21273.5473,20802.5781,21226.4987,20220309,371567.0,498014.0
21074.1319,21220.3904,20849.0987,21005.2786,20220310,322230.0,474416.0
21032.4506,21106.1724,20937.8218,21070.8113,20220311,235420.0,466183.0
21029.4855,21132.4153,20832.45,20864.3631,20220314,251750.0,466921.0
20821.0329,20899.4227,20638.7072,20671.521,20220315,306194.0,469163.0
20633.9875,20943.6796,20581.162,20923.9646,20220316,268738.0,473894.0
20957.8353,21030.9693,20817.236,20891.1725,20220317,188518.0,475168.0
20962.7561,21090.8924,20920.1008,21053.132,20220318,210409.0,488092.0
21166.8259,21298.4244,20999.2718,21145.6648,20220321,319267.0,495810.0
21294.6355,21296.7218,21200.0293,21229.0837,20220322,181281.0,500554.0
21222.2803,21222.9745,20914.2556,21165.6513,20220323,276936.0,489120.0
21194.6378,21232.7844,21130.5877,21197.3134,20220324,171112.0,493833.0
21237.624,21419.3814,21171.7524,21413.1955,20220325,304022.0,512868.0
21404.2198,21690.0242,21344.7043,21552.1818,20220328,471480.0,524190.0
21510.6514,21535.0188,21314.9115,21413.8357,20220329,266110.0,516520.0
21310.1619,21502.9869,21274.887,21416.6015,20220330,251448.0,517218.0
21415.8247,21482.2332,21351.7857,21413.7651,20220331,190866.0,516085.0
21412.4276,21498.5681,21250.2989,21378.7393,20220401,237203.0,511544.0
21399.4963,21544.9198,21229.6296,21290.6806,20220406,226922.0,515904.0
21276.207,21276.827,21097.7104,21190.5647,20220407,287926.0,510967.0
21163.0046,21232.9011,21077.9303,21197.9917,20220408,202036.0,508158.0
21207.8846,21235.3339,21108.0422,21136.5928,20220411,229430.0,506092.0
21111.649,21330.5663,21082.1356,21287.0071,20220412,329958.0,509937.0
21310.8998,21385.96,21228.6565,21242.3025,20220413,328696.0,515807.0
21287.8931,21380.1452,21126.909,21318.0413,20220414,347367.0,508543.0
21279.6221,21476.803,21199.8506,21475.6301,20220415,362051.0,521506.0
21469.4492,21735.264,21428.1126,21468.7584,20220418,305201.0,514375.0
21483.1644,21603.3924,21476.6521,21521.807,20220419,196913.0,511194.0
21478.5741,21478.5741,21338.6661,21379.4177,20220420,241920.0,497960.0
21424.0521,21444.0431,21369.957,21424.8249,20220421,138609.0,483809.0
21386.5304,21503.482,21370.0155,21426.1976,20220422,177686.0,486254.0
21416.2416,21462.7128,21062.3603,21065.5358,20220425,337774.0,470659.0
21073.7451,21176.7409,20989.5641,21108.4237,20220426,209229.0,463522.0
21112.314,21166.8264,21042.1031,21084.2966,20220427,152397.0,455650.0
21205.5711,21648.3321,21172.0006,21647.7466,20220428,413716.0,498038.0
21632.3981,21738.4399,21385.88,21679.8542,20220429,313123.0,485468.0
21865.8633,21940.0347,21768.3761,21809.2005,20220505,157057.0,501392.0
21795.2076,21795.2076,21227.9606,21238.7703,20220506,377437.0,451199.0
21286.6132,21367.35,21095.1458,21103.6223,20220509,284051.0,440708.0
21198.5598,21253.9843,21076.6639,21123.206,20220510,228117.0,443203.0
21128.7216,21271.7758,21087.9939,21207.0801,20220511,166361.0,440383.0
21169.0095,21254.295,21139.7913,21174.0806,20220512,154579.0,438584.0
21225.9753,21334.4211,21053.1057,21306.3791,20220513,266507.0,441441.0
21239.9011,21299.0979,21121.5287,21282.1213,20220516,198859.0,443041.0
21318.6668,21450.2486,21254.2181,21417.311,20220517,251316.0,454364.0
21344.5409,21355.0259,21214.2752,21220.9885,20220518,184911.0,450305.0
21171.7226,21213.016,21088.3323,21169.5712,20220519,221037.0,449960.0
21095.8772,21261.3883,21071.5526,21210.4048,20220520,201611.0,451750.0
21161.2945,21181.7875,20830.2888,20900.5768,20220523,370018.0,489139.0
20895.4749,21003.4809,20656.2229,20656.7197,20220524,332855.0,499015.0
20654.1065,20701.3247,20313.2072,20526.7362,20220525,366858.0,505974.0
20616.5918,20676.9652,20344.8124,20472.4256,20220526,273840.0,508320.0
20470.9418,20530.1389,20390.0702,20506.0565,20220527,186705.0,505878.0
20499.653,20579.456,20025.8121,20077.0606,20220530,335790.0,515668.0
20113.0168,20668.2358,20085.0061,20612.7395,20220531,340862.0,488243.0
20537.4969,20579.3771,20355.256,20381.7845,20220601,189769.0,480315.0
20322.1519,20404.6931,20144.2474,20209.0407,20220602,241342.0,484762.0
20300.7867,20371.8419,20074.0779,20321.3439,20220606,192675.0,482075.0
20346.9571,20482.2163,20197.1941,20204.6422,20220607,199821.0,489759.0
20210.9029,20284.6438,20166.9598,20236.7603,20220608,181947.0,493042.0
20236.889,20400.1384,20236.889,20315.4513,20220609,190193.0,489100.0
20312.8876,20413.2613,20185.4027,20240.8342,20220610,200577.0,490920.0
20227.2764,20281.7347,19943.7886,20223.2482,20220613,348342.0,501026.0
20225.5578,20269.8819,20160.0698,20225.7519,20220614,225318.0,498217.0
20200.4913,20215.1668,19697.6808,19720.7781,20220615,387258.0,526959.0
19753.8687,19768.0463,19350.9422,19424.4534,20220616,323453.0,530115.0
19417.6441,19517.9624,19366.7835,19382.2579,20220617,221144.0,527443.0
19436.3067,19497.9905,18632.0777,19037.9134,20220620,463585.0,513531.0
19046.6049,19162.6435,18817.5108,18838.3363,20220621,289598.0,522996.0
18862.5794,19011.548,18551.6539,18595.2655,20220622,315341.0,533793.0
18502.3167,18544.0083,17869.8151,18131.7177,20220623,553944.0,523574.0
18092.9562,18135.8714,16810.5055,17039.2579,20220624,898101.0,528395.0
17407.6549,17477.0365,16825.4489,16922.3353,20220627,503495.0,526170.0
16964.8645,17422.5738,16275.3478,17357.5747,20220628,1059670.0,525629.0
17266.8797,17370.8973,16830.3965,17288.7153,20220629,613920.0,514994.0
17323.8162,17794.8418,17178.9218,17399.155,20220630,781994.0,510507.0
17406.4747,17472.447,16846.4142,16989.0567,20220701,661955.0,529698.0
16998.3313,17201.2805,16862.5269,16924.7309,20220704,446091.0,531216.0
16951.7937,17031.0468,16616.5736,16802.964,20220705,460283.0,564607.0
16576.2046,16623.3476,15985.4632,16514.9941,20220706,997170.0,622943.0
16401.0425,16457.6956,15952.7134,16087.5591,20220707,629116.0,628565.0
16366.0973,16373.9533,15789.3506,15929.4695,20220708,857819.0,675025.0
16370.7816,16370.7816,15911.1124,15999.0473,20220711,608273.0,701534.0
15904.2994,15927.6731,15522.0934,15586.332,20220712,542716.0,718261.0
15494.06,15521.7305,14640.4886,14737.6685,20220713,933178.0,717693.0
14448.0636,14741.8255,14303.0111,14361.6121,20220714,714345.0,720092.0
14282.9962,14282.9962,13496.8546,14047.2451,20220715,1325285.0,734848.0
14071.7776,14831.0292,14018.5303,14829.5919,20220718,837051.0,743950.0
15271.2811,15421.8137,13918.9576,13993.7116,20220719,1274328.0,744685.0
14079.4176,14748.0838,13925.7905,14415.4891,20220720,1133799.0,744520.0
14500.0175,14839.534,14425.635,14594.8349,20220721,972849.0,756854.0
14395.1696,14797.0227,14308.8436,14737.7463,20220722,954457.0,743932.0
14674.7297,14819.9102,14369.6574,14501.0284,20220725,802139.0,741380.0
14562.6521,14612.1394,14318.9436,14476.3246,20220726,585466.0,737840.0
14602.8904,14637.304,14318.5252,14458.4916,20220727,639989.0,739249.0
14490.8035,14695.1688,14440.343,14521.829,20220728,627109.0,751312.0
14531.7347,15004.561,14426.6534,14687.4047,20220729,886609.0,752480.0
14710.7124,14847.4508,14180.6012,14280.1381,20220801,805388.0,777363.0
14203.9235,14277.5892,13913.8529,14037.9256,20220802,776307.0,780926.0
14006.6881,14270.0846,13996.1561,14144.0578,20220803,585459.0,784781.0
14172.945,14224.2594,13984.6652,14065.5273,20220804,499089.0,819640.0
14001.3465,14060.2479,13799.3357,13969.9946,20220805,592903.0,822577.0
13968.4202,14358.8568,13936.2232,14294.4208,20220808,704152.0,829267.0
14274.94,14461.2494,14232.0735,14378.5695,20220809,568894.0,829132.0
14409.2627,14533.3871,14241.9186,14306.7284,20220810,522690.0,831246.0
14403.585,14880.7242,14325.9655,14821.5539,20220811,893454.0,821765.0
14824.1288,15149.512,14722.6293,14817.7124,20220812,749598.0,822932.0
14883.1864,15666.3564,14731.1978,15605.3841,20220815,1144763.0,816386.0
15571.0901,15775.7226,15403.0965,15492.8766,20220816,1016534.0,809667.0
15649.0898,15839.4454,15451.648,15587.9541,20220817,1011497.0,836139.0
15560.1723,15611.924,14870.6469,14896.3563,20220818,1109315.0,864682.0
14962.194,14988.9245,14759.6727,14877.8484,20220819,670897.0,859709.0
14887.8166,15282.0059,14820.8922,15070.2427,20220822,847016.0,884800.0
15092.4186,15149.2778,14887.89,15002.6191,20220823,702210.0,869197.0
15050.6701,15213.3513,14976.1108,15044.0075,20220824,722485.0,880231.0
15091.4855,15188.3129,14946.509,14987.3285,20220825,575634.0,886143.0
15006.8363,15178.1564,14978.3416,15159.756,20220826,553740.0,890483.0
15210.3682,15320.427,15006.7461,15128.2879,20220829,753831.0,879720.0
15119.3428,15168.0684,14935.4892,14995.3917,20220830,600976.0,873814.0
14937.0276,15096.4563,14889.7458,15073.2872,20220831,541184.0,874483.0
15029.9342,15128.5251,14945.4442,14964.2097,20220901,464210.0,870568.0
14905.6783,14913.64,14136.2681,14283.0914,20220902,1160658.0,890725.0
14359.5672,14711.3866,14315.0591,14561.31,20220905,874486.0,879794.0
14572.7341,14652.55,14486.2279,14602.3254,20220906,513424.0,867686.0
14570.0061,14620.1145,14546.5569,14574.7193,20220907,54508.0,858990.0
14513.715,14526.1912,14408.0821,14435.1666,20220908,427439.0,860590.0
14450.1076,14673.8884,14432.2484,14580.4119,20220909,453854.0,861848.0
14575.1277,14610.6093,14348.2753,14580.6953,20220913,484067.0,875303.0
14470.1781,14529.2718,14411.5466,14501.3673,20220914,405159.0,873856.0
14502.7068,14973.3222,14491.3161,14878.3771,20220915,805968.0,879326.0
14831.6822,15020.8984,14493.6924,14526.7897,20220916,807556.0,847588.0
14495.2461,14687.4687,14290.379,14292.5608,20220919,708043.0,872428.0
14231.1842,14286.7334,14054.3527,14222.4324,20220920,685601.0,895030.0
14170.6625,14231.5768,13969.8585,14093.6863,20220921,601225.0,920753.0
14155.2219,14323.9913,14042.4015,14282.9893,20220922,660519.0,924561.0
14257.519,14282.2332,13823.0569,13861.1536,20220923,743563.0,981084.0
13765.1437,13828.4564,13495.6093,13602.1324,20220926,912135.0,1016876.0
13629.8681,13699.1448,13351.502,13518.5983,20220927,886208.0,1020680.0
13601.6336,13643.3761,13240.9305,13265.7887,20220928,768148.0,1036352.0
13279.5358,13510.1381,13275.6614,13437.2098,20220929,673532.0,977091.0
13434.672,13772.6235,13380.1229,13469.0285,20220930,864830.0,925066.0
13633.2697,13656.0895,13398.6077,13524.0099,20221010,448952.0,929193.0
13608.5278,13898.6844,13608.5278,13782.9281,20221011,952636.0,933007.0
13820.1453,13945.4108,13746.6111,13937.0994,20221012,749779.0,927384.0
13860.4476,13965.4563,13565.4606,13615.5319,20221013,861688.0,944080.0
13515.4658,13917.3475,13504.8201,13829.5828,20221014,763424.0,945675.0
13772.6816,13812.7058,13652.6467,13718.5488,20221017,704360.0,950941.0
13703.8371,13779.5749,13500.9868,13600.4065,20221018,655161.0,972697.0
13604.2763,13640.017,13417.8545,13502.9807,20221019,618706.0,993293.0
13446.885,13493.689,13136.5449,13204.4502,20221020,975019.0,1034865.0
13216.7971,13310.7692,13145.2074,13224.2209,20221021,615545.0,1034193.0
13193.1018,13383.3771,13174.9591,13286.3011,20221024,817239.0,1037298.0
13222.9873,13283.0177,13039.674,13182.9053,20221025,762544.0,1045195.0
13225.8507,13312.6944,13074.751,13140.2111,20221026,573301.0,1047427.0
13142.6779,13183.1808,12969.3904,12996.6524,20221027,547453.0,1087235.0
12965.1058,13013.6401,12751.2799,12837.8358,20221028,782997.0,1075055.0
12786.0873,12797.8172,12253.5174,12446.5289,20221031,1120205.0,1082898.0
12404.0851,12609.9797,12302.0097,12605.3258,20221101,1079580.0,1108095.0
12679.2175,12910.6238,12614.3248,12836.1879,20221102,1215872.0,1070448.0
12784.6227,12868.0657,12704.8281,12806.9946,20221103,752937.0,1073417.0
12767.5746,13147.4073,12741.4367,13090.5091,20221104,971473.0,1074789.0
13172.8999,13365.5949,12985.2793,13097.2206,20221107,1050113.0,1083053.0
13134.2677,13267.6879,12969.8472,13056.512,20221108,853539.0,1087975.0
13078.7357,13145.272,12814.5893,12940.25,20221109,834415.0,1095901.0
12936.2778,13151.1918,12922.2138,13047.6855,20221110,890878.0,1091955.0
12997.2064,13284.4356,12950.0813,13232.5807,20221111,994590.0,1095768.0
13227.9353,13366.0053,13125.89,13167.2533,20221114,956994.0,1108295.0
13128.9673,13299.0844,13054.4697,13287.172,20221115,838859.0,1094156.0
13322.8242,13376.4315,13268.0396,13321.5199,20221116,727105.0,1079317.0
13354.1371,13423.1347,13229.9685,13399.4372,20221117,795869.0,1080837.0
13344.1007,13450.5435,13323.5488,13417.8654,20221118,732215.0,1076443.0
13414.0023,13443.8346,13022.7628,13120.0767,20221121,955126.0,1069073.0
13074.4628,13328.8187,13059.7948,13257.5123,20221122,706467.0,1065484.0
13263.5441,13319.5232,13205.1713,13256.889,20221123,496098.0,1076703.0
13214.363,13308.9387,13157.9739,13295.8138,20221124,430251.0,1077882.0
13289.6434,13328.4227,13196.7707,13296.7753,20221125,490573.0,1079026.0
13326.1158,13333.0201,12990.4197,13057.1985,20221128,1008773.0,1092447.0
13053.2512,13211.3975,13027.479,13195.5867,20221129,569468.0,1096286.0
13223.6408,13256.6841,13073.9287,13103.5702,20221130,564209.0,1107549.0
13179.2782,13427.3618,13174.0857,13419.1759,20221201,832455.0,1146670.0
13485.0,13506.4661,13396.8291,13476.9325,20221202,772017.0,1178411.0
13475.463,13547.103,13409.8321,13477.3383,20221205,714208.0,1186969.0
13480.4235,13638.9014,13437.8912,13636.4812,20221206,611413.0,1220096.0
13626.8141,13766.9325,13551.2905,13641.6012,20221207,1025697.0,1237790.0
13630.3137,13729.0941,13582.1174,13708.043,20221208,571473.0,1255801.0
13733.0751,13855.4522,13709.9451,13852.5504,20221209,832165.0,1291053.0
13858.0667,14112.7094,13795.3908,13814.7531,20221212,1103297.0,1270268.0
13830.4673,13943.2363,13688.2911,13861.7404,20221213,675421.0,1257586.0
13901.9396,13954.6446,13797.8955,13911.0664,20221214,592387.0,1255890.0
13874.99,14067.8482,13858.989,14040.99,20221215,700759.0,1256738.0
13995.9964,14285.6994,13995.9964,14153.684,20221216,1148921.0,1241773.0
14106.508,14120.6966,13700.6731,13789.6137,20221219,1062078.0,1191365.0
13828.6677,13962.7783,13777.6354,13895.3126,20221220,587228.0,1182941.0
13919.2424,14160.29,13883.4581,14090.8763,20221221,650078.0,1171911.0
14089.1175,14163.8861,13841.0783,13898.0702,20221222,699905.0,1163893.0
13941.0702,13954.7913,13780.6922,13927.5613,20221223,607515.0,1146943.0
13951.8327,14108.1991,13868.3386,14040.0004,20221226,577589.0,1138242.0
14037.1422,14273.21,14011.4194,14231.6086,20221227,663898.0,1157850.0
14203.7564,14299.3851,14126.306,14244.5635,20221228,624700.0,1171764.0
14218.0603,14260.9373,14082.7748,14192.6936,20221229,526101.0,1160669.0
14182.6197,14290.272,14150.9237,14273.577,20221230,479624.0,1151193.0
14295.4109,14410.2441,14010.0405,14374.1971,20230103,665684.0,1160375.0
14359.8338,14380.7399,14225.0156,14323.66,20230104,503380.0,1148761.0
14328.5544,14370.8318,14193.7781,14293.5196,20230105,547941.0,1142434.0
14316.3225,14386.0334,14263.6899,14376.9689,20230106,475697.0,1146925.0
14370.729,14461.9133,14307.563,14407.3913,20230109,539432.0,1152155.0
14412.8161,14494.1854,14389.1944,14459.688,20230110,517018.0,1147953.0
14478.3161,14489.4989,14426.939,14437.6562,20230111,359432.0,1138889.0
14459.0347,14465.8969,14265.16,14389.2298,20230112,595919.0,1119553.0
14407.2815,14440.6877,14240.235,14422.3761,20230113,513380.0,1104741.0
14389.5543,14424.8344,14286.9485,14313.2128,20230116,390992.0,1095012.0
14306.1949,14424.4225,14268.6144,14393.9978,20230117,336412.0,1081756.0
14425.9749,14760.9453,14413.0783,14722.5438,20230118,660312.0,1106251.0
