49243.3354,49414.6525,49224.8339,49297.7662,20200102,106425.0,311300.0
49219.8649,49219.8649,48839.5303,48864.9594,20200103,209999.0,293581.0
48627.048,48967.4359,48540.8308,48736.3503,20200106,190723.0,293494.0
48672.7225,48980.2243,48672.0974,48971.2811,20200107,117651.0,296486.0
48851.9983,48937.5304,48625.8595,48830.6086,20200108,156825.0,296775.0
48852.2491,49121.9722,48801.0993,48934.1486,20200109,143074.0,300895.0
48882.1202,49018.5366,48832.1456,48979.9579,20200110,99977.0,303893.0
48894.5972,49194.2716,48705.7392,48925.7654,20200113,154839.0,301120.0
48849.8753,49346.9445,48814.5271,49294.2186,20200114,175361.0,306490.0
49270.5971,49586.5537,49171.5561,49239.1116,20200115,137045.0,304520.0
49240.4351,49381.9331,49160.0534,49198.605,20200116,99414.0,298950.0
49393.4922,49536.2646,49131.727,49253.6163,20200117,138830.0,296234.0
49310.5019,49329.4919,48986.0759,49106.0991,20200120,118317.0,293883.0
49067.134,49083.5075,48327.329,48431.4051,20200121,182528.0,283424.0
48477.2897,48669.1907,48317.1846,48569.9441,20200122,109248.0,277051.0
48375.1925,48407.5043,48002.9033,48059.764,20200123,115273.0,270950.0
44830.2644,45254.1076,44804.8224,45123.0818,20200203,223455.0,269483.0
44838.7341,45344.7067,44810.5797,45336.4658,20200204,150702.0,289972.0
45146.3027,45722.2263,45131.6263,45642.7975,20200205,137455.0,306090.0
45751.8221,46285.8466,45738.1728,46119.055,20200206,120240.0,312172.0
46065.6371,46071.6378,45695.0406,45784.8107,20200207,98933.0,315410.0
45567.5033,45688.145,45443.9294,45529.7702,20200210,127012.0,328901.0
45687.8814,45820.45,45594.1983,45692.2586,20200211,131185.0,336465.0
45986.1956,45986.1956,45622.5376,45702.0494,20200212,107318.0,338643.0
45819.4285,45989.5568,45723.4429,45854.7068,20200213,127544.0,349659.0
46516.2016,46557.999,45969.0107,46079.7333,20200214,84997.0,352386.0
46684.7867,46704.2659,45990.1803,46468.2577,20200217,136452.0,360820.0
46516.4632,46525.9765,46259.1433,46297.6644,20200218,110167.0,341744.0
46873.4598,46873.4598,46255.9652,46436.7291,20200219,100488.0,346264.0
46428.1563,46585.7136,46273.2017,46456.2133,20200220,144088.0,351912.0
47280.0,47280.0,46022.4966,46026.8622,20200221,139967.0,357328.0
46010.34,46070.6188,45766.9822,46039.8334,20200224,158998.0,359790.0
46039.614,46048.9342,45720.6988,45978.8667,20200225,148704.0,363256.0
45742.8419,45801.1894,45615.3842,45668.3734,20200226,134177.0,364132.0
46035.8615,46035.8615,45482.2872,45490.3291,20200227,129291.0,363827.0
46490.0,46490.0,44330.3669,44446.1256,20200228,279256.0,368871.0
45940.0,45940.0,44554.7871,45311.4578,20200302,203194.0,369474.0
45611.9804,46044.2059,45569.5236,45694.5024,20200303,149584.0,365180.0
45456.0575,45474.5423,45299.1809,45367.9957,20200304,131766.0,368618.0
45315.5701,45496.5501,45308.4194,45417.0045,20200305,103212.0,373790.0
45904.8391,45904.8391,44953.4753,44991.3424,20200306,131424.0,383772.0
45839.5844,45839.5844,43561.2799,43874.5414,20200309,241535.0,392229.0
44239.1185,44884.0377,44239.1185,44688.8083,20200310,179274.0,394559.0
44940.5424,45144.7872,44234.6153,44264.8125,20200311,131538.0,402519.0
45331.1447,45331.1447,43179.2251,43470.1096,20200312,240984.0,410239.0
43298.0233,43746.2026,42758.9057,43678.6644,20200313,285639.0,404849.0
43583.8372,43712.3774,42648.4082,42660.5611,20200316,212673.0,410560.0
42855.3653,43031.7121,42173.8982,42683.4241,20200317,269527.0,375932.0
41745.9386,41810.0786,39994.7078,39995.3437,20200318,260776.0,384707.0
41380.0,41380.0,37608.1646,37608.4855,20200319,39289.0,374558.0
38000.0,39276.7691,37621.4802,38986.0092,20200320,483920.0,357339.0
38744.602,39075.1908,35347.1295,37291.9927,20200323,420250.0,353173.0
38102.4027,38882.4584,37615.227,38271.9115,20200324,322936.0,348616.0
39327.4854,39451.7275,38633.7178,39420.9436,20200325,306167.0,344351.0
39364.5849,39381.2786,38884.3817,38926.7396,20200326,210117.0,343470.0
39167.8,39347.0321,38783.7467,39230.6455,20200327,256800.0,341795.0
39545.5869,39545.5869,38339.2988,38745.188,20200330,237377.0,342659.0
39135.9244,39575.1938,39135.9244,39172.7198,20200331,161558.0,338219.0
39629.5281,39649.4012,38843.1235,38993.8148,20200401,195782.0,341447.0
39856.2334,39856.2334,38593.6635,39649.5992,20200402,259136.0,334039.0
39615.787,40089.03,39421.6689,39922.9938,20200403,203522.0,330402.0
40159.4696,40907.0987,40159.4696,40591.6018,20200407,198882.0,333755.0
40930.9019,40990.1361,40142.5573,40773.4388,20200408,211161.0,334843.0
40767.0747,41027.5189,40669.323,40766.9963,20200409,141302.0,333104.0
40953.8346,41835.5872,40651.1323,41740.4575,20200410,208203.0,334424.0
41267.0571,41955.237,41267.0571,41824.3274,20200413,213243.0,333666.0
41909.3604,41987.8856,41623.9008,41781.3091,20200414,171461.0,332438.0
41777.8832,41842.2944,41382.9046,41615.8973,20200415,162959.0,334927.0
41400.0,41676.2512,41380.9259,41572.8494,20200416,128669.0,320660.0
41787.3654,42392.7768,41780.6444,42304.5486,20200417,195148.0,317698.0
42186.9888,42620.7429,42085.6898,42368.7487,20200420,177276.0,321386.0
41952.6516,42168.106,41455.4783,41469.125,20200421,259582.0,325857.0
41169.3698,41377.0288,40393.0599,41115.0575,20200422,304848.0,337472.0
40877.7969,41969.5306,40877.7969,41918.0963,20200423,243399.0,326811.0
41794.4527,41943.2458,41599.9398,41731.7101,20200424,164989.0,323588.0
42301.6022,42779.8059,42199.1293,42429.7467,20200427,228885.0,327550.0
42241.8581,42414.2688,42100.0461,42270.0299,20200428,169419.0,327075.0
42346.4501,42673.0509,42346.4501,42449.4706,20200429,168212.0,329672.0
42711.3654,42928.562,42597.7125,42888.7562,20200430,143779.0,329802.0
42353.9594,42713.3682,42321.9351,42649.6171,20200506,149660.0,336470.0
42660.1222,43031.2785,42561.5813,43025.3114,20200507,168489.0,340860.0
43171.8418,43520.8904,42933.2086,43420.8696,20200508,198795.0,342412.0
43455.9272,43828.3938,43327.7066,43409.5266,20200511,198133.0,344513.0
43204.6034,43355.0253,42931.8371,42931.8371,20200512,212506.0,347634.0
43132.9784,43300.7769,42569.7746,42924.8571,20200513,207486.0,348918.0
43027.6843,43080.1511,42664.0647,42773.1958,20200514,158384.0,343503.0
42570.112,43193.4018,42376.0106,43006.8484,20200515,214870.0,339441.0
42761.3009,43220.4748,42617.179,43143.231,20200518,189010.0,337339.0
43427.3183,44009.6457,43406.1164,43689.6694,20200519,203631.0,336660.0
43665.1125,43909.6226,43513.028,43756.3632,20200520,179576.0,336700.0
43854.5773,44496.0756,43767.9783,44164.4522,20200521,233852.0,340330.0
44245.1318,44422.609,43294.0036,43302.4719,20200522,298973.0,331925.0
43465.0261,43673.6113,43262.1969,43649.2518,20200525,180385.0,325485.0
43790.8061,43923.505,43680.6398,43853.5495,20200526,162017.0,325434.0
44010.8685,44097.2529,43517.8912,43636.754,20200527,200125.0,326620.0
43599.1482,43840.7516,43337.4915,43699.3973,20200528,211388.0,322617.0
43719.278,44044.4343,43587.5589,43939.1703,20200529,187354.0,319593.0
44031.0507,44589.5942,43894.4588,44574.3444,20200601,221209.0,328778.0
44337.4643,44760.7322,44198.9503,44542.3163,20200602,199723.0,324207.0
44669.9047,45040.5995,44669.9047,44806.8712,20200603,189402.0,324570.0
44953.9417,45025.6038,44560.7765,44707.0037,20200604,188155.0,319367.0
44740.09,45227.2801,44729.7512,45206.4299,20200605,198997.0,322099.0
45512.8668,45926.6348,45415.3979,45774.3777,20200608,263714.0,324510.0
45880.3416,46453.4174,45747.1534,46236.3739,20200609,237470.0,327393.0
46156.8461,46955.7139,45955.725,46806.9147,20200610,259394.0,328766.0
47171.6471,47563.0188,46609.0519,46909.4896,20200611,365369.0,321208.0
46794.1319,47082.1602,46055.7537,46803.4079,20200612,332158.0,320375.0
46776.9749,47245.5222,46124.5231,46144.7865,20200615,384037.0,323211.0
46189.2576,47100.7652,46073.3403,47005.3091,20200616,299628.0,323263.0
46981.9409,47052.7316,46301.866,46610.1949,20200617,290746.0,323936.0
46644.1502,46852.8422,46626.2226,46738.3191,20200618,190662.0,327517.0
46826.2787,47613.8676,46722.9877,47605.7694,20200619,270877.0,340935.0
47686.4032,47857.3782,47113.1275,47413.8541,20200622,285227.0,338211.0
47537.3037,47804.8282,47301.532,47790.8171,20200623,270193.0,341795.0
47825.8112,47863.0418,47498.9253,47806.896,20200624,180173.0,340216.0
47902.0591,48511.4231,47902.0591,48311.5643,20200629,209174.0,349827.0
48275.8854,48723.3414,48215.7237,48709.2143,20200630,209793.0,353610.0
48850.4772,49296.7873,48707.9631,49278.0186,20200701,277724.0,360301.0
48958.9452,49469.0549,48876.2544,49361.7103,20200702,279661.0,350668.0
49219.7812,49334.2346,48794.774,48845.5472,20200703,266543.0,339819.0
48898.0372,49147.0184,48436.4072,48978.8634,20200706,254723.0,330726.0
49106.419,49526.8932,49097.0153,49275.7417,20200707,231990.0,328163.0
49221.5899,49881.3325,49127.8251,49714.2664,20200708,227144.0,334258.0
49799.636,50698.3513,49799.636,50618.5906,20200709,297458.0,341692.0
50648.1303,50704.6537,50129.7665,50365.9712,20200710,304593.0,332906.0
50642.8784,53381.9908,50638.5933,52815.9656,20200713,545298.0,340439.0
52530.5966,52992.024,51741.6755,52110.7841,20200714,392185.0,337870.0
52225.5772,52616.3627,52042.0374,52100.6975,20200715,280421.0,338977.0
52188.7051,52248.8415,50531.8045,50564.5804,20200716,483201.0,327469.0
50988.1882,51662.5872,50958.989,51335.2518,20200717,309395.0,331733.0
51464.2676,51594.4704,51072.4797,51210.7765,20200720,230893.0,328723.0
51215.8908,52222.6235,51141.9497,51831.3947,20200721,342652.0,334597.0
51934.7858,52757.2807,51934.7858,52361.3953,20200722,301120.0,336375.0
52085.2547,52085.2547,51331.4742,51918.2245,20200723,305569.0,326709.0
51794.7051,52384.2374,51021.316,51156.8623,20200724,342878.0,322448.0
51350.0315,51964.4739,51312.3304,51562.8883,20200727,255890.0,322290.0
51422.9414,52178.0717,51245.4851,51478.8756,20200728,274415.0,321542.0
51407.1679,51925.3686,51358.5299,51816.8557,20200729,213615.0,324573.0
51731.8349,52080.7996,51521.8806,51634.9702,20200730,232204.0,324470.0
51518.1949,51899.0331,51167.3502,51779.1636,20200731,297660.0,316789.0
51503.8601,51535.1854,50253.2623,51010.5119,20200803,319524.0,324583.0
51345.5427,51902.942,51345.5427,51511.3235,20200804,232873.0,319187.0
51361.8937,51603.5689,51230.4069,51334.0321,20200805,196482.0,320485.0
51291.9722,51860.2022,51213.1193,51389.7142,20200806,260465.0,321055.0
51466.6263,51695.8514,51043.7784,51278.7677,20200807,226642.0,322354.0
51246.1926,51278.8497,49597.5492,50227.8052,20200810,426635.0,320153.0
50899.0769,51064.5239,50311.2815,50326.2512,20200811,256907.0,312469.0
50386.9699,50695.724,49524.2273,49878.0114,20200812,387858.0,299801.0
50250.5451,50912.3083,50046.2525,50439.6271,20200813,266940.0,300374.0
50255.2998,50255.2998,49515.7726,50104.6369,20200814,292137.0,298993.0
50374.4158,50761.9565,50066.5618,50742.4001,20200817,220300.0,309633.0
50759.2746,51378.6592,50759.2746,50876.8786,20200818,225255.0,311171.0
51359.0137,52520.6925,51281.9016,52214.9764,20200819,418462.0,331325.0
52499.2807,52693.5661,51781.1548,52021.6648,20200820,305008.0,331815.0
52084.7563,52243.6542,51562.6456,51768.6889,20200821,248164.0,325331.0
51238.1151,51537.6619,51016.3358,51520.7646,20200824,221771.0,315300.0
51438.1368,51524.5939,51043.4069,51127.9945,20200825,169217.0,310814.0
51215.0927,51458.6532,51027.8377,51413.3281,20200826,169554.0,307856.0
51661.4912,51689.6111,51392.2191,51485.0862,20200827,133361.0,309017.0
51595.5068,52005.8249,51186.1608,51984.7817,20200828,239020.0,313001.0
51997.5782,52210.9718,51806.5839,51991.0161,20200831,174261.0,313442.0
52015.3397,52987.1908,52015.3397,52967.1822,20200901,228481.0,326967.0
52702.597,52784.528,51702.2977,52055.7286,20200902,275105.0,312046.0
51965.5282,52151.1797,51641.4176,51760.1556,20200903,195920.0,309712.0
51644.3291,51796.0831,50883.8387,51645.3382,20200904,278437.0,306540.0
51825.2976,52836.3175,51744.7815,52247.9108,20200907,319503.0,313756.0
52478.0996,52694.6405,52338.2474,52597.2001,20200908,184878.0,316639.0
52142.9595,52326.4702,51582.9014,51856.4534,20200909,294151.0,309633.0
52042.5887,52342.7746,51671.1777,51734.8289,20200910,191786.0,312826.0
51936.3554,52210.3539,51267.2228,51700.1838,20200911,298681.0,305914.0
51915.7457,52536.3338,51742.9167,52147.304,20200914,263862.0,310660.0
52167.8374,52336.34,51995.5338,52203.7223,20200915,162240.0,313952.0
52265.3986,52275.6733,51643.7478,51774.9332,20200916,226169.0,308250.0
51756.3333,51893.8066,51362.0474,51383.3851,20200917,210440.0,312359.0
51536.1393,52388.8416,51391.478,52356.0225,20200918,272085.0,316868.0
52116.0691,52757.4412,51944.0262,52201.1055,20200921,247470.0,317977.0
52282.1284,52289.1289,51168.1289,51833.9414,20200922,381207.0,309093.0
51985.0382,52225.9408,51029.4605,51473.4332,20200923,365895.0,319467.0
51178.7337,51399.4669,50496.0243,50685.0483,20200924,463046.0,321006.0
50494.8444,51166.1506,50041.0842,51055.4548,20200925,396060.0,314739.0
50762.2025,51335.3466,50504.8925,51226.8612,20200928,294775.0,305647.0
51098.8358,51432.9398,50874.2579,50946.3549,20200929,229734.0,298424.0
50721.747,51279.3724,50611.9362,50931.6832,20200930,249501.0,291894.0
51393.9736,51624.4484,51264.2646,51425.5699,20201009,135451.0,288411.0
51558.5376,51610.1685,50851.0484,51532.1335,20201012,266930.0,302667.0
51623.2844,51850.7607,51352.1335,51384.4411,20201013,174182.0,301727.0
51340.3831,51576.5624,51172.9171,51564.634,20201014,211732.0,303592.0
51443.1597,51462.3649,51126.8676,51294.3414,20201015,199787.0,298983.0
51177.596,51783.0539,51055.8702,51491.7832,20201016,238289.0,294033.0
51447.6778,51604.2894,51200.6635,51212.6474,20201019,215747.0,295974.0
51590.4386,51606.2306,51271.9684,51419.7368,20201020,168302.0,295551.0
51796.3932,52515.5895,51738.3729,52239.474,20201021,355239.0,317773.0
52422.3541,52843.8738,52266.4743,52369.9661,20201022,286187.0,326619.0
52080.6021,52378.5943,51878.2595,51988.2676,20201023,236826.0,318425.0
52135.8492,52157.1082,51830.4203,51866.5675,20201026,166551.0,315693.0
51588.1726,51755.4036,51464.0955,51688.9065,20201027,207344.0,308893.0
51687.1402,51919.1732,51556.6691,51875.8392,20201028,162226.0,305493.0
51364.7391,51640.7525,51222.1672,51534.9192,20201029,224868.0,304441.0
51226.4399,51521.069,50903.3274,51000.4025,20201030,239129.0,303093.0
51126.7203,51340.3925,50785.5961,51116.7993,20201102,201399.0,297491.0
51140.0968,51828.6021,51140.0968,51820.0835,20201103,201644.0,299848.0
51774.977,51972.1281,51463.9119,51650.7216,20201104,220444.0,296203.0
51556.3954,51762.9611,51377.5402,51470.7086,20201105,173498.0,294476.0
51500.8337,51705.6775,51406.3371,51478.3325,20201106,148607.0,293819.0
51815.493,52272.3553,51807.9498,51893.9316,20201109,247276.0,299773.0
52345.1231,52630.2493,51632.2223,51634.1995,20201110,253743.0,298185.0
51699.6794,52075.9782,51465.6867,52000.7549,20201111,180550.0,300225.0
51946.0784,51972.7866,51627.3525,51874.1715,20201112,158266.0,298633.0
51947.0209,52281.9969,51891.6458,52234.5183,20201113,176372.0,303002.0
52223.9054,53846.4684,52208.813,53715.7114,20201116,398919.0,347252.0
53568.4268,53651.4774,52767.5435,52927.2517,20201117,293544.0,329390.0
52838.8793,53078.4903,52334.2619,53023.0333,20201118,254167.0,324841.0
52855.1125,53155.9994,52610.4821,52760.7194,20201119,203339.0,322115.0
52765.6379,53548.8822,52561.9925,53527.8097,20201120,248447.0,341382.0
53822.2891,54498.187,53723.8722,53976.709,20201123,382720.0,351184.0
53868.9854,54840.4305,53673.5547,54777.9461,20201124,328746.0,366791.0
54843.1664,55080.2541,54432.2763,54554.9204,20201125,284713.0,359478.0
54462.4784,55376.5156,54417.6144,55294.8369,20201126,259440.0,372419.0
55178.4594,56151.4914,55104.5855,56119.3864,20201127,296377.0,377460.0
56085.6821,57745.7938,56058.5513,57685.6364,20201130,494625.0,362835.0
57607.4719,57965.1599,56621.2386,57038.3683,20201201,479725.0,341826.0
57238.8658,57791.9269,56866.4566,57182.6684,20201202,355179.0,343817.0
56880.721,57327.5833,56505.6982,56871.1027,20201203,353401.0,339654.0
57068.3814,57607.7646,56719.1755,57445.0533,20201204,403405.0,343387.0
57266.5782,57825.7326,56981.5709,57036.8202,20201207,362909.0,331810.0
56998.5245,57316.1229,56821.8047,56945.2836,20201208,231750.0,323029.0
56835.0789,57514.2841,56694.7661,57293.621,20201209,266681.0,328684.0
57192.21,57515.0411,56842.5278,57502.8868,20201210,273872.0,323738.0
57446.5353,59257.3196,57199.9864,57907.6896,20201211,614896.0,323596.0
57803.0706,58115.6283,57295.4616,57896.0744,20201214,315866.0,321280.0
57876.7019,57922.7317,57420.5658,57753.043,20201215,202818.0,317340.0
57793.3216,58247.381,57598.5562,57944.0215,20201216,250979.0,319335.0
58141.46,58759.6632,57970.031,58728.5281,20201217,240980.0,335094.0
58733.2412,59604.1753,58655.2892,59353.8055,20201218,345476.0,344110.0
59256.7428,59623.23,58838.3353,59289.3285,20201221,334220.0,344504.0
58779.9132,58955.7169,57904.6657,57906.4726,20201222,373035.0,320712.0
57890.6366,58077.2273,57192.5638,57878.7282,20201223,323562.0,317643.0
57930.0509,58495.7263,57930.0509,58145.0475,20201224,208997.0,319626.0
58113.1323,58669.5392,57813.8481,58597.6955,20201225,157746.0,319910.0
58502.2211,59217.0342,58340.1174,58803.5307,20201228,224285.0,327496.0
58833.6924,59014.7602,58088.1984,58239.357,20201229,243159.0,324088.0
58364.4507,58691.6635,58117.2006,58542.7465,20201230,237742.0,322826.0
58254.8355,58377.4146,57710.4449,57798.3616,20201231,288374.0,314841.0
57850.6348,58357.0624,57764.8912,58217.7471,20210104,181365.0,298891.0
58273.8959,58579.0227,57782.1602,58176.3979,20210105,218108.0,296080.0
58198.7801,59318.9359,58169.7323,59070.4122,20210106,264356.0,300378.0
59290.5115,59595.5276,58804.399,59456.2948,20210107,261945.0,306782.0
59244.1085,60743.9129,59100.3314,60393.3424,20210108,359034.0,319380.0
60135.2114,60301.1214,58634.9572,58668.1083,20210111,439807.0,297086.0
58785.9336,58858.1476,57966.6796,58703.7856,20210112,331414.0,295061.0
58772.3607,59082.0175,58582.4755,58791.7422,20210113,226519.0,294214.0
58658.692,58960.993,58465.5112,58751.6354,20210114,190739.0,291651.0
58890.8239,59728.8614,58666.4146,58712.0146,20210115,281212.0,293360.0
58790.6292,59423.789,58340.2278,59282.1223,20210118,291920.0,294927.0
59071.8497,59184.4677,58704.3882,58906.0914,20210119,177510.0,292178.0
59026.6472,59451.8161,58747.2827,59138.103,20210120,219163.0,294174.0
59005.7829,59480.2545,58761.0208,59343.7387,20210121,218635.0,297888.0
59308.7176,59610.2482,58673.8863,58825.7702,20210122,238681.0,287274.0
58358.1352,59232.3394,58212.431,59115.3842,20210125,257151.0,286738.0
58932.3013,59103.9172,58447.433,58513.8579,20210126,187645.0,283906.0
58737.1795,59140.3634,58606.2651,58752.5894,20210127,155622.0,281180.0
58388.7611,58597.6003,57686.9032,57819.9637,20210128,383907.0,282190.0
57729.3137,58490.2405,57463.4892,57589.2592,20210129,312812.0,281872.0
57891.9073,58360.8155,57340.6986,57939.0785,20210201,288623.0,279240.0
57797.7871,57913.9775,57290.7841,57328.7225,20210202,206182.0,279400.0
57221.9442,57475.0232,56878.3708,57032.785,20210203,243602.0,279001.0
57410.0811,57953.5295,57258.5556,57852.9103,20210204,225215.0,278930.0
57716.3536,58268.6975,57592.7696,58238.3842,20210205,184600.0,276896.0
58404.3113,59058.0785,58167.3818,58838.2389,20210208,206391.0,277294.0
58849.2449,59761.9936,58832.375,59611.2971,20210209,188693.0,284567.0
59646.2659,60892.7772,59487.1776,60813.4846,20210210,278478.0,301195.0
61701.2015,63349.534,61700.4371,63309.3078,20210218,231282.0,325693.0
63332.9958,64441.5495,62984.9626,64307.5632,20210219,404187.0,345109.0
64384.2121,67356.7199,64347.7562,67356.7199,20210222,511069.0,365072.0
66873.9681,68764.1659,66434.1412,67932.2245,20210223,746425.0,368138.0
67466.3261,68814.4653,66565.6781,67919.3471,20210224,708401.0,378064.0
68330.0302,70732.4567,67936.4091,70171.3606,20210225,630175.0,388516.0
70068.554,70468.4619,68008.1956,68020.4022,20210226,685197.0,378401.0
67488.286,68126.3666,66923.3501,67475.2541,20210301,577896.0,361512.0
67525.2711,67631.0354,65788.5811,66812.233,20210302,434105.0,355080.0
67712.2221,68425.9245,67304.3556,67855.1956,20210303,358591.0,356620.0
67627.4571,67652.9154,66527.9417,66527.9417,20210304,340229.0,355404.0
65358.3363,66447.1735,64305.5383,65997.3954,20210305,624026.0,360658.0
66278.2687,67279.9596,65722.354,65853.8414,20210308,434119.0,356203.0
66299.2425,67431.4351,65803.5132,66102.3358,20210309,427989.0,355255.0
66184.3308,66240.228,65075.6934,65395.0452,20210310,388794.0,350439.0
65878.5458,67716.1274,65418.7704,67337.5753,20210311,393097.0,369446.0
67183.9985,67424.0682,66584.9105,66897.1409,20210312,311110.0,365190.0
66840.2596,68178.83,66822.585,67503.4324,20210315,313412.0,372686.0
67658.6306,67753.7463,66716.2092,66756.7769,20210316,224552.0,353491.0
66474.4554,67111.1619,66211.0813,66967.1338,20210317,233901.0,348483.0
66876.2072,67649.1958,66685.4754,66928.51,20210318,226899.0,346429.0
67036.6496,67399.6674,65638.3047,66058.2915,20210319,341116.0,349598.0
66527.885,67444.8517,66267.4971,66827.9563,20210322,281843.0,346386.0
67011.8998,67725.1337,66429.8225,67069.7246,20210323,294111.0,348132.0
66846.0543,66929.3466,66125.1858,66541.6864,20210324,253176.0,350802.0
66630.2301,66999.5021,65542.7165,65603.2693,20210325,304015.0,356647.0
65219.8512,66412.8909,64981.1038,66204.3833,20210326,308948.0,345990.0
66322.6162,66923.9705,66112.7664,66394.081,20210329,243570.0,346162.0
66474.714,66663.1675,65938.2864,65954.3345,20210330,214121.0,344465.0
65924.3123,65989.9812,65271.7032,65683.613,20210331,270004.0,346926.0
65844.6986,65937.8708,65128.7514,65159.6389,20210401,244056.0,348617.0
65455.532,67293.1376,65423.0757,67165.398,20210402,356781.0,343858.0
67402.1707,67737.0657,66940.9239,67102.5572,20210406,190007.0,349313.0
67111.6509,67482.6883,66880.7429,66991.5686,20210407,196444.0,352264.0
66610.217,67291.0475,66408.9074,66950.7394,20210408,259074.0,347529.0
66979.9394,67365.656,66650.2653,66801.4766,20210409,216034.0,342936.0
66893.8369,67002.6646,65725.6036,65761.7717,20210412,306424.0,338202.0
65979.4942,66230.5991,65703.1623,65936.5464,20210413,194383.0,334482.0
66302.2166,66472.103,66104.6341,66301.7497,20210414,162350.0,332651.0
66780.8094,68130.7538,66670.7291,68022.4539,20210415,350261.0,363059.0
68090.6815,69473.3925,68047.8048,68543.7092,20210416,408210.0,367420.0
68973.4,69818.1639,67902.1948,69687.589,20210419,361916.0,379436.0
69565.5653,69748.513,69026.049,69454.736,20210420,266074.0,381018.0
69275.1937,69607.6044,68511.9293,68756.2984,20210421,288753.0,366526.0
68912.1475,69709.9428,68779.8585,69185.8496,20210422,254212.0,371625.0
69337.5682,69766.7479,68930.5922,69486.0443,20210423,257317.0,376965.0
69692.5015,71166.3976,69608.4002,71021.4499,20210426,382663.0,393513.0
71121.5144,72859.6724,71091.6256,72532.5323,20210427,391703.0,394614.0
72225.0183,72423.2353,71144.7309,71413.1557,20210428,385929.0,385545.0
71867.0164,73009.8605,71590.5181,72462.8646,20210429,307417.0,386828.0
72716.2756,73110.7444,71349.8518,71975.1965,20210430,315349.0,371601.0
72256.4308,73397.1111,72238.8418,73331.5179,20210506,177677.0,373227.0
73615.8528,75049.7668,73535.5173,75015.3541,20210507,316462.0,372458.0
75382.9663,78397.6478,75192.5605,77934.2011,20210510,514742.0,360218.0
77560.3482,77635.1369,75037.587,76198.8271,20210511,563491.0,349042.0
76174.6919,77340.6556,75879.9761,77292.8105,20210512,353136.0,351877.0
76499.4002,76897.3015,75635.0382,76172.6776,20210513,457395.0,347971.0
75670.3064,75969.9241,73759.9556,74741.7399,20210514,460341.0,338379.0
74568.9968,75467.3932,74414.7931,74950.7605,20210517,338763.0,338230.0
74890.8573,76433.9022,74797.599,76323.061,20210518,273613.0,337233.0
75918.8663,76141.5953,74340.6707,74361.537,20210519,294199.0,329542.0
73755.6525,74068.8572,72344.4718,73694.8836,20210520,556223.0,324757.0
73596.2373,73706.826,71840.8609,72179.617,20210521,401375.0,324247.0
72779.1733,72982.2304,71090.6707,71680.764,20210524,419354.0,326509.0
71835.1976,72980.2439,71789.4069,72282.5921,20210525,270220.0,322783.0
71934.5407,72266.8138,71577.5895,71860.1086,20210526,246122.0,323065.0
71907.3189,72389.8612,71372.2463,72026.5557,20210527,242508.0,328231.0
72034.4447,74533.506,72034.4447,73422.1547,20210528,379525.0,334663.0
73181.9649,74611.6623,72851.8407,74038.4565,20210531,311076.0,333063.0
74046.7295,74430.0635,73682.2784,74242.3011,20210601,200225.0,339082.0
73851.7005,74829.4317,73641.4346,73778.3447,20210602,239149.0,336867.0
73480.8562,73598.3203,72771.5555,73148.3248,20210603,264573.0,330302.0
71725.0674,71888.8996,70656.4754,71049.5554,20210604,417372.0,331517.0
71869.1515,72240.5385,71363.1955,71534.287,20210607,216657.0,328160.0
71502.0272,71962.2118,71273.6522,71566.3887,20210608,190153.0,318570.0
71283.6718,72517.8955,71042.1317,71667.8733,20210609,254998.0,320772.0
71579.312,72032.707,71230.1648,71466.1668,20210610,179379.0,320637.0
71315.2411,72003.5658,70802.1181,71934.8721,20210611,263098.0,319775.0
71699.2064,71765.2912,69737.4925,70438.2267,20210615,222072.0,325353.0
69263.6525,69688.087,68605.7438,68647.9534,20210616,303372.0,325728.0
69082.3126,69990.2773,68647.775,68966.0138,20210617,283129.0,315744.0
68797.3888,69131.7589,67137.8729,67435.7943,20210618,342422.0,317371.0
67366.8793,67545.3208,66563.8354,66563.8354,20210621,283518.0,315501.0
66623.8655,67784.0914,66573.1008,67514.5872,20210622,266897.0,311892.0
67481.9114,68692.8404,67432.6332,68645.4685,20210623,232058.0,302254.0
68876.5291,69707.3298,68375.1336,68529.4609,20210624,265049.0,303110.0
68820.8478,69388.4301,68649.9792,68788.7384,20210625,217080.0,301170.0
68811.7096,69012.0026,68250.2575,68719.4826,20210628,193869.0,301741.0
68708.1222,68894.6663,67834.6323,68231.3578,20210629,164161.0,298765.0
68035.5448,68690.8054,67952.0886,68493.3821,20210630,145322.0,291641.0
68676.4079,69383.6398,68252.845,68362.1113,20210701,185357.0,290179.0
68702.2842,69017.9828,67939.6709,68359.8656,20210702,175554.0,290529.0
68473.032,69845.9732,68318.0617,69597.6998,20210705,229266.0,291739.0
69338.3954,70296.9848,69307.0326,70174.7305,20210706,188917.0,295464.0
69804.9745,69896.4699,68022.005,69200.3382,20210707,283685.0,287588.0
69233.3652,69636.7383,68720.1085,68846.6618,20210708,209969.0,282245.0
68500.6752,69331.2337,68298.7149,69016.8427,20210709,198225.0,284141.0
69433.753,70058.7634,68978.6138,69081.6157,20210712,225284.0,286403.0
69021.756,69543.0955,68880.4098,69311.7863,20210713,144835.0,285248.0
68672.6545,69109.5304,68409.1814,68973.7972,20210714,168691.0,285659.0
68890.7208,69188.1757,68186.0177,68900.5955,20210715,190814.0,289213.0
68806.6757,69641.1191,68802.4657,69427.6997,20210716,167231.0,282214.0
69344.9068,69572.8491,68726.4053,68826.4297,20210719,160956.0,277943.0
67672.6892,68445.6085,67523.3938,68219.2566,20210720,220196.0,283385.0
68006.4871,68745.7966,67899.4268,68086.1863,20210721,163015.0,280948.0
68379.4053,69103.573,68270.8513,69035.7725,20210722,167906.0,283073.0
69063.599,70051.1572,69016.6347,69760.5181,20210723,220576.0,295381.0
70010.2929,71152.129,69678.2591,70780.5962,20210726,257283.0,310197.0
70977.3382,72746.3333,70977.3382,71816.97,20210727,296482.0,316786.0
72086.1563,72421.3426,71738.4127,71881.5695,20210728,221365.0,319332.0
71816.885,71948.2773,71188.9441,71663.8891,20210729,205608.0,313034.0
71724.6412,72153.2181,71354.6024,71822.9278,20210730,182205.0,308094.0
71913.8229,72477.9992,70911.726,71530.6185,20210802,261509.0,311472.0
71671.2948,71671.316,70499.6031,70499.6031,20210803,179690.0,302235.0
69947.3138,70383.5969,69679.1453,70157.1523,20210804,189415.0,297286.0
69570.8062,69901.1803,69270.3074,69273.3999,20210805,195161.0,294225.0
69342.5789,70450.6151,69276.2996,70351.7057,20210806,174619.0,295813.0
70094.139,70500.5789,69260.4941,69488.3433,20210809,206752.0,291439.0
68663.6308,69789.7877,68610.1582,69579.3817,20210810,192982.0,298676.0
69500.255,70435.8804,69405.0431,69817.5765,20210811,181715.0,298803.0
69956.2802,70680.9516,69896.4765,70453.0395,20210812,172852.0,298802.0
70266.6637,70283.1675,69610.4485,69974.0345,20210813,163298.0,299271.0
70021.6656,70894.6666,69635.0538,69637.9555,20210816,199810.0,307481.0
69829.7125,70010.7778,69478.0372,69673.4232,20210817,146440.0,301093.0
68928.677,69239.1497,68529.9407,68649.1049,20210818,242968.0,309729.0
68246.3425,68246.3425,66624.7739,66658.5901,20210819,371673.0,336621.0
66088.3158,67449.5442,65865.8889,67064.5306,20210820,354041.0,341976.0
66970.7385,68109.939,66876.2619,67637.9161,20210823,255100.0,334942.0
68448.8382,68720.036,68191.9897,68543.0743,20210824,229761.0,324623.0
69051.7352,69535.6445,68899.399,69061.7903,20210825,199444.0,325277.0
69446.9586,69548.6453,68553.2135,68577.0268,20210826,176788.0,324129.0
68881.023,69146.2646,68612.876,69070.655,20210827,162358.0,316872.0
69151.8584,70195.7572,69151.8584,70086.4899,20210830,223344.0,319005.0
69563.9639,70554.5459,69563.9639,70045.9324,20210831,170911.0,323198.0
70073.0169,70212.705,68840.6755,68852.7817,20210901,201583.0,323146.0
68944.6166,69183.3825,68495.124,68992.6568,20210902,169777.0,316046.0
68753.9148,69514.91,68693.0299,69068.9146,20210903,178942.0,312907.0
69259.3506,69720.32,69047.7165,69478.5169,20210906,174048.0,309575.0
69451.1726,69664.2102,68850.5391,69048.2256,20210907,141477.0,302837.0
69123.8761,69185.2876,68659.7186,68664.9703,20210908,159395.0,298245.0
68692.541,69546.8468,68241.5791,69261.5036,20210909,244566.0,296681.0
69150.7269,70165.5765,69117.3548,70001.1068,20210910,222939.0,299491.0
70220.4899,71811.1874,70220.4899,71435.159,20210913,343457.0,315756.0
71415.1833,71468.5367,69742.0319,69773.9569,20210914,252133.0,297306.0
69781.234,70146.5986,69288.894,69715.1561,20210915,224774.0,299049.0
69896.7564,70767.4838,69423.8769,69539.6398,20210916,221232.0,295013.0
69596.0515,69627.4875,68977.5715,69161.3924,20210917,238118.0,289802.0
67608.5124,68975.3847,67553.9977,68634.3925,20210922,204797.0,294743.0
68985.5532,69140.2682,68345.1121,68493.5047,20210923,195336.0,292271.0
68615.5145,69339.5602,68385.4821,69084.5382,20210924,250054.0,291388.0
68910.419,69747.2076,68777.9599,69216.6238,20210927,249906.0,291742.0
69136.6479,69498.1318,69035.7489,69192.3401,20210928,155346.0,289752.0
69075.7286,69168.1743,68299.6376,68345.5657,20210929,217338.0,282461.0
68420.5235,68665.515,67876.8034,67933.4501,20210930,171779.0,280328.0
68804.9843,69617.6708,68771.4071,68789.2779,20211008,149165.0,280378.0
68975.1613,70238.3409,68883.5942,70166.2638,20211011,256345.0,307997.0
70152.4125,71052.7814,69369.8103,69582.8358,20211012,266184.0,315639.0
70236.7032,70633.7392,69381.509,69991.0402,20211013,257986.0,310337.0
70572.2673,73514.0341,70395.4156,72384.5219,20211014,426370.0,350538.0
72596.7298,74222.0983,72596.7298,73754.83,20211015,332461.0,369057.0
74853.9021,76559.4552,74403.5848,76162.6953,20211018,415479.0,376950.0
75567.2308,76044.0686,74448.8364,75680.8517,20211019,281305.0,380973.0
75327.8248,75379.9607,72368.2584,73234.3547,20211020,407832.0,374714.0
73384.6282,74819.281,72392.5168,72646.6899,20211021,350561.0,370293.0
72689.878,72895.6066,71405.7596,72339.6509,20211022,458921.0,360656.0
71876.8977,72418.9275,70855.3695,72082.1504,20211025,349167.0,359517.0
71865.49,72449.8468,71568.0694,71999.8474,20211026,244970.0,362306.0
71954.223,72247.2136,70574.2901,70574.2901,20211027,316430.0,345173.0
70331.2156,71474.3896,69689.046,71098.9512,20211028,346352.0,349448.0
70739.0556,71277.3796,70151.1811,70525.1751,20211029,216137.0,344189.0
70311.4796,70690.7893,69722.0079,70106.2547,20211101,215975.0,345917.0
70141.2991,70890.0546,69348.1193,69614.8054,20211102,247393.0,351012.0
70051.7825,71327.0334,69675.3864,71250.3438,20211103,222854.0,368806.0
70889.6634,71027.9289,69567.9143,69989.0532,20211104,235488.0,370803.0
70379.4001,70462.5779,68744.3469,69420.0688,20211105,297556.0,373687.0
69247.7198,70385.2627,69151.0848,69809.5296,20211108,208751.0,366655.0
69979.8415,70638.4938,69802.2625,70355.4366,20211109,179461.0,366434.0
70665.4469,70714.6517,69596.428,70119.2468,20211110,192963.0,365557.0
70003.5839,70527.975,69481.5619,70226.7256,20211111,240002.0,363635.0
70463.3635,70971.8894,70255.5084,70363.4334,20211112,211672.0,360321.0
70326.8783,71212.7241,70200.2924,70565.964,20211115,206870.0,367006.0
70829.9456,70952.9968,69916.3146,70069.6196,20211116,200624.0,366899.0
70274.3744,70377.0648,69494.3257,69825.91,20211117,222199.0,369241.0
69453.8341,69751.349,68368.7372,68486.4892,20211118,331859.0,403904.0
68788.6124,70587.221,68271.6841,70533.724,20211119,353915.0,406612.0
69793.1419,70934.9725,69793.1419,70189.0621,20211122,246615.0,402127.0
70384.1735,71583.2965,70169.8485,70719.4669,20211123,256691.0,412257.0
71012.7159,71511.9082,70761.9399,71181.2893,20211124,163529.0,410826.0
71533.1591,72216.0479,71533.1591,71957.9864,20211125,222237.0,423653.0
72053.2214,72090.464,70423.7123,70569.9021,20211126,231931.0,403166.0
69946.8689,70435.9653,69370.6861,70223.7404,20211129,291134.0,389141.0
70290.1994,70513.1483,69198.2701,69468.368,20211130,216786.0,385880.0
69669.3435,69837.9543,69053.5214,69637.7165,20211201,190448.0,388457.0
69518.1123,69604.9561,68564.4978,68572.8653,20211202,242018.0,392490.0
68791.2518,69730.8518,68608.1761,69388.0843,20211203,217920.0,385426.0
69233.9945,69672.7354,68834.1429,68976.0003,20211206,194960.0,386253.0
69309.5728,69651.6759,69254.732,69350.8751,20211207,160738.0,380555.0
69994.2534,70080.6132,69331.0309,69476.6612,20211208,165004.0,373977.0
69481.6679,70032.8116,69222.1968,69611.4577,20211209,182747.0,374806.0
69278.9354,69484.6489,69131.1039,69434.8382,20211210,147717.0,370567.0
69480.6909,69550.7764,69182.5091,69504.0675,20211213,144646.0,368242.0
69258.7354,69292.8547,68423.9246,68822.7462,20211214,188819.0,372866.0
68995.2242,69024.6758,67855.7667,67882.7605,20211215,193216.0,392620.0
67695.7766,68590.419,66894.7054,68438.7577,20211216,293866.0,383003.0
68972.5664,69462.5261,68903.4554,69251.1249,20211217,211055.0,365421.0
69169.4253,69354.5809,68411.5579,68528.7934,20211220,161647.0,364676.0
68735.8922,69286.1212,68641.0265,69229.4778,20211221,171503.0,360373.0
69319.2808,69762.6121,69180.6967,69674.5568,20211222,146862.0,359141.0
69909.592,70184.4939,69785.4984,70169.9586,20211223,160105.0,360107.0
69769.1994,70157.205,69500.8452,69749.8986,20211224,152684.0,354441.0
69719.8117,69946.7837,69519.9133,69561.5737,20211227,111469.0,348292.0
69837.1469,70825.1904,69710.9058,70459.8443,20211228,167546.0,354512.0
70700.1515,70771.5054,69819.7119,70233.2206,20211229,139462.0,348426.0
69975.8063,70267.9764,69883.5665,70042.8437,20211230,121501.0,339528.0
70192.3462,70550.0133,69839.7278,70400.282,20211231,140177.0,332180.0
70514.054,70525.7333,69640.4111,69771.1428,20220104,105076.0,325162.0
69764.3304,70775.2006,69750.3169,70164.8093,20220105,155758.0,332063.0
70310.669,70443.5328,69529.9387,69560.7511,20220106,156908.0,325670.0
69560.5625,69829.2511,69056.8142,69537.1239,20220107,167436.0,322468.0
69526.3175,69967.7661,69439.9501,69817.3587,20220110,124045.0,314543.0
69782.8498,69947.0861,69125.1866,69771.4008,20220111,149006.0,313726.0
69861.585,71341.472,69657.6589,71202.6825,20220112,214636.0,341405.0
71803.7625,72507.9257,71316.8609,71481.7783,20220113,266730.0,362254.0
71844.9506,72075.254,71073.0668,71503.3461,20220114,205379.0,365410.0
71212.8555,71217.2571,69897.1203,70181.3511,20220117,241641.0,340561.0
69869.2665,70238.7003,69736.3323,70083.5544,20220118,136134.0,335047.0
69853.0722,70190.3925,69670.5855,69999.8815,20220119,149157.0,333286.0
70380.2488,71280.6186,70347.7793,71115.0867,20220120,193414.0,351064.0
71161.5035,71822.9891,70764.8678,71269.52,20220121,173361.0,354296.0
71231.2528,71933.0184,70408.1406,70481.2354,20220124,197102.0,340718.0
70125.1497,70125.1497,69537.1128,69565.9772,20220125,207067.0,331164.0
69591.369,70741.4743,69425.5488,70702.9916,20220126,155918.0,329430.0
70907.6393,71201.4388,69783.6996,69792.4752,20220127,145711.0,323178.0
70450.6673,70946.2515,70047.2275,70262.7176,20220128,141433.0,321046.0
70865.3762,71108.1346,70305.8701,70440.3064,20220207,91025.0,321802.0
70604.3092,70736.4377,70229.7169,70551.188,20220208,108863.0,321578.0
70168.6755,70548.375,69790.5136,70405.7342,20220209,154954.0,322139.0
70678.5181,72966.1737,70678.5181,72957.3211,20220210,281888.0,370146.0
73161.7353,73583.5004,71164.6023,71472.4189,20220211,308243.0,369061.0
71739.7725,71848.9216,70641.7558,71353.6681,20220214,206195.0,352767.0
71091.3159,71240.6349,70555.3751,71051.614,20220215,156726.0,346371.0
71396.8935,71604.5705,70987.621,71496.2042,20220216,124136.0,346210.0
71525.4909,71614.8532,71020.6087,71144.6661,20220217,106186.0,343207.0
71209.2734,72038.4162,71126.1013,71864.7972,20220218,145215.0,354861.0
71592.5257,71905.3662,71257.6521,71459.3273,20220221,164872.0,349938.0
71145.0463,71334.2157,71002.3114,71064.398,20220222,147403.0,341767.0
71463.7991,71505.9946,71099.0529,71347.5177,20220223,126573.0,341897.0
71329.0395,71351.6103,70566.6512,70971.9051,20220224,210271.0,332147.0
71350.792,71610.8643,70552.5006,70676.8484,20220225,205829.0,328218.0
70689.5008,71081.4657,70542.6138,70978.6332,20220228,132811.0,321192.0
70957.636,71116.392,70665.9263,71018.483,20220301,104282.0,321827.0
71066.1354,71759.1237,71066.1354,71498.1023,20220302,159401.0,333705.0
72853.1497,73091.4055,71845.4989,73010.3008,20220303,254614.0,358756.0
72983.6408,73226.4943,72265.5825,72886.5085,20220304,238438.0,357874.0
72814.7682,75572.9526,72705.7118,74968.9677,20220307,315903.0,380609.0
74862.5766,76888.9184,70616.7118,73959.442,20220308,478026.0,357246.0
72073.9116,73169.9696,71917.9374,72679.9896,20220309,243510.0,337827.0
72020.7443,72374.108,71398.7158,71859.8702,20220310,207682.0,321669.0
72094.8168,72420.6148,71773.0991,72093.7169,20220311,123531.0,316657.0
72191.2206,72326.8627,71704.1253,71715.834,20220314,126310.0,316415.0
71228.3836,71678.9048,71173.4145,71229.312,20220315,147069.0,318361.0
71093.3799,72149.5914,71048.8723,71978.0382,20220316,144499.0,313037.0
72166.7075,72472.7276,71915.3398,72154.957,20220317,119008.0,320600.0
72402.8466,73190.8331,72336.8944,72734.7563,20220318,145559.0,341921.0
72739.1761,73704.8871,72611.5472,72844.3823,20220321,168110.0,358602.0
72955.1304,73250.5713,72849.006,73076.4802,20220322,95027.0,368998.0
73557.6877,73589.9216,72806.1137,73149.4254,20220323,95137.0,367371.0
73382.988,73860.5023,73323.9332,73548.7831,20220324,120147.0,372836.0
73633.1162,73852.03,73273.1646,73508.7633,20220325,104506.0,369839.0
73344.3004,73344.9604,72670.8718,72891.9903,20220328,144917.0,358373.0
73120.2674,73740.0622,73082.2557,73497.7385,20220329,116628.0,363954.0
73348.514,74242.4395,73092.0616,74143.2736,20220330,149552.0,375368.0
73757.0777,73825.7029,73248.7858,73280.094,20220331,124436.0,355965.0
73443.605,73640.1129,72990.5847,73102.8434,20220401,105782.0,346355.0
73752.0962,73830.988,73458.5909,73665.3227,20220406,72611.0,348747.0
73666.9546,73881.3963,73312.9965,73360.3917,20220407,104725.0,346628.0
73216.957,73844.8917,73140.1183,73714.2104,20220408,104888.0,350344.0
73659.6867,73694.4226,73129.7167,73181.3358,20220411,115748.0,341486.0
73146.0733,73341.1985,72876.0225,73252.6015,20220412,141822.0,338088.0
73170.8016,74263.0556,73170.8016,73881.1637,20220413,158900.0,348692.0
73668.7029,74102.5004,73492.543,73994.8483,20220414,99786.0,350689.0
73727.9817,74897.3773,73639.6758,74788.4195,20220415,122323.0,368830.0
74585.3892,75100.8028,74452.9753,74575.2967,20220418,95991.0,358168.0
74763.2625,75346.578,74615.5345,74910.4125,20220419,133390.0,364979.0
74545.9855,74585.4523,74206.6641,74353.7593,20220420,118739.0,352183.0
74078.2894,74615.0103,74046.5998,74323.701,20220421,104020.0,347521.0
74609.7552,75060.5607,74553.8012,74881.3608,20220422,132417.0,363927.0
74856.6127,75082.6855,73356.45,73366.9237,20220425,279979.0,347826.0
73247.6223,73690.0684,72528.555,73250.0353,20220426,219571.0,340291.0
72986.9491,73505.0139,72904.7751,73276.0198,20220427,156645.0,334169.0
73073.9765,73477.9971,72854.5789,73239.0159,20220428,135326.0,334361.0
73197.2546,73762.7237,72885.6658,73521.6039,20220429,134067.0,334147.0
72775.4896,73344.3527,72661.2828,72693.889,20220505,121798.0,333311.0
72422.3673,72478.7457,71753.7528,71942.5993,20220506,203016.0,338223.0
71809.5187,71887.7322,71249.3448,71260.3077,20220509,182376.0,338473.0
70815.9608,71712.4028,70692.8273,71500.7659,20220510,208252.0,338935.0
71436.24,71632.8563,70597.2575,71351.4032,20220511,170137.0,336263.0
71213.8946,71717.0205,70606.8918,70623.9202,20220512,149532.0,342582.0
70173.01,70874.5649,69806.4401,70804.5513,20220513,182755.0,345992.0
70337.3005,71517.3066,70133.9159,71052.6455,20220516,157014.0,339579.0
71425.4704,71643.1938,71116.2489,71550.7055,20220517,107558.0,328877.0
71819.8196,71860.546,71025.6243,71039.8809,20220518,103136.0,327227.0
71142.8367,71293.8309,70713.2987,71209.1503,20220519,137285.0,326493.0
71316.5236,71723.7103,71273.6389,71599.8875,20220520,133666.0,322618.0
71631.2383,71952.3277,71381.1159,71712.4683,20220523,111620.0,319975.0
71976.4282,71976.5298,71366.2456,71444.7433,20220524,117116.0,324611.0
71315.8016,71620.2042,65599.1466,71476.5639,20220525,140814.0,320504.0
71140.3643,71343.8664,70944.9071,71039.4524,20220526,131847.0,322628.0
71262.7377,72031.4166,71254.868,71790.0204,20220527,146851.0,322288.0
71697.6355,72061.9645,71685.6698,71843.7621,20220530,109267.0,319440.0
71920.4792,72137.3337,71779.1006,72012.9779,20220531,96293.0,324419.0
71866.1114,71871.0088,71297.8953,71458.2086,20220601,114508.0,322642.0
71802.4255,72044.9375,71645.8042,71986.3341,20220602,106288.0,322798.0
72713.6672,72821.905,72453.102,72524.3229,20220606,110207.0,330716.0
72739.2208,72745.7458,72280.5094,72318.62,20220607,83939.0,332106.0
72314.5237,72789.6225,72207.0253,72686.4535,20220608,113228.0,338001.0
72678.1721,72925.5202,72615.6558,72689.8919,20220609,98180.0,337705.0
72583.6759,72583.6759,72258.9215,72499.2008,20220610,117578.0,330632.0
72193.0934,72320.0555,71454.6336,71552.2033,20220613,167267.0,320051.0
71195.2611,71475.5922,70944.2843,71409.8657,20220614,136221.0,313796.0
71142.7193,71174.2012,70529.8777,70537.0827,20220615,147643.0,316725.0
70646.5147,71009.1298,70363.3766,70374.1431,20220616,130435.0,313600.0
69757.0878,69765.6878,68997.3124,69556.8965,20220617,196110.0,323557.0
69311.8522,69316.5903,67752.5563,67761.1065,20220620,230143.0,340105.0
67496.935,68420.7357,67423.2204,67778.4497,20220621,179086.0,337276.0
68177.6883,68731.0648,66775.938,66805.1683,20220622,194223.0,344548.0
66574.0346,67059.1588,65335.3377,66155.8742,20220623,296343.0,346626.0
65443.1115,65650.298,63378.2835,63420.7773,20220624,341611.0,360625.0
63274.5902,64617.2885,61612.609,63715.8134,20220627,400723.0,354723.0
63708.2734,64815.8447,63444.921,64807.9121,20220628,230570.0,341691.0
64643.5469,64796.0882,62931.9664,63429.1612,20220629,268668.0,353822.0
64183.7442,64559.4236,63633.0524,63822.0509,20220630,185877.0,346697.0
63220.7605,63259.063,61366.9451,61578.4392,20220701,296466.0,365770.0
61546.4322,61783.3726,60579.6885,60614.4897,20220704,252876.0,369634.0
60967.7134,61382.4793,60026.4277,60037.3321,20220705,242928.0,370019.0
59619.4662,59619.4662,55567.7301,57612.4567,20220706,466541.0,390806.0
57953.6049,59442.3961,57126.8525,58585.3066,20220707,378922.0,377690.0
59722.0667,60385.843,58664.3368,58866.9206,20220708,314636.0,371215.0
59011.7148,59644.8451,57815.4293,58424.2869,20220711,269690.0,373490.0
58466.0068,58545.5203,57214.0109,57241.0682,20220712,252958.0,378336.0
57046.7988,57046.7988,55265.5295,55930.5461,20220713,350594.0,389740.0
55618.3585,56532.3326,54651.7523,55393.9086,20220714,408824.0,391537.0
55348.0997,55348.0997,53317.7868,53366.8395,20220715,383588.0,395001.0
54025.8927,56236.9401,53841.9999,56171.953,20220718,449521.0,389481.0
56222.2542,57205.5957,55511.2958,55780.3837,20220719,284225.0,386911.0
55796.6828,57142.5494,55175.2976,56645.7784,20220720,299013.0,387331.0
56627.0765,57083.0462,55756.0064,55976.8587,20220721,257110.0,392216.0
56003.4843,56852.0346,55537.1612,56663.4141,20220722,276020.0,407235.0
56615.0332,57722.7166,56506.7141,56894.4306,20220725,313925.0,410166.0
57144.3674,58860.2293,57119.4075,58753.1656,20220726,310313.0,422189.0
58521.0472,58682.7905,57630.1116,58238.7739,20220727,261935.0,425369.0
58124.8232,59873.4711,57823.0359,59820.6696,20220728,268795.0,424169.0
59557.7281,59970.1374,59106.9329,59931.1474,20220729,248724.0,419415.0
59878.6842,61029.2182,59762.941,60659.223,20220801,279087.0,421731.0
60788.6911,60966.8203,58987.282,60036.3508,20220802,289180.0,417181.0
60169.7604,60455.9546,59369.7436,59573.9254,20220803,271275.0,419348.0
59803.1868,59940.5252,58522.1094,58522.1173,20220804,229185.0,423435.0
58871.8102,60259.839,58321.6169,60047.3322,20220805,282118.0,430391.0
59815.2463,60842.5855,59443.6583,60630.8752,20220808,253944.0,429061.0
60517.3227,61382.5769,60406.617,60946.4208,20220809,226287.0,426762.0
61104.826,61588.9507,60498.3852,60746.4842,20220810,218987.0,423895.0
61575.5197,62462.6944,61324.1166,62383.9478,20220811,254948.0,423755.0
62388.2763,62681.4762,62142.6316,62609.8827,20220812,198322.0,418218.0
62089.7593,62125.5034,60939.576,61149.4919,20220815,222744.0,417853.0
60784.9066,62106.3772,60553.555,61680.6123,20220816,212671.0,418757.0
61759.4665,62028.1028,61397.3506,61547.1636,20220817,172140.0,416950.0
61426.8591,61491.785,60736.0323,60741.1273,20220818,209374.0,425664.0
61672.0236,62106.5618,61430.9025,61502.3342,20220819,217911.0,431000.0
61945.6131,62836.0966,61842.6928,62315.3373,20220822,225862.0,432429.0
62231.7108,62791.3635,61902.242,62534.7152,20220823,187784.0,427237.0
62826.1092,63211.6259,62572.8585,62963.5936,20220824,211201.0,432773.0
62571.4748,62743.793,62342.5516,62673.3514,20220825,213473.0,432323.0
62844.6893,63596.5999,62819.848,63565.1001,20220826,210249.0,436766.0
63979.3352,64415.3514,62162.1822,62411.6215,20220829,310650.0,430725.0
62575.798,62685.2255,61860.7684,62032.7633,20220830,197372.0,422760.0
61736.4078,62170.8617,61449.6081,61916.718,20220831,219103.0,421147.0
60838.6636,61346.325,60221.7223,60534.2049,20220901,288527.0,434770.0
60406.1452,60406.1452,59123.4288,59367.669,20220902,269283.0,438677.0
59543.538,60416.3251,59298.6979,60360.7904,20220905,258587.0,437264.0
60268.3848,61340.1526,60133.9625,61325.1694,20220906,208051.0,432613.0
61105.5809,61119.5685,60821.992,60927.5807,20220907,23835.0,436034.0
60465.0847,60990.4112,60188.4932,60775.2083,20220908,200611.0,426822.0
60950.196,62672.2952,60924.0131,62656.6907,20220909,270536.0,425244.0
62624.6155,63101.0457,62472.3774,62707.0007,20220913,134330.0,420069.0
62509.2856,62519.8119,61647.4319,61759.0523,20220914,205095.0,415108.0
61760.199,62233.7498,61405.8757,61583.3454,20220915,206498.0,413499.0
61406.2597,61691.7976,61192.3936,61309.9937,20220916,172077.0,409222.0
61411.351,62454.6082,61396.3497,61658.2849,20220919,186800.0,411212.0
61428.8035,62280.9965,61355.1004,61956.0935,20220920,153104.0,410433.0
61794.23,62339.7097,61669.1343,62169.3375,20220921,134405.0,415530.0
61772.4652,62199.1744,61301.2477,61784.6213,20220922,233069.0,418327.0
62282.995,62317.9084,61375.9667,61403.8813,20220923,168650.0,419786.0
60585.3364,60701.5184,59506.2242,59546.161,20220926,316617.0,436107.0
59949.7853,60577.7151,59607.4157,60167.9868,20220927,255554.0,427368.0
60322.7478,60441.6986,59520.1235,59629.5666,20220928,202454.0,424801.0
60053.5574,60747.0702,59920.5457,60352.1473,20220929,215779.0,424119.0
60813.6115,60846.2847,60204.7102,60736.4769,20220930,198009.0,421195.0
60485.3179,61029.7665,60434.9872,60581.2673,20221010,149129.0,422143.0
61273.0601,61906.4172,61237.7465,61603.8757,20221011,205218.0,436041.0
61808.2868,61962.8503,61276.6319,61878.7005,20221012,184360.0,439251.0
61729.7103,61790.6654,61388.0973,61481.9664,20221013,155959.0,440653.0
61150.6141,62691.0175,61082.4471,62618.029,20221014,259369.0,454074.0
62519.9703,62664.0262,61854.8474,62112.7326,20221017,203471.0,444565.0
62325.9179,62397.8052,61759.0092,61893.7812,20221018,191879.0,429750.0
61729.1232,61778.4871,61052.2602,61207.8005,20221019,175469.0,428025.0
61186.3118,61547.8791,60986.9746,61230.1316,20221020,161406.0,426426.0
61656.2967,62301.2778,61574.424,61764.532,20221021,222520.0,434755.0
61722.2832,63288.9509,61670.8878,62723.642,20221024,277821.0,452408.0
62723.1916,62991.1127,62559.2831,62878.6236,20221025,173534.0,461450.0
62401.3007,62895.5746,62374.588,62577.4238,20221026,186259.0,458561.0
63062.5141,63472.2506,62947.4251,63202.6482,20221027,194956.0,463403.0
63352.1502,63875.3529,62473.3141,62527.3313,20221028,240714.0,463140.0
62440.0283,62664.3669,61512.3797,61707.2951,20221031,278869.0,461449.0
61506.7043,63058.7685,61440.9021,62928.8398,20221101,246204.0,464965.0
63145.3185,63482.5622,62701.9358,63121.1868,20221102,170894.0,472525.0
62967.9775,63163.5629,62727.6912,62891.531,20221103,125834.0,470735.0
62388.9437,63905.3965,62233.4401,63675.4482,20221104,234357.0,475195.0
64865.0785,65814.308,64380.1715,65168.4586,20221107,332658.0,493181.0
64878.4576,65269.7244,64426.9331,65204.7283,20221108,194984.0,492886.0
65365.1203,66253.7157,65248.3643,66109.5132,20221109,251717.0,497107.0
65686.6549,66793.8595,65664.1005,66350.5082,20221110,266049.0,492572.0
66115.9472,68121.6747,66075.8155,67411.7431,20221111,411710.0,493537.0
67428.8066,67948.8362,66450.9047,66810.6117,20221114,387162.0,484126.0
66458.2862,66995.9399,66269.8746,66869.0434,20221115,225300.0,480233.0
66576.9676,66824.5069,66044.7009,66420.6918,20221116,198420.0,466200.0
66400.4481,66445.6313,65669.0105,66236.2018,20221117,176368.0,460265.0
65994.7287,66014.214,65372.0693,65424.0442,20221118,189442.0,449865.0
65205.7834,65249.0749,64378.3447,64692.3348,20221121,195113.0,435472.0
64348.0338,64494.5006,63933.0173,64052.2666,20221122,172006.0,430994.0
64602.7424,65029.1374,64353.4892,64659.2956,20221123,181166.0,432836.0
64536.7317,65106.361,64435.7669,64956.2111,20221124,154663.0,435202.0
64803.3226,65206.5621,64728.1988,65131.5302,20221125,134257.0,434918.0
65366.6192,65546.0538,63963.3836,64059.9897,20221128,244680.0,420485.0
64503.102,65276.1682,64395.5456,65023.2227,20221129,192790.0,430016.0
64985.2974,65210.9378,64503.7595,64636.8477,20221130,125718.0,428886.0
65532.8136,65950.5134,8157.9708,65837.2801,20221201,189483.0,439993.0
65670.0,66277.0077,43207.9133,66244.2848,20221202,132010.0,439102.0
65665.4901,66793.2675,65585.9103,66269.9039,20221205,168101.0,440910.0
65643.6136,66194.5917,41200.9914,65751.8535,20221206,126066.0,433667.0
65827.8871,66531.1734,30612.5706,65432.5138,20221207,170882.0,433683.0
65596.6247,66473.4704,20904.0403,66339.1157,20221208,139396.0,424860.0
66583.0826,67127.8692,66383.8872,67113.917,20221209,152297.0,428193.0
66648.4608,66720.2842,65909.3534,66014.9086,20221212,171257.0,413942.0
66280.0,66280.0,65583.2265,66048.7687,20221213,125688.0,406800.0
66263.7328,66987.3862,66221.872,66502.6738,20221214,154613.0,412623.0
66228.0166,66370.4744,65852.8167,65964.89,20221215,132474.0,406804.0
65998.9825,65998.9825,65115.9236,65313.5798,20221216,185419.0,407810.0
65089.7856,65916.902,64919.8242,65093.4236,20221219,157175.0,407244.0
65399.2758,65618.4598,64560.8443,65005.73,20221220,169656.0,406859.0
65080.4236,65808.1164,65078.6085,65720.0652,20221221,329287.0,399930.0
65669.3639,66237.5332,65609.8609,65795.2696,20221222,121234.0,400727.0
65624.7327,65746.7572,65250.3513,65375.7902,20221223,121161.0,401168.0
65453.9747,66078.1376,65301.4931,65990.0353,20221226,135076.0,398698.0
65940.193,66534.1763,65915.1571,66368.0828,20221227,112903.0,398612.0
66702.9921,66759.2601,66171.9557,66397.7557,20221228,132503.0,401678.0
66436.7364,66436.7364,66159.5383,66391.4691,20221229,100927.0,403664.0
66207.3937,66253.8493,65938.4833,66215.3536,20221230,112412.0,397127.0
66154.6572,66196.5808,65259.6717,65739.8913,20230103,123066.0,388247.0
65476.3946,65687.1673,64491.9794,64515.2384,20230104,171349.0,400229.0
63996.753,64364.6899,63825.7372,64194.7764,20230105,180349.0,405434.0
65001.4896,65255.5713,64854.3431,65151.6709,20230106,162312.0,396384.0
64845.0543,66196.1978,64657.0217,66049.9152,20230109,204679.0,403758.0
66234.8319,66805.8767,66234.8319,66547.9979,20230110,157370.0,408546.0
66715.9168,67941.1818,66663.7895,67934.7464,20230111,192039.0,434045.0
67976.3818,68967.7447,67971.989,68582.8584,20230112,195183.0,445895.0
68654.5362,69296.3384,68368.151,68572.9377,20230113,181783.0,452275.0
68476.0745,68843.0433,68036.9937,68593.4029,20230116,116344.0,449808.0
68650.9854,68789.1794,68308.0613,68345.8011,20230117,94552.0,438629.0
68790.9788,70356.7629,68746.1682,70232.1415,20230118,160430.0,448061.0
