7287.3746,7334.4733,7262.0996,7290.4087,20200102,38935.0,86755.0
7294.1165,7345.6903,7271.4878,7320.8751,20200103,50002.0,84935.0
7328.845,7407.3886,7317.9058,7386.6685,20200106,60320.0,80477.0
7388.5593,7389.4931,7282.0697,7317.985,20200107,51307.0,80727.0
7308.8109,7428.6967,7303.3134,7374.81,20200108,73547.0,74606.0
7346.173,7385.3009,7268.3414,7307.1768,20200109,59436.0,73427.0
7312.6859,7427.6819,7263.3173,7427.6819,20200110,73535.0,74588.0
7432.9962,7565.0228,7424.005,7539.485,20200113,157257.0,87006.0
7541.6858,7583.9794,7477.7321,7539.093,20200114,90732.0,89820.0
7548.0356,7572.3507,7479.7966,7529.6459,20200115,84963.0,91390.0
7527.8309,7548.281,7401.5472,7464.6405,20200116,86326.0,81137.0
7458.8314,7496.2462,7439.4993,7458.5066,20200117,50607.0,81021.0
7469.5915,7527.5279,7462.222,7513.2152,20200120,60220.0,80974.0
7507.9402,7535.572,7421.1653,7432.7708,20200121,53227.0,74249.0
7422.5329,7435.6204,7310.1688,7392.6234,20200122,58381.0,65581.0
7391.8206,7407.9257,7267.5285,7281.9348,20200123,31982.0,63859.0
6891.6117,6934.6942,6889.4265,6889.4265,20200203,25318.0,58238.0
6672.6733,6878.3296,6555.5603,6867.7278,20200204,55186.0,55884.0
6797.1016,7005.7527,6797.1016,6943.7088,20200205,55998.0,58518.0
6979.05,7026.0221,6929.2151,6999.4398,20200206,36116.0,59789.0
6977.9356,6993.7834,6953.4199,6981.6927,20200207,21794.0,60186.0
6960.3018,6999.8203,6938.3775,6975.9302,20200210,20031.0,62445.0
6956.1241,6991.4966,6926.5281,6947.8224,20200211,32343.0,65248.0
6932.7454,6956.0139,6828.8747,6878.6607,20200212,53423.0,70269.0
6894.4037,6905.7237,6843.1653,6888.6807,20200213,34631.0,72628.0
6891.8696,6922.0778,6852.5353,6897.3775,20200214,33554.0,72562.0
6906.4097,6997.0474,6882.7554,6964.4095,20200217,36097.0,73571.0
6968.0502,7013.2618,6941.3277,6948.6793,20200218,37276.0,76487.0
6966.5025,7035.5628,6947.3384,7007.8106,20200219,39302.0,80432.0
7024.2921,7074.7004,6993.0027,7036.1338,20200220,45714.0,84857.0
7035.8773,7083.9418,7024.0467,7053.5457,20200221,41587.0,87691.0
7015.8341,7038.8328,6965.9968,7036.6638,20200224,35856.0,85694.0
6980.3165,7030.169,6970.7551,7020.9627,20200225,28397.0,85634.0
6991.2088,7051.2741,6921.2779,6924.9862,20200226,48070.0,86334.0
6905.0911,6905.4423,6838.3502,6855.2841,20200227,32581.0,87054.0
6813.0007,6842.0989,6698.2708,6709.9047,20200228,46720.0,83967.0
6686.6436,6797.9213,6665.5796,6772.7832,20200302,45217.0,86350.0
6818.4335,6860.8697,6720.1046,6721.2852,20200303,53258.0,92316.0
6763.3962,6799.7578,6733.6678,6776.5173,20200304,41996.0,91235.0
6778.8668,6793.6087,6742.8098,6768.8862,20200305,38527.0,89860.0
6745.1721,6764.7823,6686.3663,6734.5373,20200306,47647.0,87742.0
6461.9722,6466.153,6461.9722,6465.6825,20200309,1835.0,86920.0
6031.8766,6353.4218,6031.8295,6305.0402,20200310,68998.0,82994.0
6328.2948,6368.6281,6212.0761,6220.9982,20200311,39019.0,84646.0
6183.875,6222.9552,6050.5633,6154.7514,20200312,56086.0,86336.0
6075.0738,6133.7401,5967.4111,6121.1758,20200313,60204.0,85124.0
6068.8571,6111.0237,5980.7979,5983.0911,20200316,66602.0,84619.0
5947.8414,5983.3994,5812.8896,5815.4965,20200317,112770.0,93205.0
5745.657,5745.657,5485.6253,5486.5077,20200318,148168.0,95746.0
5203.0542,5321.126,5143.4186,5153.0703,20200319,99367.0,88263.0
5359.7515,5359.7515,5044.907,5235.1728,20200320,224522.0,90543.0
4796.6565,5019.2069,4775.681,4895.7813,20200323,158195.0,93036.0
4956.0714,4968.9867,4645.9564,4852.2531,20200324,175210.0,95313.0
4763.5252,4816.8208,4592.3877,4651.9128,20200325,259161.0,123172.0
4634.7162,4798.1793,4565.3628,4712.7337,20200326,279610.0,144291.0
4759.8265,4789.9239,4628.8485,4748.7127,20200327,236103.0,157235.0
4654.7493,4688.6478,4458.4513,4461.4665,20200330,270295.0,149897.0
4490.7591,4712.3201,4482.6938,4552.1264,20200331,265939.0,157281.0
4534.5334,4610.9538,4513.5279,4557.1233,20200401,128579.0,157367.0
4530.0875,4921.2229,4529.4674,4817.2914,20200402,264112.0,163917.0
4885.9364,5060.0482,4768.5609,5037.1789,20200403,211948.0,152573.0
5106.5913,5147.648,5006.038,5094.6136,20200407,218171.0,140932.0
5016.7784,5203.5914,4954.7843,5138.6676,20200408,190643.0,132033.0
5215.2192,5524.4504,5168.489,5498.4483,20200409,356375.0,140316.0
5386.5847,5570.123,5332.7334,5422.2949,20200410,510590.0,138106.0
5487.1624,5724.9405,5430.5786,5484.5966,20200413,357387.0,133676.0
5516.9237,5530.4497,5252.8006,5348.9977,20200414,282421.0,130593.0
5265.2724,5434.7535,5189.5402,5366.5702,20200415,243486.0,128462.0
5313.308,5442.0525,5313.308,5376.1032,20200416,202210.0,129240.0
5434.4786,5595.8767,5409.8678,5484.6276,20200417,240891.0,129721.0
5377.9881,5506.8369,5343.7473,5503.7121,20200420,156915.0,132633.0
5436.172,5499.3434,5035.9504,5167.411,20200421,335210.0,126535.0
4936.8171,5004.8953,4794.4958,4795.1303,20200422,261267.0,129726.0
4885.5241,5293.0377,4880.5508,5279.928,20200423,316359.0,133846.0
5310.9787,5365.3109,5179.5108,5275.9751,20200424,270473.0,131527.0
5265.9743,5404.1995,5209.9464,5303.7162,20200427,220519.0,128528.0
5271.7119,5395.065,5247.3048,5335.2852,20200428,199782.0,132409.0
5375.6946,5470.9045,5375.6946,5439.6461,20200429,142694.0,129738.0
5560.6192,5561.3522,5451.0314,5520.6781,20200430,104184.0,125366.0
5775.3607,5792.0264,5661.9902,5718.3063,20200506,123330.0,131787.0
5692.7026,5720.7674,5515.3874,5526.5826,20200507,210189.0,140246.0
5602.6481,5615.655,5439.2585,5531.762,20200508,197301.0,136106.0
5515.8321,5570.1167,5425.6757,5448.066,20200511,124260.0,138983.0
5488.9521,5493.9341,5396.4099,5451.5935,20200512,111264.0,135749.0
5475.8124,5562.4235,5359.6804,5486.6822,20200513,192824.0,133642.0
5506.6573,5541.1295,5437.0706,5507.8327,20200514,118918.0,134105.0
5500.3334,5625.7034,5476.1834,5587.5764,20200515,134031.0,136531.0
5596.9156,5797.3912,5552.7365,5731.5473,20200518,167448.0,142044.0
5755.2665,5886.289,5687.2329,5739.1129,20200519,209271.0,140541.0
5752.3987,5816.1309,5713.8547,5778.0525,20200520,126585.0,141789.0
5778.3177,5822.4336,5734.3218,5768.6613,20200521,149504.0,139707.0
5779.0028,5841.2884,5587.7494,5607.5471,20200522,193976.0,133730.0
5616.2537,5725.5559,5572.2416,5700.117,20200525,119033.0,132858.0
5717.6382,5742.9443,5670.1587,5688.6335,20200526,85281.0,133551.0
5726.8246,5766.0777,5646.0589,5730.2937,20200527,117646.0,131488.0
5718.1272,5744.129,5610.4759,5668.0637,20200528,130872.0,130234.0
5682.7546,5738.1221,5649.3974,5670.3088,20200529,111431.0,127870.0
5669.5996,5804.1698,5645.1042,5792.4536,20200601,121667.0,125781.0
5790.3237,5846.1314,5750.7318,5800.8574,20200602,87918.0,126818.0
5811.6856,5984.6648,5800.6041,5949.0195,20200603,154222.0,141139.0
5920.61,5933.6024,5792.7307,5814.7703,20200604,120444.0,133462.0
5821.7621,5892.2468,5801.0926,5877.6076,20200605,78289.0,134143.0
5949.3704,5969.6296,5867.478,5908.3214,20200608,89110.0,133246.0
5896.0357,5920.1408,5828.4154,5852.8316,20200609,78382.0,134416.0
5848.4848,5899.212,5820.9475,5856.5126,20200610,68223.0,133891.0
5858.7652,5874.3681,5771.2108,5786.473,20200611,82505.0,135109.0
5756.8535,5766.1556,5591.968,5687.0518,20200612,111797.0,130653.0
5712.8162,5785.4755,5636.469,5673.3149,20200615,91794.0,128568.0
5683.4695,5802.2613,5673.9898,5797.6767,20200616,81812.0,125715.0
5831.5504,5864.8628,5749.457,5773.4812,20200617,69817.0,126301.0
5778.9784,5820.5177,5750.9273,5803.4739,20200618,55297.0,125993.0
5832.9541,5888.1382,5795.4044,5845.7012,20200619,62932.0,124639.0
5867.6246,5871.5082,5744.8822,5768.5591,20200622,82752.0,125125.0
5779.9512,5807.96,5727.27,5777.6783,20200623,68452.0,125623.0
5784.4522,5798.25,5744.8212,5763.5218,20200624,46824.0,123665.0
5669.2824,5722.7639,5632.1273,5648.1044,20200629,58698.0,128303.0
5668.0576,5704.0708,5656.8581,5669.8947,20200630,50152.0,127334.0
5664.0331,5691.3306,5563.5084,5670.649,20200701,129086.0,131784.0
5659.3115,5712.8237,5617.1836,5699.2051,20200702,84875.0,130304.0
5691.0488,5763.638,5675.9315,5732.1041,20200703,87422.0,128089.0
5717.5325,5789.5045,5653.4658,5763.0476,20200706,160755.0,127952.0
5757.5388,5809.0608,5699.5724,5719.0856,20200707,138239.0,126268.0
5734.0717,5765.802,5697.0483,5733.9599,20200708,78032.0,125192.0
5734.2038,5757.9658,5677.8871,5701.1073,20200709,89032.0,131684.0
5701.8763,5709.6142,5520.122,5520.9934,20200710,178244.0,154765.0
5559.0187,5654.6986,5548.0987,5605.2011,20200713,124494.0,147558.0
5595.6254,5642.7197,5487.1336,5617.0929,20200714,152815.0,141942.0
5611.583,5704.1546,5603.2989,5688.3459,20200715,148087.0,128863.0
5687.4877,5718.8729,5641.2833,5651.7297,20200716,106957.0,124959.0
5631.6451,5674.9646,5547.6616,5579.9573,20200717,117167.0,128248.0
5600.6025,5647.5349,5554.4577,5620.2481,20200720,120235.0,128501.0
5593.5749,5647.2834,5574.14,5595.5194,20200721,89297.0,127975.0
5638.4884,5671.4918,5605.2265,5618.9464,20200722,106940.0,124751.0
5619.3954,5733.6526,5551.901,5726.6631,20200723,172311.0,131686.0
5711.0014,5781.8304,5660.4899,5706.0871,20200724,192037.0,131886.0
5720.7481,5759.5386,5689.0531,5758.0463,20200727,107861.0,130302.0
5760.4044,5770.469,5673.2284,5702.9631,20200728,115131.0,130919.0
5696.1245,5744.4386,5688.7341,5726.2733,20200729,83203.0,132288.0
5735.8986,5744.0763,5624.9013,5667.7821,20200730,125660.0,128962.0
5670.0455,5678.3134,5603.7247,5610.9456,20200731,130456.0,132139.0
5602.3348,5619.1722,5565.0092,5571.7376,20200803,107064.0,132470.0
5592.3406,5664.834,5577.3308,5603.1294,20200804,104108.0,129085.0
5596.5583,5655.3035,5580.7575,5619.6176,20200805,98825.0,127869.0
5666.798,5669.5354,5596.085,5635.2835,20200806,97286.0,128903.0
5645.3508,5655.4244,5501.4123,5516.118,20200807,149565.0,140099.0
5527.2566,5528.3975,5404.1986,5516.0196,20200810,144290.0,139550.0
5516.3457,5596.8938,5492.3232,5534.0543,20200811,107090.0,132668.0
5534.5583,5556.8154,5483.1663,5532.287,20200812,102383.0,130044.0
5536.6834,5558.6039,5501.8859,5545.9634,20200813,74098.0,127523.0
5543.7163,5573.6357,5485.6906,5488.8854,20200814,84352.0,131434.0
5494.9824,5496.0244,5439.8002,5456.357,20200817,100637.0,140272.0
5446.4136,5480.3694,5411.3043,5417.9508,20200818,121845.0,146079.0
5423.5462,5428.576,5302.0713,5314.0254,20200819,161082.0,151808.0
5294.8372,5442.5555,5290.489,5367.384,20200820,136815.0,136908.0
5380.8734,5520.0157,5342.2293,5519.0164,20200821,157096.0,129713.0
5504.5659,5631.6088,5493.7975,5630.5783,20200824,141655.0,124315.0
5630.0733,5654.7577,5603.7429,5629.5654,20200825,96079.0,122023.0
5639.3935,5643.6985,5549.6421,5570.8999,20200826,130680.0,121182.0
5576.6268,5684.6659,5561.8899,5677.9331,20200827,136293.0,124674.0
5672.0559,5713.5006,5615.0813,5668.834,20200828,156805.0,121009.0
5666.6813,5745.6404,5664.8141,5733.4184,20200831,83857.0,119260.0
5741.0442,5750.7916,5674.423,5738.4702,20200901,90109.0,120116.0
5756.9881,5836.6953,5752.3026,5791.4297,20200902,143798.0,121460.0
5800.5081,5806.889,5721.4214,5738.7218,20200903,125539.0,117139.0
5731.7841,5746.483,5663.7335,5701.4262,20200904,128648.0,109401.0
5711.914,5771.4476,5635.5056,5649.8464,20200907,147737.0,110899.0
5662.8835,5680.7779,5599.1328,5608.7634,20200908,126341.0,110226.0
5583.0909,5624.9941,5492.5328,5577.5635,20200909,187528.0,105549.0
5582.9461,5714.4849,5556.5216,5679.853,20200910,192052.0,117735.0
5699.3355,5706.9123,5627.4742,5663.1986,20200911,109884.0,116327.0
5694.4132,5732.7068,5610.3195,5714.3637,20200914,117569.0,122464.0
5714.1239,5751.1096,5675.7892,5684.0597,20200915,137384.0,122330.0
5728.2331,5758.1025,5678.7529,5754.3055,20200916,173065.0,126663.0
5756.9047,5773.3751,5697.6336,5718.9021,20200917,146646.0,126193.0
5709.5225,5831.4489,5708.7803,5789.0775,20200918,177551.0,137826.0
5777.5326,5786.6221,5710.0738,5723.2797,20200921,117361.0,131799.0
5720.2513,5720.2513,5551.8184,5612.0995,20200922,147300.0,118340.0
5611.8321,5655.9913,5584.9209,5649.143,20200923,128622.0,117649.0
5645.9789,5661.9609,5560.0357,5574.216,20200924,128171.0,117669.0
5576.0629,5640.9326,5544.5504,5611.2513,20200925,209261.0,111641.0
5626.9113,5710.9469,5595.8889,5635.3499,20200928,136248.0,104155.0
5668.7904,5706.8811,5632.672,5656.044,20200929,98116.0,103168.0
5649.343,5658.5439,5532.5736,5587.8195,20200930,127208.0,94763.0
5646.6083,5733.4048,5630.5794,5641.6514,20201009,64265.0,100462.0
5653.5213,5739.2757,5633.3904,5734.2848,20201012,108692.0,111313.0
5746.3689,5968.2728,5746.3689,5942.2305,20201013,238378.0,144436.0
5945.5416,6304.8591,5935.5099,6167.7539,20201014,567894.0,174536.0
6192.9042,6241.5718,6109.3994,6187.3266,20201015,272916.0,171402.0
6160.9893,6258.0277,6112.9788,6169.5232,20201016,266513.0,165337.0
6185.9603,6572.3737,6185.7486,6315.0565,20201019,461425.0,173346.0
6361.3427,6451.1504,6319.0604,6407.2956,20201020,234115.0,173382.0
6453.2815,6653.0177,6365.3714,6387.2629,20201021,436064.0,168190.0
6406.69,6502.4974,6283.2211,6483.5631,20201022,287073.0,174677.0
6477.1131,6490.0783,6249.7619,6256.141,20201023,503027.0,164395.0
6301.7262,6438.618,6284.4642,6340.862,20201026,359705.0,163347.0
6334.6943,6480.3373,6292.8667,6413.7691,20201027,449689.0,172254.0
6508.7713,6597.794,6450.2901,6570.0651,20201028,503887.0,183187.0
6545.4432,6818.958,6521.3734,6786.0364,20201029,625392.0,216527.0
6738.5941,6883.5909,6641.2795,6686.1603,20201030,705772.0,191869.0
6710.4727,6938.3024,6630.2426,6923.1575,20201102,391622.0,204183.0
6893.3403,6970.0117,6821.2056,6891.7379,20201103,296846.0,192940.0
7001.4648,7231.3461,6955.4567,7207.1452,20201104,514883.0,216282.0
7195.8707,7325.9578,6999.1009,7000.8165,20201105,581673.0,205195.0
7039.0556,7087.6341,6855.7418,6902.4266,20201106,502577.0,194332.0
6937.883,7293.326,6937.7318,7286.7093,20201109,614815.0,215407.0
7373.1461,7454.4214,7171.0648,7276.5028,20201110,616024.0,210366.0
7304.7456,7485.6367,7208.3933,7485.2242,20201111,369553.0,225906.0
7487.1252,7575.9192,7376.599,7456.9841,20201112,645223.0,232368.0
7430.7151,7704.003,7399.538,7692.6936,20201113,781347.0,255367.0
7666.953,8197.9912,7666.953,8064.0258,20201116,1092113.0,265698.0
7921.588,7948.7751,7701.0795,7767.8226,20201117,1193736.0,232951.0
7729.7465,7761.4515,7453.7875,7467.3417,20201118,999907.0,227660.0
7476.5721,7683.7008,7301.0039,7310.1725,20201119,1211472.0,227352.0
7344.1643,7396.741,7252.6033,7340.4971,20201120,856594.0,222468.0
7341.5655,7543.5974,7262.417,7430.3914,20201123,947117.0,219861.0
7423.1737,7457.1507,7084.809,7144.6947,20201124,718111.0,218152.0
7139.346,7221.9481,7115.6827,7171.6995,20201125,392661.0,202765.0
7180.7566,7337.454,7108.2304,7180.5778,20201126,711488.0,214214.0
7182.9428,7328.0234,7086.8635,7326.2985,20201127,578310.0,208729.0
7333.4964,7541.4954,7267.1347,7407.7182,20201130,768782.0,209655.0
7436.1703,7471.4209,7199.7295,7199.7295,20201201,533587.0,201898.0
7204.6558,7229.3603,7052.3316,7081.9192,20201202,567369.0,210231.0
7081.5622,7214.7505,6988.4382,7142.2321,20201203,376132.0,198964.0
7120.9052,7136.6132,6897.4549,6952.769,20201204,507903.0,196603.0
6928.3241,7169.8737,6904.6556,7157.8213,20201207,351119.0,181188.0
7157.941,7197.3928,6989.6667,7010.8162,20201208,316028.0,174923.0
6980.8339,7090.738,6833.1037,6854.8642,20201209,349470.0,172383.0
6891.4587,6896.1968,6634.989,6697.9655,20201210,461287.0,168805.0
6686.4008,6809.284,6641.4684,6787.9988,20201211,277491.0,153289.0
6758.809,6880.2565,6718.5532,6809.8854,20201214,345998.0,146949.0
6811.6863,6912.4543,6677.8682,6863.0146,20201215,476791.0,141918.0
6869.3578,6937.0156,6663.1676,6681.7411,20201216,464652.0,146570.0
6684.8227,6888.4677,6607.4526,6886.4726,20201217,424055.0,143990.0
6867.1862,7141.1106,6867.1862,6977.8977,20201218,524350.0,138629.0
6972.7017,7002.7333,6688.0567,6723.9156,20201221,396637.0,133210.0
6706.9061,6792.9547,6489.4381,6530.6235,20201222,452673.0,128095.0
6547.269,6584.553,6380.894,6455.7887,20201223,378735.0,131451.0
6498.7355,6643.055,6472.6357,6554.5357,20201224,257024.0,120573.0
6531.7113,6689.5968,6499.5797,6511.0065,20201225,253292.0,116826.0
6519.088,6519.088,6178.5508,6204.8545,20201228,432119.0,141940.0
6213.8632,6220.0288,6092.2463,6149.4995,20201229,390155.0,137291.0
6179.6183,6297.8977,6152.0944,6255.2809,20201230,327820.0,120416.0
6258.3726,6420.2171,6196.4885,6414.334,20201231,195542.0,101602.0
6403.0126,6455.4237,6303.7389,6426.2896,20210104,118021.0,101891.0
6396.1002,6573.0507,6395.3298,6481.1089,20210105,281202.0,100494.0
6497.9187,6709.0221,6497.7056,6646.0621,20210106,397084.0,106724.0
6631.1426,6765.6707,6534.4707,6719.2161,20210107,339542.0,113814.0
6717.4978,6843.3665,6612.5126,6771.9608,20210108,349819.0,109705.0
6744.6747,6928.9772,6655.0173,6746.1082,20210111,463218.0,106423.0
6771.2967,6849.33,6621.7503,6808.328,20210112,383433.0,107515.0
6799.4155,7010.7252,6799.4155,6947.1307,20210113,337056.0,117729.0
6938.7565,7014.1153,6736.3354,6765.1444,20210114,340941.0,108359.0
6764.2961,6920.996,6753.2849,6848.8625,20210115,199605.0,114343.0
6852.3288,7101.8651,6793.5225,6893.5591,20210118,246511.0,121756.0
6905.0383,7159.6256,6881.4781,7079.7104,20210119,327683.0,141434.0
7083.0405,7211.7191,7040.4254,7102.4854,20210120,282641.0,142966.0
7093.7942,7164.5909,6865.6735,6909.1624,20210121,293427.0,140056.0
6914.3552,6986.4482,6773.8426,6866.3899,20210122,341461.0,141010.0
6821.5621,6957.8398,6790.1111,6908.8679,20210125,264894.0,133398.0
6894.4364,7085.8476,6891.4121,7029.9664,20210126,395648.0,137667.0
7056.0775,7385.0837,7056.0775,7381.6926,20210127,532516.0,190738.0
7356.795,7365.5582,7057.3427,7074.5283,20210128,613797.0,146834.0
7104.7024,7277.7131,6964.4472,7273.3167,20210129,630535.0,150540.0
7264.1259,7341.9162,7210.8336,7317.2732,20210201,496557.0,159091.0
7336.2447,7478.5354,7334.0184,7425.8379,20210202,375662.0,164167.0
7450.8561,7502.4424,7301.7898,7397.525,20210203,262240.0,162388.0
7417.1932,7605.6814,7332.5762,7600.2348,20210204,357389.0,183561.0
7580.7969,7663.4987,7552.4652,7646.8014,20210205,349509.0,190487.0
7669.1944,7822.9991,7607.2362,7673.0805,20210208,453172.0,180230.0
7705.8764,7850.7035,7634.8783,7822.1813,20210209,345609.0,178543.0
7818.7303,7832.1956,7567.7591,7613.0799,20210210,331061.0,143211.0
8449.4511,8475.4725,8265.9666,8469.5514,20210218,264714.0,172627.0
8631.3012,8694.7332,8403.0613,8583.2186,20210219,582804.0,163846.0
8632.5578,9249.5507,8581.6876,9142.7823,20210222,648751.0,176909.0
9135.2003,9404.2943,8911.8917,9080.2995,20210223,707548.0,161199.0
9031.3616,9202.8708,8955.8347,9145.1393,20210224,546165.0,166334.0
9202.1375,9661.9766,9066.9779,9481.1448,20210225,754778.0,166048.0
9497.3101,9852.0681,9328.9605,9744.3968,20210226,808403.0,181015.0
9639.5431,9896.1449,9242.5188,9336.4678,20210301,814155.0,160636.0
9303.7482,9346.7757,8817.7021,8998.0805,20210302,650907.0,150655.0
9057.8901,9256.1453,8833.3125,8969.7377,20210303,523279.0,149090.0
9069.8059,9392.4591,8962.5093,9078.2816,20210304,610023.0,161217.0
9073.3831,9321.8934,8988.3047,9139.0493,20210305,557722.0,159748.0
9188.8904,9712.1551,9165.825,9308.956,20210308,504546.0,163745.0
9217.9308,9355.563,8722.4502,8730.321,20210309,2155116.0,157393.0
8842.5515,8926.7045,8556.0798,8796.307,20210310,348254.0,154887.0
8848.6289,8933.3636,8653.5837,8890.4921,20210311,316380.0,156585.0
8919.5295,8981.5691,8696.013,8715.0923,20210312,274617.0,156744.0
8713.8399,8956.605,8528.6516,8692.1253,20210315,400632.0,163534.0
8591.8343,8765.7983,8504.6914,8528.0825,20210316,257022.0,159237.0
8511.542,8521.898,8272.6973,8294.5979,20210317,301804.0,171686.0
8232.0119,8358.0378,8171.1662,8305.3464,20210318,249768.0,156961.0
8254.9167,8319.9959,7778.356,7838.0865,20210319,307893.0,175229.0
7845.7989,8098.0955,7645.7637,8037.8739,20210322,236147.0,151593.0
8022.3689,8101.0412,7828.0562,7935.9899,20210323,173936.0,153324.0
7854.5523,8150.2392,7826.6494,8120.9462,20210324,265703.0,153308.0
8158.042,8259.4565,8087.1573,8128.7432,20210325,241090.0,147296.0
8101.2975,8325.8549,8084.7776,8299.8408,20210326,271791.0,156264.0
8284.1662,8425.3183,8119.8536,8155.6234,20210329,217627.0,145522.0
8224.9173,8353.4357,8174.4924,8344.6546,20210330,176757.0,141294.0
8348.4488,8459.8096,8300.128,8427.3678,20210331,222860.0,145987.0
8428.9311,8823.3094,8428.1164,8823.3094,20210401,333950.0,193762.0
8781.213,8844.0016,8611.56,8770.4854,20210402,317444.0,184426.0
8704.9887,9023.7394,8685.9465,8985.1525,20210406,211924.0,207789.0
9009.9556,9069.7324,8798.7141,8859.3507,20210407,291669.0,209920.0
8862.3374,8893.4721,8556.1402,8599.9794,20210408,335669.0,204438.0
8606.1152,8633.3715,8440.5854,8448.0781,20210409,313640.0,193347.0
8452.0775,8531.2057,8359.1603,8409.9321,20210412,281014.0,187355.0
8436.3142,8606.3444,8258.0422,8497.4438,20210413,381463.0,195905.0
8542.7795,8750.4403,8477.9571,8747.0657,20210414,318091.0,205229.0
8732.3913,8822.3789,8703.3942,8773.291,20210415,278896.0,218466.0
8766.9837,8897.8998,8692.8303,8780.7246,20210416,325124.0,224406.0
8782.7019,9024.6197,8760.7858,8986.8787,20210419,385643.0,244089.0
9001.7885,9255.7525,8440.7397,9111.6426,20210420,378985.0,256134.0
9113.3905,9220.4903,8932.5324,9148.451,20210421,390451.0,281086.0
9099.5415,9118.8541,8924.5347,9003.2253,20210422,533076.0,258319.0
9036.5902,9099.6172,8904.326,9086.4016,20210423,424533.0,263698.0
9070.9379,9258.3863,8891.3967,8974.4706,20210426,479666.0,266949.0
8949.4939,8970.1202,8775.1578,8923.0104,20210427,383942.0,241446.0
8919.3654,9020.2357,8817.5963,8897.1679,20210428,284130.0,242196.0
8908.1897,9118.6529,8875.1351,8945.6351,20210429,342475.0,236932.0
8974.8085,9054.7187,8761.5934,8817.5911,20210430,313159.0,212979.0
8909.0585,9211.2121,8861.0606,9199.6146,20210506,267486.0,234562.0
9231.3626,9573.3253,9165.546,9572.4738,20210507,394119.0,266361.0
9531.2551,9883.3758,9435.1875,9760.082,20210510,346709.0,257842.0
9736.725,9746.9765,9481.6695,9604.0454,20210511,291314.0,252418.0
9601.51,9866.0507,9513.7492,9720.4143,20210512,369293.0,254052.0
9700.4852,10022.0775,9415.2788,9541.3311,20210513,478698.0,241228.0
9538.0188,9599.846,9319.211,9501.0363,20210514,402346.0,237547.0
9577.2657,9842.2957,9577.2657,9687.1648,20210517,371133.0,254197.0
9661.3417,9938.6029,9631.389,9793.7032,20210518,355379.0,260069.0
9777.4911,9848.5154,9496.6336,9633.3182,20210519,355738.0,252264.0
9530.7155,9800.0,9240.1074,9450.3224,20210520,396888.0,250997.0
9353.471,9409.5087,9076.6578,9076.9512,20210521,406085.0,243803.0
9089.984,9155.5548,8970.5495,8989.9036,20210524,414325.0,227509.0
8998.9218,9161.0578,8973.6851,9086.7407,20210525,329226.0,225624.0
9074.9753,9106.0308,8819.6046,8928.2117,20210526,335762.0,226982.0
8873.0174,8895.7227,8480.2907,8494.2645,20210527,390677.0,230773.0
8500.0892,8793.2102,8392.5766,8443.2607,20210528,409729.0,225188.0
8467.5384,8653.6379,8451.2748,8640.1154,20210531,313146.0,206205.0
8679.4583,8820.5861,8622.7837,8777.0933,20210601,320687.0,194465.0
8875.1999,9036.097,8770.9786,8771.4903,20210602,303996.0,196998.0
8800.9913,9061.2851,8800.6188,8918.8201,20210603,311946.0,204557.0
8896.5434,8929.4523,8655.5144,8752.4711,20210604,305116.0,209178.0
8778.6744,8834.7715,8451.0049,8481.0593,20210607,345967.0,227015.0
8491.9527,8521.5834,8239.8762,8468.859,20210608,425013.0,234918.0
8436.8633,8448.8283,8277.8408,8406.0366,20210609,351579.0,244967.0
8370.5731,8418.8347,8163.1522,8196.4507,20210610,345981.0,261630.0
8228.9137,8384.3444,8178.075,8304.5366,20210611,400837.0,244377.0
8366.7198,8445.9555,8092.1857,8359.686,20210615,311017.0,245682.0
8361.8739,8469.6261,8328.6683,8428.3053,20210616,301399.0,244443.0
8417.0124,8451.2302,8206.0998,8391.0266,20210617,399572.0,245219.0
8379.6249,8395.5933,8184.2,8308.6693,20210618,387649.0,246014.0
8291.4252,8391.5198,8121.4543,8156.0881,20210621,389239.0,265693.0
8157.0804,8512.485,8137.7222,8510.9688,20210622,415263.0,255076.0
8492.7626,8785.2919,8475.025,8729.6105,20210623,445133.0,269021.0
8753.4399,8846.9092,8635.9137,8705.6993,20210624,370711.0,270746.0
8688.8134,8897.5798,8652.7068,8786.2996,20210625,337455.0,276367.0
8813.6627,8929.4416,8716.0879,8919.8491,20210628,378772.0,291888.0
8906.0934,8924.6397,8740.6176,8827.3176,20210629,322875.0,278926.0
8893.4205,9080.5651,8893.4205,8989.8628,20210630,445932.0,299290.0
9003.9149,9184.0369,8984.4029,9179.2215,20210701,372328.0,315698.0
9361.8711,9363.1085,9162.8765,9288.6095,20210702,398481.0,312228.0
9287.1764,9394.803,9144.1224,9215.2584,20210705,433696.0,300313.0
9219.1007,9314.2291,8985.5989,8995.5769,20210706,484181.0,284814.0
8995.5037,8995.5037,8809.6756,8964.2807,20210707,382814.0,269074.0
8913.2678,9005.8418,8829.9125,8975.4554,20210708,344852.0,265776.0
8968.6454,9026.441,8863.4498,8988.0646,20210709,327010.0,268948.0
9015.3073,9185.0766,8874.023,8907.7759,20210712,429784.0,261755.0
8881.1186,8949.173,8797.653,8948.0342,20210713,351973.0,255404.0
8920.3127,9173.5835,8813.6136,9124.9563,20210714,487050.0,263035.0
9145.6703,9158.7302,8919.8027,9010.06,20210715,390436.0,259524.0
9022.0015,9112.2893,8922.7275,9020.6252,20210716,402724.0,258469.0
9057.9375,9238.1135,9016.5472,9188.3481,20210719,458208.0,268920.0
9070.4104,9072.4117,8567.0,8757.2552,20210720,493597.0,255738.0
8722.8706,8938.0393,8708.3626,8868.4399,20210721,352286.0,240214.0
8954.7324,9134.5833,8926.1649,9099.878,20210722,405741.0,253057.0
9113.0654,9282.561,9080.6334,9180.872,20210723,348527.0,275049.0
9178.9135,9331.5648,9129.6168,9151.9083,20210726,270091.0,272491.0
9186.6652,9363.2621,9138.795,9236.2778,20210727,289403.0,282521.0
9229.386,9248.4363,9080.1206,9208.2798,20210728,262029.0,272381.0
9189.2726,9261.7405,9064.1697,9083.3777,20210729,324956.0,260663.0
9092.9202,9159.0114,8885.3159,8930.1666,20210730,358797.0,245123.0
8998.5951,9066.7674,8763.1566,8794.7808,20210802,372409.0,232474.0
8758.2385,8785.0072,8520.9434,8529.6987,20210803,346816.0,246559.0
8484.7272,8751.7996,8483.6819,8704.1956,20210804,357826.0,236342.0
8653.2748,8730.5842,8508.6319,8529.1496,20210805,317709.0,241136.0
8557.1503,8637.7946,8439.5404,8596.0727,20210806,281935.0,237214.0
8597.3652,8652.8563,8386.8619,8474.4837,20210809,324408.0,244205.0
8429.7619,8630.4045,8425.6521,8591.0858,20210810,322843.0,240458.0
8523.2193,8788.6315,8513.8298,8742.3666,20210811,357696.0,249295.0
8691.8344,8883.6609,8667.5911,8728.5823,20210812,366114.0,243308.0
8735.5145,8813.2704,8663.8899,8709.8016,20210813,280178.0,248500.0
8731.439,8838.1506,8661.6143,8698.5233,20210816,305740.0,245096.0
8671.4332,8714.8641,8510.6023,8514.1129,20210817,337904.0,248803.0
8518.9977,8583.9093,8457.2046,8569.0425,20210818,303801.0,249121.0
8591.1416,8614.8162,8273.6903,8298.493,20210819,348816.0,264392.0
8286.6905,8415.9883,8241.1929,8387.7292,20210820,256588.0,253376.0
8316.1758,8611.2131,8257.3646,8573.2476,20210823,296546.0,236391.0
8578.5182,8618.3679,8520.3181,8555.4031,20210824,221689.0,236716.0
8594.7784,8643.7169,8429.938,8446.2606,20210825,278423.0,242837.0
8502.8358,8502.8358,8325.3272,8326.9342,20210826,268276.0,248183.0
8351.308,8616.8804,8336.8781,8588.078,20210827,300445.0,241859.0
8586.271,8737.2574,8557.0943,8640.0776,20210830,284262.0,235220.0
8672.4949,8807.7822,8614.7472,8807.5276,20210831,275733.0,244204.0
8810.2218,8837.6779,8662.1454,8772.0979,20210901,292603.0,233271.0
8783.4852,8867.195,8716.9897,8784.2961,20210902,281688.0,244161.0
8808.6192,8926.9285,8741.2773,8815.0787,20210903,329730.0,241513.0
8820.3927,8875.2147,8670.7436,8806.8477,20210906,331935.0,242563.0
8807.2256,8906.0847,8720.8935,8795.4146,20210907,364872.0,234246.0
8770.4247,9292.6031,8729.9557,9212.2981,20210908,524420.0,273575.0
9211.36,9428.5261,9082.0154,9082.0154,20210909,499554.0,277584.0
9114.5837,9173.5118,9001.2334,9084.545,20210910,381098.0,262563.0
9140.702,9459.3962,9104.0783,9374.8871,20210913,395424.0,271522.0
9374.4814,9535.6405,9374.4814,9448.6057,20210914,399746.0,273878.0
9448.6696,9502.4074,9289.4229,9454.086,20210915,352056.0,270904.0
9500.1516,9748.4878,9386.8576,9404.0008,20210916,493708.0,258689.0
9354.8169,9380.0363,9034.3465,9107.6184,20210917,410119.0,232259.0
9032.9693,9137.1585,8933.8198,9033.7712,20210922,261529.0,231639.0
9020.6571,9095.5427,8958.18,8994.3652,20210923,401951.0,229246.0
9010.4141,9135.1413,8841.2654,9007.5056,20210924,462412.0,218464.0
8952.0454,9298.2524,8889.1967,8957.9911,20210927,491374.0,217432.0
9008.0688,9369.4219,8947.1359,9328.9067,20210928,458651.0,215444.0
9295.9122,9357.2281,8978.8041,8998.1836,20210929,355119.0,185998.0
9031.0086,9290.8338,9020.578,9259.5286,20210930,262846.0,173156.0
9408.4463,9652.0636,9322.0316,9599.2403,20211008,221381.0,185459.0
9602.0666,10075.8166,9538.0174,10001.8709,20211011,364470.0,207846.0
10039.1583,10240.3475,9796.6259,9838.3339,20211012,392854.0,202776.0
9848.853,9922.4213,9386.3183,9541.5176,20211013,342017.0,197720.0
9504.2881,9650.5992,9466.0266,9650.5992,20211014,266606.0,190571.0
9667.7026,9844.6871,9599.9422,9794.2258,20211015,342979.0,203934.0
9784.8543,9830.3825,9588.2634,9745.8364,20211018,301455.0,200867.0
9729.2555,9795.1889,9484.3598,9557.8522,20211019,332306.0,206237.0
9537.5947,9638.0,9104.3223,9394.8113,20211020,360503.0,193109.0
9338.8063,9611.7361,9338.8063,9396.7963,20211021,283508.0,188754.0
9448.0144,9534.908,9129.6231,9277.8084,20211022,388704.0,191548.0
9295.2781,9696.1035,9284.7936,9638.8091,20211025,371957.0,190172.0
9652.4282,9716.7153,9361.9848,9379.4445,20211026,387855.0,182603.0
9398.4508,9413.6171,8983.9979,9007.1839,20211027,391570.0,188343.0
9016.9235,9148.0762,8835.3081,9073.2052,20211028,375685.0,179974.0
9075.8061,9330.1135,9043.062,9245.8972,20211029,300740.0,185546.0
9176.3363,9403.1225,9150.5425,9169.1395,20211101,308910.0,186841.0
9233.8567,9279.2735,8992.3536,9068.2303,20211102,266022.0,184593.0
9058.2047,9188.8751,8865.1702,9174.1666,20211103,324558.0,181676.0
9102.197,9122.0791,8900.4943,9083.8443,20211104,287212.0,185706.0
9159.0942,9212.178,8884.1598,8917.7296,20211105,264011.0,196875.0
8920.2178,9154.2115,8875.0575,9145.0772,20211108,258879.0,197410.0
9147.3253,9164.1352,8754.2919,8843.2405,20211109,386474.0,213960.0
8862.4949,8973.5915,8764.8906,8953.2484,20211110,273693.0,198606.0
8919.2289,8941.7299,8560.456,8686.2708,20211111,406772.0,216570.0
8649.5722,8768.5943,8622.1237,8679.5848,20211112,241214.0,207991.0
8598.6258,8679.5976,8434.707,8442.1599,20211115,302357.0,217947.0
8417.8553,8591.375,8363.1034,8510.0462,20211116,263026.0,212667.0
8523.8827,8536.1858,8247.2432,8276.5764,20211117,288063.0,224560.0
8292.8765,8333.8872,8105.0963,8116.3349,20211118,282141.0,231601.0
8156.9652,8444.8005,8077.7107,8352.1929,20211119,342062.0,214892.0
8225.3419,8504.2974,8189.7305,8310.7338,20211122,385285.0,204983.0
8260.8681,8336.9708,8135.5987,8140.9096,20211123,301727.0,208157.0
8131.755,8231.8447,7999.3867,8197.5805,20211124,351371.0,212796.0
8216.4175,8217.9275,8037.439,8050.596,20211125,275811.0,228927.0
8033.1262,8039.9018,7747.1322,7760.1285,20211126,315977.0,262421.0
7649.1094,7722.346,7503.2331,7595.6816,20211129,360603.0,251347.0
7611.7595,7754.7882,7537.1482,7552.454,20211130,341877.0,235726.0
7556.9608,7815.1427,7511.6255,7798.8676,20211201,338355.0,221191.0
7839.273,7910.1164,7726.1557,7738.2209,20211202,328042.0,218143.0
7712.7523,7987.1105,7684.3368,7986.6076,20211203,367422.0,213864.0
7997.2677,8075.5683,7862.5523,7879.6387,20211206,327702.0,210591.0
7932.1732,8087.9376,7884.9989,8063.9211,20211207,291173.0,206455.0
8094.3513,8117.3033,7983.3891,8058.3405,20211208,249115.0,202859.0
8068.6343,8086.4555,7830.2466,7884.6815,20211209,306148.0,201312.0
7856.0658,8135.0478,7834.1104,8061.0637,20211210,357649.0,211274.0
8081.3224,8180.2298,8037.9303,8145.0884,20211213,316427.0,210421.0
8103.6578,8248.1253,8058.9256,8246.3623,20211214,287231.0,216717.0
8240.7797,8261.8171,8128.3503,8173.4167,20211215,228309.0,207920.0
8155.9333,8228.1588,8052.4289,8158.2062,20211216,303583.0,203223.0
8158.7776,8234.8039,7999.0445,8042.0575,20211217,400070.0,209465.0
8013.5767,8062.0,7844.0044,7918.9986,20211220,373791.0,198141.0
7864.2188,7902.3141,7758.5475,7824.412,20211221,271546.0,199785.0
7826.6691,7853.6806,7735.9675,7762.8021,20211222,303938.0,211312.0
7761.2599,7996.6218,7742.2967,7991.4542,20211223,271693.0,188377.0
8034.4872,8362.2143,8033.0311,8290.279,20211224,462518.0,209041.0
8265.9654,8339.2237,8139.5431,8148.5351,20211227,253984.0,199774.0
8189.2125,8352.6371,8159.6266,8314.0179,20211228,269746.0,203830.0
8345.5926,8388.0058,8237.4149,8355.115,20211229,224806.0,199346.0
8354.2549,8532.6512,8320.3126,8487.9722,20211230,290963.0,209349.0
8483.4579,8601.1694,8458.1224,8543.7399,20211231,276684.0,216167.0
8541.0115,8782.5244,8539.7884,8611.3589,20220104,210388.0,217580.0
8620.084,8653.6019,8419.7498,8449.0919,20220105,274598.0,210731.0
8483.9604,8523.2524,8388.0778,8444.9935,20220106,230745.0,202846.0
8501.0965,8738.3787,8426.524,8655.014,20220107,307645.0,209486.0
8613.7783,8642.1823,8336.5487,8368.4806,20220110,305070.0,187412.0
8386.7294,8514.026,8357.7851,8493.0183,20220111,206648.0,189119.0
8499.4756,8737.8965,8497.4545,8645.059,20220112,317546.0,204831.0
8657.5081,8691.8976,8510.9858,8526.9061,20220113,291364.0,196849.0
8541.6909,8768.6588,8460.239,8741.7162,20220114,338102.0,214931.0
8746.0765,8806.4383,8658.1012,8754.249,20220117,245826.0,215504.0
8724.0978,8724.3988,8499.3926,8628.2808,20220118,357154.0,192243.0
8618.7565,8892.5432,8618.7565,8692.984,20220119,370774.0,197537.0
8679.4807,8706.7192,8562.7099,8634.6808,20220120,320567.0,189640.0
8608.1624,8621.862,8394.694,8395.6103,20220121,347029.0,203890.0
8433.9846,8559.1095,8418.9268,8495.2656,20220124,289664.0,188336.0
8496.0019,8703.1619,8484.7124,8600.3338,20220125,359747.0,179065.0
8577.2538,8946.6828,8572.2453,8907.9241,20220126,385006.0,228375.0
8943.0289,9102.7846,8915.8987,9050.6471,20220127,292157.0,219200.0
9084.4315,9257.1571,9020.1299,9068.9389,20220128,288859.0,193129.0
9363.0264,9535.8529,9253.3164,9282.6917,20220207,221026.0,198425.0
9279.0764,9332.6574,9176.899,9275.5145,20220208,233738.0,192632.0
9183.5381,9183.5381,8940.4146,9013.2081,20220209,237650.0,187767.0
9009.1477,9080.158,8930.7837,8989.3878,20220210,199444.0,192111.0
9044.1975,9134.5168,8955.0936,9011.7826,20220211,350169.0,201435.0
9086.5341,9328.689,9042.8908,9100.7572,20220214,359999.0,204069.0
9069.8325,9182.3456,9013.8915,9136.1708,20220215,258430.0,206473.0
9015.2788,9028.4987,8862.1537,8940.1908,20220216,270275.0,203603.0
9008.8572,9009.2446,8722.5327,8793.0803,20220217,258564.0,201069.0
8811.7555,8933.2167,8794.5853,8910.8285,20220218,202372.0,187142.0
8844.1077,9009.3366,8811.6445,8988.3095,20220221,236425.0,192304.0
8999.3949,9173.7984,8966.3493,9121.9664,20220222,284847.0,196048.0
9121.3624,9204.465,9070.3475,9151.8302,20220223,231109.0,194327.0
9159.4329,9494.9735,9137.4273,9337.5582,20220224,338685.0,202133.0
9420.7373,9512.1893,9166.5184,9234.0908,20220225,254140.0,197641.0
9162.6372,9371.4954,9153.1251,9242.8053,20220228,215217.0,188312.0
9229.4456,9270.0772,9024.8523,9163.0599,20220301,247134.0,183012.0
9225.1902,9497.923,9208.647,9489.8509,20220302,250896.0,198911.0
9512.2026,9867.9622,9473.1608,9797.6774,20220303,290309.0,196940.0
9800.1979,9830.1699,9606.3123,9702.3078,20220304,254358.0,188798.0
9748.2975,10321.6458,9737.1645,10181.4226,20220307,341375.0,190690.0
10084.0723,10401.5945,9935.1733,10372.6521,20220308,317571.0,197436.0
10344.5927,10517.0042,10203.7302,10447.3626,20220309,302927.0,199186.0
10210.6389,10226.948,9782.3804,9984.5556,20220310,321538.0,178439.0
10090.2449,10141.6693,9792.668,9890.4782,20220311,218294.0,178730.0
9838.0916,9882.3083,9596.7743,9611.3137,20220314,185712.0,180195.0
9576.15,9718.6454,9496.2558,9501.3448,20220315,246158.0,188848.0
9451.2408,9495.9128,9286.094,9465.3855,20220316,266130.0,185376.0
9508.2093,9595.3919,9360.4488,9474.8522,20220317,241482.0,187405.0
9580.4961,9684.66,9510.2941,9669.0824,20220318,267092.0,194768.0
9569.0473,9641.4026,9285.0,9561.3858,20220321,311390.0,187173.0
9586.7033,9739.8359,9559.7469,9627.3779,20220322,198584.0,190244.0
9601.1974,9801.2447,9584.7324,9746.9463,20220323,218923.0,201774.0
9833.4528,10016.7708,9829.568,9859.4466,20220324,195053.0,203222.0
9872.3765,9994.2707,9861.9871,9954.3996,20220325,169929.0,200568.0
9865.8641,9957.907,9812.0315,9865.2092,20220328,222355.0,197032.0
9838.6983,9887.5545,9703.646,9845.3863,20220329,186997.0,195537.0
9725.712,9880.4668,9681.5816,9848.2618,20220330,208199.0,194340.0
9855.4191,9887.0371,9611.9,9650.9923,20220331,212111.0,183024.0
9605.1837,9819.2522,9600.0809,9702.9769,20220401,194555.0,179828.0
9745.4985,9964.6261,9649.9944,9931.1232,20220406,204083.0,196950.0
9952.3314,10095.4735,9865.593,9922.7191,20220407,249822.0,210361.0
9929.446,9997.5257,9800.8115,9997.5257,20220408,229087.0,216249.0
10006.3999,10047.8501,9695.6354,9729.3799,20220411,253146.0,202845.0
9690.0677,9842.829,9638.3691,9842.083,20220412,196784.0,204496.0
9857.8234,9861.9477,9658.7291,9663.0775,20220413,200944.0,205284.0
9696.109,9827.7056,9672.5811,9707.0645,20220414,203517.0,203544.0
9707.565,9707.565,9467.2643,9508.8411,20220415,307011.0,219061.0
9493.699,9677.9936,9464.3419,9646.2415,20220418,215370.0,212114.0
9626.7887,9643.9786,9520.5069,9530.369,20220419,228364.0,224311.0
9494.3198,9725.2344,9471.5031,9705.7987,20220420,289484.0,213129.0
9705.825,9883.3093,9705.825,9744.0399,20220421,392364.0,197524.0
9742.7352,9848.7606,9730.6311,9755.957,20220422,218276.0,191380.0
9764.2774,9778.2299,9368.354,9399.5906,20220425,306924.0,203979.0
9400.3071,9569.0872,9325.6623,9459.0413,20220426,213679.0,199271.0
9459.3271,9731.3053,9459.3271,9713.8061,20220427,255687.0,194955.0
9696.3646,9704.9001,9562.0415,9617.946,20220428,214262.0,193551.0
9641.4771,9892.7529,9625.2335,9880.6867,20220429,277171.0,190415.0
9940.2379,9998.1285,9857.5346,9965.5003,20220505,205072.0,203046.0
9995.63,10169.8036,9958.5272,10083.0349,20220506,272658.0,218985.0
10074.7553,10105.7287,9951.8611,9984.7692,20220509,264913.0,223597.0
9931.5996,9931.5996,9637.9466,9651.3127,20220510,328309.0,198075.0
9685.1807,9863.5207,9610.8983,9848.5694,20220511,241065.0,195996.0
9873.4792,10024.3571,9770.4119,10013.3267,20220512,308943.0,223784.0
10014.2853,10152.2326,9962.0925,10124.7303,20220513,275629.0,241942.0
10174.4633,10217.1239,9986.9229,10018.1812,20220516,220326.0,236735.0
10058.2349,10155.6878,10007.1923,10105.9949,20220517,186900.0,241633.0
10087.3161,10201.1152,10024.0503,10088.1594,20220518,274590.0,245066.0
10113.1815,10126.3145,9965.9582,10090.9305,20220519,243267.0,232993.0
10016.3025,10138.9116,9886.7852,10013.6846,20220520,321729.0,221570.0
10035.4778,10123.4384,9951.7441,9975.7948,20220523,291567.0,208716.0
10029.7595,10044.1077,9864.8099,9879.9056,20220524,284121.0,204312.0
9913.8882,10101.0568,9900.4765,9997.6955,20220525,311332.0,214955.0
10022.4129,10279.4726,9992.965,10278.6407,20220526,299775.0,264506.0
10312.271,10425.7681,10277.4976,10352.3497,20220527,261287.0,279411.0
10284.3492,10465.8504,10284.3492,10335.0822,20220530,238062.0,265836.0
10345.8945,10546.4091,10308.8703,10515.1153,20220531,268386.0,280718.0
10518.259,10579.8266,10354.6539,10466.5991,20220601,289637.0,278570.0
10491.3145,10543.9084,10388.9924,10535.3753,20220602,253308.0,285185.0
10704.8638,10997.6471,10625.2902,10978.2513,20220606,263581.0,327457.0
10980.0654,10994.4569,10821.9633,10900.7296,20220607,249334.0,314163.0
10879.0326,11256.3905,10823.154,11230.3144,20220608,380591.0,326209.0
11265.5119,11476.9977,11177.9689,11201.1886,20220609,431544.0,325252.0
11220.6248,11426.8689,11193.3996,11360.8691,20220610,458659.0,340098.0
11307.8884,11349.9613,10941.8883,10981.4352,20220613,441814.0,311159.0
10972.5435,11029.7091,10859.947,10941.2624,20220614,357317.0,294694.0
10975.4887,11063.9293,10793.0428,10815.9181,20220615,346931.0,279638.0
10807.8461,10890.5431,10708.6091,10710.1392,20220616,322707.0,275719.0
10702.9445,10702.9445,10423.775,10500.9865,20220617,463274.0,238383.0
10491.2836,10554.8323,10261.978,10277.0193,20220620,431253.0,227432.0
10285.8235,10463.3405,10241.4381,10344.3786,20220621,328765.0,227488.0
10374.2052,10407.0073,10163.766,10173.4837,20220622,340598.0,221903.0
10117.3646,10320.8555,10066.1731,10133.6904,20220623,340701.0,215142.0
10203.3039,10252.6337,9797.2952,9825.1512,20220624,460267.0,212917.0
9939.2384,10157.4692,9771.1066,10034.3376,20220627,384062.0,209322.0
10023.2109,10194.7286,10018.934,10143.2477,20220628,245309.0,199158.0
10147.8605,10185.8072,9882.3595,9928.8772,20220629,293214.0,201598.0
10076.3897,10082.7757,9862.7776,10009.1262,20220630,265326.0,202675.0
10000.8231,10092.6902,9789.1999,9790.6274,20220701,301789.0,217466.0
9865.8091,10052.8893,9743.4089,10003.5781,20220704,290924.0,224440.0
10011.2157,10112.7162,9890.8378,9903.2035,20220705,249124.0,225085.0
9871.2604,9871.2604,9315.3294,9579.3793,20220706,499438.0,225237.0
9590.2377,9621.2169,9286.1465,9313.5511,20220707,328840.0,234486.0
9378.4501,9553.7008,9369.1109,9462.3568,20220708,304092.0,230272.0
9458.5815,9522.1601,9307.0065,9440.9474,20220711,327991.0,226911.0
9369.1252,9394.3544,9040.0503,9073.6113,20220712,411117.0,233121.0
9018.0748,9100.512,8894.2645,9049.4205,20220713,309065.0,225663.0
8989.9657,8991.9533,8658.635,8669.7417,20220714,401261.0,231498.0
8625.4336,8766.3635,8507.1753,8560.6059,20220715,377955.0,231774.0
8654.777,9100.3948,8555.5063,9081.5738,20220718,421529.0,220350.0
9057.8531,9142.2872,8849.311,8915.7165,20220719,360395.0,216780.0
8858.9394,8991.8781,8757.3502,8860.0542,20220720,329533.0,211159.0
8863.3138,8904.9597,8613.8335,8624.263,20220721,303997.0,220591.0
8466.041,8640.6392,8422.6051,8547.2161,20220722,369251.0,221369.0
8481.5818,8682.0269,8187.5959,8188.3162,20220725,450751.0,242722.0
8277.963,8731.5794,8222.2541,8692.6174,20220726,441957.0,227210.0
8671.7255,8709.0907,8525.4645,8617.4833,20220727,271723.0,219951.0
8633.4212,8961.9441,8632.9627,8955.8702,20220728,359313.0,220116.0
8956.2764,8986.2448,8638.1766,8693.0565,20220729,337724.0,209222.0
8762.7594,9009.373,8738.3035,8816.2155,20220801,385300.0,205478.0
8711.4523,8714.2264,8480.7936,8600.8919,20220802,354225.0,208934.0
8597.6456,8767.5675,8595.8837,8626.2111,20220803,311565.0,205594.0
8745.3812,8774.0433,8368.6379,8397.6725,20220804,371644.0,222896.0
8418.6357,8429.3255,8183.3507,8238.972,20220805,322119.0,226269.0
8193.5826,8356.2412,8046.534,8343.5485,20220808,367310.0,220535.0
8209.5546,8499.4138,8207.3453,8449.4521,20220809,291040.0,206646.0
8522.6818,8546.4674,8278.201,8321.031,20220810,288794.0,209064.0
8388.4337,8486.4045,8309.0918,8430.4262,20220811,258320.0,206985.0
8474.9882,8518.2079,8370.6757,8433.7402,20220812,261710.0,210196.0
8391.3538,8467.1743,8200.6162,8232.0886,20220815,385794.0,219654.0
8124.7023,8135.1879,7865.0293,7900.1012,20220816,399810.0,248973.0
7959.6938,7980.7892,7774.0793,7776.4945,20220817,350470.0,259200.0
7740.9796,7813.3722,7566.0348,7575.4015,20220818,395551.0,279196.0
7651.88,7887.1224,7642.8514,7862.5324,20220819,555842.0,243670.0
7871.54,8178.609,7841.9297,8114.156,20220822,457926.0,227429.0
8134.4736,8152.6373,7938.4021,8084.318,20220823,379541.0,216290.0
8132.461,8331.7214,8132.461,8278.0982,20220824,448105.0,215168.0
8261.8104,8267.0882,8102.7784,8201.1372,20220825,399892.0,220393.0
8150.0325,8355.3349,8149.6465,8183.2394,20220826,394719.0,219582.0
8131.3012,8332.4442,8105.8411,8276.1094,20220829,336791.0,219469.0
8296.3368,8521.0567,8280.0332,8475.6871,20220830,438248.0,242098.0
8425.4627,8571.172,8407.564,8497.8766,20220831,382773.0,247398.0
8418.4111,8586.9718,8417.0446,8578.7268,20220901,389323.0,271956.0
8545.3426,8635.2266,8355.1106,8465.977,20220902,570139.0,273646.0
8482.0931,8694.4293,8423.1096,8671.469,20220905,460683.0,296670.0
8694.9305,8730.9945,8540.4488,8675.9853,20220906,364197.0,294741.0
8653.9755,8792.9684,8645.6416,8749.9507,20220907,68547.0,305175.0
8578.1717,8714.4037,8457.846,8669.7674,20220908,447972.0,301494.0
8665.4506,8865.793,8613.2365,8865.7927,20220909,398089.0,313826.0
8970.3865,9167.6507,8910.1204,8967.578,20220913,335504.0,310573.0
8917.8515,9025.8943,8762.7396,8884.4767,20220914,416533.0,307753.0
8894.303,8910.7882,8686.7511,8702.0856,20220915,387621.0,296414.0
8687.4214,8807.6828,8590.1216,8765.5037,20220916,452503.0,294052.0
8733.236,8914.8478,8728.0192,8799.8262,20220919,428641.0,303527.0
8740.515,9197.4602,8737.3611,8928.9302,20220920,547514.0,320381.0
8937.2857,8968.2838,8728.9148,8966.8049,20220921,475587.0,296456.0
8951.6959,9017.0414,8812.8843,8870.0439,20220922,445170.0,290959.0
8935.026,8995.8258,8815.9034,8848.118,20220923,506895.0,298933.0
8802.9243,8849.796,8529.3857,8534.9586,20220926,521890.0,260079.0
8617.2778,8659.4709,8420.2341,8512.4197,20220927,456105.0,236631.0
8509.2738,8576.1071,8367.4603,8419.6272,20220928,356697.0,233029.0
8459.746,8619.0324,8410.3601,8548.3119,20220929,329245.0,220100.0
8512.4341,8530.991,8414.5542,8521.35,20220930,280168.0,194388.0
8768.9021,8903.6822,8710.0714,8800.4219,20221010,278172.0,219289.0
8791.7934,8796.9821,8449.3487,8468.0435,20221011,373866.0,218425.0
8432.4636,8531.8407,8290.0979,8360.0895,20221012,360520.0,220918.0
8353.0728,8386.3545,8192.2416,8220.6587,20221013,415922.0,224882.0
8183.5991,8345.4207,8168.4132,8306.7927,20221014,313313.0,219258.0
8235.525,8396.2027,8188.125,8315.5591,20221017,418309.0,233147.0
8314.6697,8393.8378,8167.376,8256.4169,20221018,408990.0,226363.0
8257.5089,8268.5224,7967.6516,8045.4661,20221019,440520.0,256534.0
8069.2883,8316.799,8066.816,8299.2148,20221020,499438.0,242050.0
8278.2106,8357.7631,8221.9403,8280.4232,20221021,371704.0,239648.0
8266.8467,8422.1903,8232.4424,8262.3722,20221024,403764.0,229967.0
8219.9108,8287.5352,8123.1888,8156.2391,20221025,420758.0,225118.0
8154.9396,8179.313,7925.7953,7927.9085,20221026,427989.0,239555.0
7998.8624,7998.8624,7754.5847,7771.3377,20221027,431853.0,262515.0
7785.6359,7885.693,7724.1609,7834.4834,20221028,401676.0,252460.0
7846.246,7852.4836,7539.7983,7599.4661,20221031,410187.0,255141.0
7592.0564,7854.2931,7560.2748,7778.8828,20221101,437072.0,244009.0
7794.4815,7809.8054,7635.9141,7720.3061,20221102,437120.0,249463.0
7703.9988,7743.1661,7598.9485,7642.5707,20221103,379046.0,270271.0
7611.9926,7867.0908,7516.381,7851.0829,20221104,512708.0,255330.0
7879.7665,7937.6835,7664.4333,7766.746,20221107,356257.0,246643.0
7747.0811,7830.1833,7645.3248,7716.1977,20221108,319959.0,253563.0
7733.1601,7811.0365,7681.3202,7730.0561,20221109,340967.0,243123.0
7681.0222,7779.3974,7615.1823,7719.7155,20221110,378987.0,251991.0
7723.9142,8100.851,7721.3592,8066.1184,20221111,590074.0,253921.0
8089.5433,8154.0472,8054.3946,8104.4922,20221114,335958.0,248591.0
8102.7941,8222.1822,8067.4816,8103.4281,20221115,406068.0,249524.0
8114.9681,8146.6826,8050.9493,8118.2163,20221116,281478.0,242551.0
8107.5724,8253.9528,8073.2181,8182.8253,20221117,490941.0,251146.0
8163.3872,8302.4667,8154.6144,8216.2497,20221118,415742.0,266579.0
8179.5064,8282.9588,8015.9548,8089.1117,20221121,486085.0,244199.0
8098.971,8131.1538,7959.3429,7967.3278,20221122,414968.0,242021.0
8024.371,8045.3816,7939.7836,7961.9382,20221123,295720.0,235729.0
7909.5036,8005.6167,7807.946,7952.459,20221124,451997.0,222613.0
7952.0631,7953.0136,7722.4133,7778.343,20221125,437078.0,232236.0
7800.6974,7841.8684,7579.1383,7622.4596,20221128,385121.0,231631.0
7616.5484,7746.0918,7565.9639,7682.2145,20221129,290441.0,223968.0
7667.8503,7724.0119,7599.9672,7696.208,20221130,314601.0,227549.0
7742.6064,7954.0067,114.7167,7910.6514,20221201,400269.0,224695.0
7927.171,8119.982,7895.7764,8089.5829,20221202,448331.0,242541.0
8080.0028,8158.9805,508.4842,8096.6724,20221205,354576.0,241772.0
8125.2038,8147.5876,75.0819,8061.1052,20221206,291536.0,253710.0
8102.0,8102.0,82.8718,7865.6997,20221207,406888.0,237149.0
7876.0555,7965.574,70.7759,7958.6549,20221208,324950.0,231894.0
7986.7397,8219.2896,7986.7397,8171.7954,20221209,503177.0,273711.0
8136.4861,8292.5003,8117.5778,8135.2483,20221212,381756.0,280964.0
8124.7844,8214.5409,8081.9922,8177.1639,20221213,292111.0,286717.0
8147.4595,8256.0644,8122.3661,8237.6235,20221214,298657.0,288362.0
8244.1929,8330.355,8161.0,8246.5577,20221215,354557.0,288440.0
8264.9434,8357.8016,8158.7355,8229.8787,20221216,400976.0,283706.0
8174.3663,8217.7121,8043.0085,8074.6341,20221219,359305.0,263158.0
8093.2054,8156.5348,8038.5806,8097.0876,20221220,501313.0,253439.0
8086.8056,8248.2699,8066.1908,8230.9073,20221221,329206.0,269788.0
8200.0,8388.6568,8200.0,8309.2966,20221222,383583.0,293371.0
8330.4152,8340.4529,8189.93,8257.8276,20221223,358885.0,279182.0
8274.8891,8410.8788,8262.3904,8333.7195,20221226,300956.0,293350.0
8332.3462,8425.2858,8311.4784,8408.9953,20221227,212189.0,296359.0
8416.5042,8417.9593,8286.4784,8353.5502,20221228,254108.0,280119.0
8327.409,8348.8774,8226.2309,8317.3908,20221229,261754.0,265082.0
8289.1535,8479.511,8274.8679,8457.5545,20221230,273359.0,276145.0
8459.0922,8543.165,8396.3346,8532.5349,20230103,179356.0,293080.0
8525.174,8576.5595,8363.1588,8383.7789,20230104,283838.0,274205.0
8371.1779,8371.1779,8230.1796,8250.7263,20230105,271040.0,257365.0
8282.8245,8422.7094,8175.0399,8409.4341,20230106,350838.0,262800.0
8358.6167,8412.1802,8227.0255,8305.1213,20230109,252193.0,253703.0
8347.4466,8358.6011,8195.2555,8208.9711,20230110,254870.0,260164.0
8238.8074,8480.6496,8171.6066,8462.24,20230111,409901.0,283296.0
8479.7306,8659.0299,8439.0817,8633.9103,20230112,355802.0,316330.0
8671.2286,8733.0424,8625.1098,8687.2769,20230113,330953.0,335614.0
8674.4061,8727.6685,8643.656,8678.7693,20230116,269240.0,333280.0
8690.5182,8759.1087,8609.3623,8677.4341,20230117,331460.0,327233.0
8698.1616,8858.4113,8662.7695,8830.4071,20230118,310111.0,329666.0
