2163.0305,2195.5378,2163.0119,2178.7373,20200102,499580.0,452836.0
2180.6495,2273.9842,2178.3806,2269.3401,20200103,1543279.0,449812.0
2281.4736,2409.5747,2281.4529,2407.665,20200106,1691708.0,477167.0
2392.7963,2408.4999,2321.9168,2373.3457,20200107,1755499.0,451151.0
2362.8577,2544.071,2352.5933,2466.3131,20200108,2408895.0,478646.0
2419.4417,2459.831,2317.1738,2340.6491,20200109,2576422.0,443009.0
2352.4282,2408.6442,2345.2603,2406.6527,20200110,1165710.0,447942.0
2409.9558,2431.9197,2358.8927,2405.8847,20200113,1719854.0,440760.0
2397.3924,2409.5341,2338.9713,2376.9868,20200114,1520826.0,448940.0
2382.9713,2396.3152,2272.3175,2285.5098,20200115,2143841.0,448579.0
2291.525,2302.0107,2271.1327,2281.4598,20200116,1140011.0,442936.0
2270.9424,2312.5008,2243.8389,2295.7901,20200117,1609287.0,427589.0
2304.9621,2334.877,2288.4907,2334.1251,20200120,1200708.0,410608.0
2324.2114,2331.6911,2277.6408,2285.0805,20200121,988101.0,386405.0
2282.2204,2341.5634,2263.5961,2316.7635,20200122,1381051.0,367251.0
2313.0432,2329.0441,2233.6931,2275.5837,20200123,1291582.0,304821.0
2073.9528,2081.2031,2051.0878,2051.1137,20200203,371419.0,308036.0
1987.0605,2043.1122,1936.5229,2033.8256,20200204,724662.0,305378.0
2015.4861,2084.5089,2015.4861,2067.294,20200205,797033.0,325829.0
2095.6605,2142.6855,2087.9185,2141.4619,20200206,923540.0,343908.0
2129.3676,2145.4875,2108.8579,2143.2519,20200207,720404.0,349860.0
2113.5524,2136.7549,2100.5176,2118.3084,20200210,784941.0,377208.0
2113.7313,2138.654,2106.8134,2128.9908,20200211,795430.0,381185.0
2133.7767,2186.4372,2132.6315,2174.9547,20200212,1176780.0,385022.0
2179.9292,2221.2104,2179.9292,2200.9793,20200213,1061906.0,391328.0
2207.7926,2226.2087,2188.9777,2208.6814,20200214,788441.0,386635.0
2221.7802,2256.4612,2209.7598,2255.8922,20200217,825591.0,397121.0
2248.3184,2254.8481,2213.1967,2219.0321,20200218,747414.0,388137.0
2228.1233,2275.9118,2225.1982,2268.9695,20200219,1000437.0,412051.0
2293.2277,2337.2851,2293.2277,2324.3145,20200220,1040616.0,411017.0
2317.2386,2319.7757,2291.1403,2294.4078,20200221,852300.0,404381.0
2252.6099,2254.457,2180.2083,2186.9072,20200224,1199506.0,406847.0
2167.3462,2230.8367,2159.9421,2223.3528,20200225,1159087.0,405737.0
2167.4318,2183.4892,2104.3145,2107.8962,20200226,1553146.0,433544.0
2062.6568,2077.6011,2027.9438,2039.345,20200227,1825080.0,480169.0
1983.9815,2029.0587,1951.6512,1973.2868,20200228,2048473.0,482005.0
1970.113,2081.5742,1969.5319,2074.318,20200302,1978407.0,460226.0
2129.1581,2158.4519,2060.2561,2085.2848,20200303,1583503.0,464466.0
2073.1477,2103.7021,2069.3696,2096.533,20200304,1362622.0,486135.0
2094.9351,2111.0234,2080.7259,2103.0111,20200305,1112464.0,489091.0
2074.8577,2074.9928,2012.0553,2037.2856,20200306,1848599.0,508468.0
1874.3865,1874.4707,1874.2345,1874.4707,20200309,23563.0,499256.0
1668.461,1787.6947,1668.461,1715.6009,20200310,2037989.0,650103.0
1747.669,1776.2565,1683.7965,1692.6405,20200311,3863631.0,768691.0
1675.5909,1703.2799,1596.0782,1614.2533,20200312,3857675.0,862826.0
1601.7441,1656.0215,1545.1359,1642.1917,20200313,3684454.0,859347.0
1581.128,1630.952,1566.688,1569.47,20200316,3664405.0,870116.0
1566.8345,1605.8089,1564.4572,1587.162,20200317,2910815.0,864947.0
1541.6053,1576.3885,1508.5966,1511.5427,20200318,2611183.0,902695.0
1474.3085,1501.467,1397.5801,1447.9161,20200319,3962865.0,869285.0
1524.6985,1552.0311,1487.4503,1539.9884,20200320,4261216.0,846149.0
1431.7527,1511.9047,1428.3208,1511.5398,20200323,3484670.0,866314.0
1547.1226,1569.5884,1525.0375,1563.4543,20200324,3499983.0,843072.0
1569.8644,1604.6023,1566.6315,1572.5319,20200325,2375634.0,894279.0
1577.0082,1578.1083,1518.5691,1520.4934,20200326,2720692.0,897644.0
1525.1425,1552.6795,1511.0052,1540.2047,20200327,2896525.0,887811.0
1501.9115,1503.5444,1453.4978,1475.9762,20200330,2877149.0,931030.0
1496.8195,1581.381,1492.5663,1551.1566,20200331,3745742.0,956998.0
1540.2468,1556.4991,1520.3246,1528.7292,20200401,2414647.0,967836.0
1538.3652,1673.0267,1538.3448,1632.8307,20200402,4056038.0,956250.0
1668.9358,1668.9929,1591.6522,1622.2864,20200403,3702711.0,938746.0
1681.4433,1707.5947,1658.8977,1689.4179,20200407,2702610.0,935940.0
1654.4222,1700.1095,1648.1592,1685.8182,20200408,2694334.0,939943.0
1716.8936,1727.7877,1706.0429,1719.3808,20200409,2266413.0,946317.0
1671.1071,1702.571,1650.5733,1701.8598,20200410,1635009.0,943611.0
1723.8158,1760.693,1684.4251,1687.186,20200413,2980918.0,961971.0
1698.3952,1710.9365,1673.7858,1696.1792,20200414,2123076.0,967534.0
1645.5449,1693.5939,1644.039,1677.0378,20200415,2107966.0,980328.0
1675.7448,1692.398,1583.4258,1606.5281,20200416,3407324.0,1076320.0
1633.0051,1645.9041,1590.7374,1641.5562,20200417,3341781.0,1031638.0
1596.7059,1617.1649,1563.395,1608.2871,20200420,3114415.0,1054404.0
1568.6378,1599.4441,1520.1352,1529.4125,20200421,4403758.0,1068893.0
1430.3836,1465.4328,1410.4484,1412.4185,20200422,1507036.0,1091030.0
1423.9609,1543.4809,1423.9569,1509.4283,20200423,4316834.0,1052901.0
1522.5695,1561.6134,1492.9728,1506.6361,20200424,4504737.0,1070517.0
1478.7098,1485.8772,1401.7235,1407.4247,20200427,4457964.0,1198886.0
1388.6648,1435.3034,1348.5108,1427.3675,20200428,5919090.0,1144731.0
1459.0089,1484.3744,1434.7856,1459.6588,20200429,4829214.0,1086831.0
1517.8672,1525.86,1496.7376,1516.8578,20200430,3967321.0,1025335.0
1638.5472,1646.6211,1574.9063,1590.5086,20200506,2827282.0,988858.0
1560.1195,1606.7674,1548.9182,1588.6548,20200507,3351452.0,997385.0
1634.2065,1638.8922,1575.5245,1615.5681,20200508,3382495.0,997448.0
1613.3616,1621.6603,1580.4957,1600.0234,20200511,3223315.0,1013786.0
1608.0276,1613.1903,1568.3003,1582.9255,20200512,2765418.0,1038231.0
1595.5814,1598.4002,1523.1231,1550.0479,20200513,3635745.0,1113919.0
1561.9511,1564.7689,1520.9014,1546.4945,20200514,3435006.0,1096068.0
1549.5727,1615.5598,1543.4084,1607.9577,20200515,3732952.0,1042727.0
1609.6501,1648.4676,1589.3598,1638.2089,20200518,3556436.0,1000490.0
1651.4487,1679.7016,1615.1895,1637.8038,20200519,4621583.0,974089.0
1643.1505,1676.8778,1635.1937,1665.4426,20200520,3346374.0,942771.0
1680.5477,1709.2325,1675.6663,1695.3393,20200521,3284022.0,952314.0
1699.2026,1699.8984,1607.2178,1632.9791,20200522,4236697.0,953649.0
1640.0183,1664.0257,1618.6071,1658.4385,20200525,3375307.0,955278.0
1661.7284,1690.3351,1650.2017,1686.8115,20200526,2422414.0,953980.0
1686.7801,1693.6104,1648.9156,1654.3844,20200527,3167863.0,993655.0
1654.8705,1667.0426,1633.8384,1664.132,20200528,3243395.0,984555.0
1673.6423,1680.1121,1644.6952,1654.9906,20200529,2783541.0,1013868.0
1650.5384,1716.7728,1650.3743,1710.5495,20200601,2842492.0,947217.0
1711.5268,1711.9062,1682.8159,1704.8519,20200602,2382452.0,916979.0
1715.6628,1786.4125,1702.4545,1782.4042,20200603,3454370.0,942130.0
1755.8797,1769.5008,1724.0878,1739.8075,20200604,2997601.0,920087.0
1738.7862,1780.2341,1738.6356,1774.1984,20200605,2045882.0,905359.0
1810.8287,1835.0818,1786.5318,1815.99,20200608,3288398.0,875673.0
1801.2248,1809.0632,1770.7298,1779.2082,20200609,2335992.0,861253.0
1768.2203,1806.1671,1763.9683,1788.3162,20200610,1875959.0,833134.0
1787.497,1804.4304,1755.6096,1778.4282,20200611,2167318.0,819964.0
1749.136,1756.0211,1668.96,1696.9655,20200612,3173246.0,834569.0
1721.271,1746.3002,1682.9065,1693.8299,20200615,2529297.0,821349.0
1698.1892,1749.8124,1692.3964,1743.3322,20200616,1981344.0,806133.0
1767.4747,1770.671,1723.4676,1745.7005,20200617,1980506.0,822008.0
1746.9173,1749.523,1718.5872,1736.512,20200618,1727740.0,838527.0
1741.5831,1787.4336,1728.1783,1782.6957,20200619,1858816.0,819991.0
1789.6049,1794.0643,1752.5488,1759.7783,20200622,1788193.0,820540.0
1757.259,1786.425,1756.3435,1782.5941,20200623,1721530.0,796283.0
1789.3288,1795.6322,1764.8547,1770.6468,20200624,1275644.0,796089.0
1736.5326,1738.8266,1680.4,1690.7468,20200629,1520504.0,898478.0
1707.1902,1743.712,1704.2069,1732.4569,20200630,1506275.0,808213.0
1729.4504,1746.3638,1716.0659,1745.2468,20200701,1285140.0,802432.0
1735.2464,1769.2466,1732.7911,1764.384,20200702,1821864.0,799223.0
1770.2169,1778.6084,1757.891,1772.0555,20200703,1538552.0,781241.0
1769.1295,1810.1895,1762.6288,1802.095,20200706,1588497.0,798725.0
1803.2222,1805.4191,1754.9071,1761.8072,20200707,1526303.0,808490.0
1768.1424,1797.8636,1762.4737,1791.1315,20200708,1239751.0,776881.0
1798.9416,1799.1357,1776.9267,1786.1709,20200709,1155344.0,781827.0
1789.0209,1794.0616,1714.825,1735.1934,20200710,1895676.0,821701.0
1747.6729,1802.235,1744.4104,1793.0115,20200713,1690888.0,725188.0
1789.7165,1812.4795,1745.1052,1768.2909,20200714,1675579.0,740397.0
1761.059,1806.7073,1755.6092,1795.7114,20200715,1704628.0,719317.0
1804.0308,1811.9185,1774.9692,1788.3885,20200716,1946178.0,714077.0
1789.3445,1831.5323,1777.3664,1804.3006,20200717,2052512.0,726963.0
1804.4234,1817.0766,1767.4951,1773.1931,20200720,1926214.0,750486.0
1776.9407,1805.4771,1758.722,1798.5749,20200721,1533101.0,707458.0
1822.7067,1836.4005,1803.0054,1822.1584,20200722,1714376.0,713734.0
1814.8641,1842.9118,1799.7406,1842.3115,20200723,1589844.0,726923.0
1827.3302,1843.6978,1778.9659,1792.5763,20200724,1928322.0,752580.0
1801.8545,1811.2271,1781.5075,1785.9344,20200727,1203340.0,760747.0
1794.2187,1812.1953,1767.6061,1788.8978,20200728,1569114.0,758819.0
1781.234,1813.2276,1776.4876,1811.0917,20200729,1189773.0,723828.0
1813.6259,1820.5637,1775.7553,1785.852,20200730,1358376.0,789772.0
1779.0623,1783.9458,1726.8528,1771.9223,20200731,2095865.0,779711.0
1772.1221,1775.7952,1740.6545,1749.4041,20200803,1247856.0,808309.0
1758.0975,1782.687,1756.3491,1767.4205,20200804,993250.0,778581.0
1753.9525,1796.3063,1749.6778,1782.9865,20200805,1157776.0,732830.0
1808.0296,1826.1791,1769.034,1791.821,20200806,1498017.0,728730.0
1797.5464,1811.0043,1772.0903,1784.174,20200807,1063455.0,730753.0
1787.1405,1801.5909,1766.2082,1796.2267,20200810,1141696.0,700242.0
1799.0743,1819.7466,1797.1282,1802.4559,20200811,1150686.0,660110.0
1813.448,1826.9188,1773.1038,1821.5919,20200812,1838132.0,643854.0
1828.0843,1834.4321,1813.3785,1826.4712,20200813,942925.0,607762.0
1833.8671,1858.964,1814.5859,1848.9223,20200814,1284089.0,565184.0
1849.4612,1855.464,1839.6927,1849.9958,20200817,923663.0,568069.0
1843.62,1877.2177,1837.0324,1864.6649,20200818,1179308.0,518171.0
1872.4156,1872.887,1852.5423,1868.9379,20200819,1189012.0,522698.0
1868.3188,1927.6369,1863.5595,1922.3728,20200820,1629394.0,511422.0
1921.691,1967.312,1895.8979,1953.2504,20200821,1608288.0,522758.0
1938.0114,2005.508,1920.4823,1959.8779,20200824,2316728.0,508848.0
1965.6227,2024.5255,1955.7217,2021.7641,20200825,1631335.0,564157.0
2023.3024,2049.9294,2007.1572,2034.1075,20200826,2186624.0,575142.0
2027.4704,2043.4862,2006.5521,2015.8769,20200827,1413062.0,570601.0
2012.0891,2026.7064,1983.1078,2006.9392,20200828,1643528.0,546491.0
2007.2441,2035.2812,1993.0659,2007.3494,20200831,1552005.0,578855.0
2010.1856,2020.5401,1972.9159,2009.9285,20200901,1465365.0,577250.0
2011.6693,2044.4567,2004.6432,2013.2526,20200902,1558986.0,588091.0
2011.6416,2022.27,1965.1962,1966.144,20200903,1815149.0,630668.0
1960.2482,1982.9171,1940.2229,1972.3504,20200904,1627353.0,588051.0
1977.048,1981.0685,1910.6409,1918.4296,20200907,1773965.0,661634.0
1918.7667,1929.2074,1904.8513,1912.689,20200908,1132846.0,680801.0
1876.2502,1876.2502,1788.0612,1810.7063,20200909,2749835.0,690067.0
1830.5086,1844.9065,1816.8415,1828.6388,20200910,1680727.0,676552.0
1813.7711,1839.4643,1806.7753,1827.9976,20200911,1625170.0,676146.0
1817.9834,1852.7865,1811.2691,1850.9657,20200914,1227899.0,657909.0
1842.1503,1858.9125,1820.8568,1829.7361,20200915,1262732.0,700819.0
1839.3028,1877.2792,1822.4063,1867.0624,20200916,1752069.0,669080.0
1865.9956,1888.5837,1832.4413,1840.0681,20200917,1792523.0,708253.0
1846.3066,1904.5187,1837.4006,1895.9603,20200918,1716256.0,631780.0
1885.1324,1894.204,1857.0525,1867.6933,20200921,1430844.0,636096.0
1856.0671,1862.8932,1729.2185,1815.0,20200922,2411998.0,652507.0
1825.4525,1830.5824,1783.1078,1803.5786,20200923,1619951.0,659737.0
1808.229,1820.0199,1791.4798,1802.873,20200924,1358314.0,641008.0
1806.1944,1841.4285,1800.3994,1831.7766,20200925,1376517.0,588538.0
1826.9772,1839.6426,1798.9199,1825.3541,20200928,1163425.0,576440.0
1842.2882,1866.1518,1829.961,1841.9515,20200929,1054773.0,520861.0
1846.5333,1846.7803,1795.1332,1805.6836,20200930,1203404.0,507567.0
1854.9258,1895.8461,1842.6641,1884.1978,20201009,755135.0,481393.0
1878.5562,1897.959,1865.4582,1875.3151,20201012,1028878.0,504954.0
1874.2268,1888.3369,1853.7749,1872.9738,20201013,1288248.0,523066.0
1876.6291,1880.7902,1848.6976,1875.1002,20201014,1256183.0,525329.0
1886.3011,1948.1362,1880.0109,1939.1882,20201015,1960287.0,557080.0
1904.5716,1970.7405,1893.1639,1948.9514,20201016,1811716.0,549144.0
1952.1693,1968.7231,1932.2474,1965.9992,20201019,1287561.0,550521.0
1959.2719,1964.3327,1919.8428,1932.0556,20201020,1500542.0,577060.0
1931.0661,1953.3728,1921.5082,1930.3434,20201021,1623154.0,611492.0
1926.8621,1938.2847,1886.2201,1899.954,20201022,1568199.0,645803.0
1901.3195,1956.4134,1901.0262,1943.9051,20201023,1773408.0,616146.0
1949.4669,1967.2844,1871.2907,1879.0421,20201026,1911246.0,652946.0
1877.4805,1889.5074,1869.8472,1881.4031,20201027,1189653.0,663604.0
1874.1703,1881.3007,1821.289,1841.9325,20201028,1762474.0,723885.0
1815.9452,1816.0111,1773.436,1797.244,20201029,1975743.0,745013.0
1728.7979,1762.4838,1663.4581,1704.2213,20201030,3167983.0,771446.0
1709.6819,1724.9612,1630.3317,1681.7127,20201102,2181118.0,780491.0
1700.0512,1752.6376,1693.6806,1732.2827,20201103,1691344.0,761894.0
1765.5125,1767.1937,1734.1962,1748.2524,20201104,1617135.0,747439.0
1762.0458,1762.696,1730.6916,1741.554,20201105,1263876.0,746124.0
1750.7109,1770.3506,1698.83,1709.5058,20201106,1518704.0,782047.0
1708.794,1780.7836,1699.1645,1776.3279,20201109,1668695.0,731791.0
1848.2728,1864.1837,1797.0931,1824.9102,20201110,1750166.0,698360.0
1836.864,1855.2541,1826.5025,1846.3234,20201111,1036461.0,688828.0
1857.2109,1865.0159,1825.167,1844.5994,20201112,1203750.0,655427.0
1842.6503,1855.2896,1804.3127,1815.003,20201113,1267269.0,667279.0
1814.8729,1852.1923,1811.3132,1849.7489,20201116,1026243.0,655292.0
1869.6337,1883.5487,1861.2859,1878.754,20201117,1228114.0,649060.0
1877.4573,1877.5017,1835.7791,1850.4382,20201118,1128205.0,647326.0
1869.8406,1874.7541,1839.4865,1870.4676,20201119,1071206.0,634981.0
1871.8728,1906.0022,1868.5463,1893.0539,20201120,1266488.0,634721.0
1893.9938,1914.6827,1886.2261,1903.53,20201123,1038355.0,630301.0
1908.1042,1957.6664,1889.7152,1953.0906,20201124,1725170.0,654333.0
1955.0605,2009.6859,1946.1181,1970.6052,20201125,2454281.0,631393.0
1970.9897,1993.2426,1965.1958,1969.9074,20201126,1387992.0,617130.0
1950.8885,1966.2776,1939.2249,1957.2865,20201127,1331366.0,603929.0
1962.0599,1994.8039,1931.6432,1944.6871,20201130,1858830.0,582299.0
1956.1239,1998.5293,1948.8969,1958.0056,20201201,1275105.0,575962.0
1962.8671,1967.9959,1923.6949,1943.9434,20201202,1161903.0,588161.0
1949.242,2005.663,1935.9051,1979.6759,20201203,1610381.0,591071.0
1974.3954,2062.8907,1951.153,2044.4193,20201204,2177521.0,610431.0
2037.9567,2051.1651,2020.3948,2037.5029,20201207,1375544.0,615402.0
2031.0388,2042.3089,1969.56,1981.3837,20201208,1644985.0,607666.0
1988.1257,2005.9615,1959.2563,1987.9282,20201209,1562477.0,590180.0
1993.6502,2020.8306,1972.2669,1974.221,20201210,1597770.0,597071.0
1988.9622,2048.8818,1984.1913,2005.2265,20201211,1826672.0,556779.0
2004.5447,2068.7689,1997.456,2061.845,20201214,1702118.0,548794.0
2060.1572,2086.0753,2040.5666,2060.6215,20201215,1401812.0,521303.0
2072.0035,2100.3534,2060.2676,2069.2502,20201216,1374380.0,533778.0
2073.146,2182.8866,2064.1525,2171.8478,20201217,2076937.0,599297.0
2160.6597,2169.9074,2135.3259,2154.6663,20201218,1386161.0,559041.0
2156.0683,2228.1497,2096.1955,2120.2269,20201221,2269041.0,545466.0
2111.6285,2135.7278,2021.9371,2022.7824,20201222,2081155.0,522851.0
2051.8517,2063.8823,1992.8458,2027.4794,20201223,1972172.0,496802.0
2048.843,2082.7861,2029.4062,2067.6316,20201224,1690136.0,485825.0
2053.6638,2097.8881,2042.1814,2095.8151,20201225,1322589.0,456147.0
2101.9823,2104.0086,2045.9052,2069.1304,20201228,1559933.0,462621.0
2092.184,2105.4242,2049.9248,2079.525,20201229,1823351.0,449822.0
2085.5479,2123.0081,2062.8715,2070.7735,20201230,1902085.0,463461.0
2078.3538,2089.05,2041.1902,2064.3868,20201231,1509435.0,441258.0
2071.0782,2139.285,2030.0881,2128.8658,20210104,1606354.0,476169.0
2099.3833,2127.8937,2056.2916,2058.5302,20210105,1914093.0,526519.0
2080.2353,2145.0149,2062.9787,2130.3731,20210106,2097284.0,497567.0
2118.4116,2207.9854,2115.5934,2196.1248,20210107,1970947.0,537043.0
2187.3098,2224.7312,2172.6019,2218.009,20210108,1700045.0,542765.0
2231.4073,2277.823,2161.643,2173.2688,20210111,2320942.0,497391.0
2180.9908,2224.4943,2144.4094,2216.2356,20210112,1731616.0,491069.0
2236.2279,2264.0104,2213.619,2256.6402,20210113,1625904.0,507181.0
2246.8035,2262.2101,2203.6836,2236.9021,20210114,1559608.0,490710.0
2231.1626,2270.452,2195.1867,2208.3114,20210115,1773985.0,493716.0
2203.1376,2214.3702,2151.2622,2185.8642,20210118,1499301.0,493244.0
2185.7093,2209.3195,2180.9802,2196.341,20210119,1086027.0,482248.0
2203.7497,2240.7045,2198.4225,2219.4345,20210120,1256393.0,488302.0
2216.1839,2232.7167,2185.3164,2196.9685,20210121,1215703.0,496155.0
2195.196,2201.8333,2123.1506,2126.3769,20210122,1565293.0,531503.0
2104.8902,2121.4131,2082.9202,2105.681,20210125,1405502.0,533642.0
2099.6132,2108.4859,2072.3413,2084.0163,20210126,1246552.0,554038.0
2106.9771,2132.8865,2095.6449,2131.5906,20210127,1102865.0,509965.0
2118.4788,2124.7815,2101.8962,2121.6613,20210128,1037701.0,480871.0
2125.3688,2165.8235,2121.8521,2159.4701,20210129,1347178.0,448837.0
2169.4107,2186.8941,2133.9058,2183.9274,20210201,1274862.0,456117.0
2189.7316,2234.3937,2176.2798,2226.3662,20210202,1279409.0,454197.0
2245.1052,2250.6786,2210.7635,2221.7603,20210203,1145620.0,462971.0
2228.3971,2256.6691,2217.1923,2248.7894,20210204,1253520.0,464557.0
2253.7052,2271.3047,2230.3748,2262.0867,20210205,1101677.0,453465.0
2271.381,2322.188,2252.4364,2288.8635,20210208,1295833.0,457609.0
2290.2883,2349.5542,2278.4565,2341.7224,20210209,958078.0,439497.0
2334.5735,2335.3959,2076.2213,2076.2213,20210210,910156.0,381219.0
2395.3551,2416.0905,2371.7816,2400.6978,20210218,684623.0,377744.0
2400.0066,2414.14,2308.5462,2342.8488,20210219,1179135.0,393529.0
2341.1963,2378.1647,2334.4083,2362.2656,20210222,1042008.0,399770.0
2357.7599,2483.3819,2343.8095,2446.5748,20210223,1430242.0,406066.0
2439.3544,2442.5164,2399.8185,2428.1219,20210224,1100067.0,402863.0
2451.159,2487.3085,2429.7006,2466.0846,20210225,1294062.0,409685.0
2470.2501,2477.2147,2407.1944,2420.5188,20210226,1536294.0,383496.0
2401.1167,2489.837,2380.9286,2430.162,20210301,1529500.0,369307.0
2424.1647,2429.1977,2310.1594,2326.7554,20210302,1480089.0,375441.0
2350.085,2355.4343,2294.2641,2313.9649,20210303,1219354.0,373899.0
2330.1367,2379.829,2317.601,2366.2203,20210304,1445091.0,350981.0
2366.1113,2498.8806,2350.0586,2494.9598,20210305,1863063.0,384065.0
2507.9857,2624.5978,2507.9857,2622.5996,20210308,1140071.0,396284.0
2595.9746,2615.5064,2549.3329,2563.8423,20210309,1800396.0,361605.0
2588.4399,2596.1514,2500.8644,2525.3966,20210310,1707729.0,347219.0
2548.686,2559.5636,2513.2625,2548.2194,20210311,1382740.0,338654.0
2559.0082,2610.965,2537.1505,2546.8166,20210312,1376479.0,343366.0
2553.4077,2645.0644,2533.869,2611.6737,20210315,1327030.0,355762.0
2584.7182,2584.8707,2520.0114,2526.5121,20210316,1023128.0,340336.0
2526.0114,2585.1188,2503.7185,2572.9464,20210317,1222263.0,342702.0
2536.5483,2544.4042,2492.8115,2510.0511,20210318,1383984.0,336749.0
2492.8266,2503.319,2333.9972,2350.2648,20210319,2107532.0,361125.0
2349.079,2419.325,2344.8587,2404.7629,20210322,1534747.0,343027.0
2403.8275,2421.2062,2382.2335,2401.0701,20210323,956153.0,340497.0
2343.6816,2377.0279,2306.6456,2338.4484,20210324,1462309.0,370600.0
2356.0509,2381.9452,2340.5533,2355.5763,20210325,1283049.0,360419.0
2330.5895,2382.7129,2308.0559,2375.738,20210326,1294422.0,345193.0
2385.4276,2429.1495,2347.5815,2360.0649,20210329,1569968.0,334111.0
2392.5067,2451.349,2378.776,2428.5179,20210330,1482913.0,324429.0
2407.9644,2424.4087,2394.3821,2411.1916,20210331,1105268.0,317959.0
2398.7671,2409.9754,2345.0275,2369.2299,20210401,1296860.0,346913.0
2372.132,2449.3706,2339.9545,2449.3369,20210402,1397055.0,323391.0
2363.2611,2369.4823,2336.1452,2355.9369,20210406,930139.0,364572.0
2358.1374,2387.271,2317.4625,2331.8269,20210407,1150466.0,408153.0
2336.1093,2341.8372,2288.5137,2299.3769,20210408,1321817.0,440759.0
2307.7018,2316.8585,2279.7833,2309.6396,20210409,1181422.0,434246.0
2297.8653,2335.8207,2270.3079,2289.6929,20210412,1277464.0,450884.0
2308.9258,2348.3389,2308.9114,2340.4141,20210413,1323072.0,389418.0
2353.0803,2414.0528,2350.2445,2409.4361,20210414,1387658.0,369227.0
2412.9974,2520.3721,2409.6375,2511.6391,20210415,1671836.0,405321.0
2510.5099,2552.4858,2487.934,2545.9331,20210416,1462431.0,427852.0
2554.2753,2556.729,2515.3775,2548.389,20210419,1287483.0,444708.0
2559.0707,2580.5002,2526.015,2553.4968,20210420,1263318.0,443083.0
2550.3077,2554.7358,2485.7882,2516.0706,20210421,1394643.0,428052.0
2485.2101,2525.1062,2433.6446,2459.7024,20210422,1825049.0,404714.0
2470.329,2479.3149,2445.144,2467.2078,20210423,1162028.0,396481.0
2459.8348,2499.3035,2400.6789,2416.1407,20210426,1630376.0,399002.0
2397.2634,2477.357,2394.4508,2463.5867,20210427,1310793.0,386775.0
2464.0712,2486.195,2440.4487,2480.2605,20210428,1317383.0,370814.0
2489.3626,2530.4142,2477.2183,2519.7933,20210429,1063381.0,361257.0
2548.8322,2556.8992,2484.2658,2529.6869,20210430,1165970.0,330896.0
2545.0158,2604.4431,2544.919,2580.4737,20210506,681352.0,364187.0
2580.071,2581.8605,2538.5507,2562.8365,20210507,1152003.0,387311.0
2526.0484,2589.2241,2511.5307,2543.0343,20210510,1665666.0,399190.0
2543.2295,2549.2608,2452.2652,2475.8563,20210511,1470396.0,394309.0
2466.4906,2559.6934,2460.6451,2559.6934,20210512,1357083.0,402415.0
2565.5322,2616.5597,2495.8967,2513.4446,20210513,1724148.0,377292.0
2484.9965,2500.936,2384.947,2412.5088,20210514,1645835.0,405286.0
2431.0748,2507.5698,2430.0698,2475.0576,20210517,1564808.0,380737.0
2463.3755,2513.7559,2447.4779,2499.6848,20210518,1325846.0,389654.0
2492.8439,2493.0669,2349.6297,2375.7691,20210519,1946266.0,446093.0
2357.3368,2366.5432,2306.3357,2347.862,20210520,1673581.0,451055.0
2332.535,2349.626,2280.5683,2284.4624,20210521,1608953.0,481280.0
2318.5142,2376.1323,2310.3758,2358.3987,20210524,1662850.0,437800.0
2368.095,2419.623,2361.193,2404.9706,20210525,1297621.0,401513.0
2396.766,2427.0173,2390.0331,2415.0298,20210526,1162480.0,393698.0
2386.5238,2427.0363,2371.1571,2396.748,20210527,1453063.0,386330.0
2395.1103,2481.7372,2395.1103,2447.8563,20210528,1273417.0,371643.0
2456.5445,2475.3485,2422.487,2457.2768,20210531,1004463.0,361017.0
2475.6254,2537.0524,2465.389,2534.5137,20210601,1138190.0,387020.0
2563.0254,2577.887,2524.1218,2544.4873,20210602,1007310.0,381870.0
2558.7641,2629.5056,2550.2112,2612.7883,20210603,1091512.0,440519.0
2589.5812,2637.8666,2566.5383,2628.0329,20210604,1039884.0,471973.0
2640.9205,2670.3947,2578.3785,2588.8035,20210607,1232278.0,438083.0
2604.4509,2611.6365,2536.5324,2554.6653,20210608,996194.0,415722.0
2552.8221,2633.6373,2547.3902,2624.9341,20210609,1061562.0,465795.0
2625.4924,2625.5742,2516.6898,2536.9447,20210610,1224477.0,398987.0
2565.6728,2601.7684,2536.651,2590.0805,20210611,1202930.0,370501.0
2625.8518,2669.1097,2606.7001,2636.4938,20210615,777384.0,408782.0
2652.7334,2716.652,2642.8186,2698.9439,20210616,1253252.0,495091.0
2699.0057,2699.0722,2654.3253,2685.5401,20210617,1083528.0,458083.0
2672.2621,2721.7797,2608.5284,2618.1518,20210618,1299485.0,414602.0
2613.2716,2689.9996,2606.4856,2649.4778,20210621,1084171.0,421055.0
2639.0733,2708.1127,2618.1797,2704.5375,20210622,1135096.0,455256.0
2690.3507,2735.0936,2677.4152,2727.6882,20210623,1122040.0,498385.0
2740.8891,2747.0539,2699.0027,2733.2653,20210624,1055794.0,482375.0
2701.0608,2763.9365,2692.2569,2715.0817,20210625,1315462.0,466346.0
2727.6026,2773.5569,2681.7612,2730.9108,20210628,1406024.0,448195.0
2734.8655,2742.6483,2658.978,2667.0116,20210629,1139057.0,419540.0
2693.3714,2705.3181,2649.1871,2658.5684,20210630,1004656.0,402554.0
2679.0867,2689.4486,2642.5475,2646.2866,20210701,1199786.0,386686.0
2697.1451,2732.1211,2683.309,2716.4399,20210702,1301228.0,369179.0
2734.1326,2736.8939,2688.3112,2730.1928,20210705,1052489.0,402550.0
2727.1169,2758.6312,2681.0258,2735.5991,20210706,1167871.0,399121.0
2706.0744,2708.0815,2557.3175,2583.0034,20210707,1928089.0,402006.0
2583.8869,2596.9007,2526.3906,2541.1485,20210708,1402568.0,406475.0
2547.1521,2596.462,2538.15,2584.7501,20210709,1176721.0,373693.0
2600.7073,2651.2662,2596.9854,2633.2707,20210712,1091281.0,350212.0
2617.8078,2657.9493,2613.8159,2643.2628,20210713,910249.0,331711.0
2628.7397,2680.322,2618.6167,2679.5888,20210714,1067767.0,323504.0
2686.0615,2692.1601,2564.9411,2584.3409,20210715,1326912.0,322489.0
2576.5334,2587.942,2548.5686,2558.059,20210716,999858.0,352270.0
2573.1781,2575.6576,2498.0132,2549.5152,20210719,1350086.0,365209.0
2495.8072,2514.6138,2422.0709,2452.4291,20210720,1541084.0,402645.0
2413.4647,2452.6681,2411.2009,2447.844,20210721,1106347.0,393370.0
2478.033,2530.2016,2465.8561,2524.5151,20210722,1181466.0,357739.0
2524.6628,2578.2779,2522.1609,2575.9946,20210723,1024732.0,327318.0
2575.6096,2610.5557,2571.9632,2575.0406,20210726,1055970.0,307770.0
2591.1097,2615.7048,2578.9195,2596.3347,20210727,926255.0,305930.0
2599.7369,2633.0171,2591.591,2623.3318,20210728,883924.0,313598.0
2628.9719,2635.6421,2602.4355,2632.1295,20210729,824767.0,304325.0
2633.2283,2652.3773,2619.0644,2634.6084,20210730,996628.0,294718.0
2643.4202,2656.7828,2584.2299,2620.7737,20210802,1023783.0,283880.0
2621.868,2637.7773,2546.1522,2552.1781,20210803,1011093.0,301953.0
2522.1993,2558.1072,2510.7009,2551.8171,20210804,938793.0,293698.0
2514.9147,2525.5818,2468.0108,2478.4811,20210805,1281629.0,335982.0
2493.0168,2543.3845,2479.3987,2535.0231,20210806,918783.0,314155.0
2544.4513,2563.2896,2455.6131,2476.9759,20210809,1167892.0,314048.0
2452.3993,2501.386,2449.8848,2495.8194,20210810,996448.0,311305.0
2488.546,2535.5115,2488.546,2534.8623,20210811,950800.0,311752.0
2509.3934,2542.76,2482.1779,2524.7723,20210812,1049969.0,293958.0
2524.098,2562.1905,2500.9945,2517.7627,20210813,825867.0,286601.0
2520.862,2544.6848,2452.9746,2463.1966,20210816,953499.0,327538.0
2437.4001,2469.4556,2419.2005,2434.6746,20210817,979367.0,373634.0
2437.5851,2460.0571,2424.7673,2451.4257,20210818,957511.0,355815.0
2457.6338,2462.5493,2367.6424,2379.6431,20210819,1115899.0,373708.0
2358.1666,2381.4088,2337.0423,2366.9012,20210820,1138053.0,371578.0
2328.3061,2375.1243,2322.4987,2365.7633,20210823,1077965.0,365098.0
2388.6753,2463.5686,2380.4999,2463.039,20210824,1224410.0,345736.0
2477.1155,2510.0834,2470.7524,2500.9971,20210825,1043738.0,322146.0
2513.1099,2544.7886,2492.092,2528.3365,20210826,1058526.0,317758.0
2526.2506,2575.5407,2517.2829,2570.373,20210827,1159138.0,336117.0
2576.59,2587.4952,2556.2909,2561.6783,20210830,1033775.0,332156.0
2575.0769,2583.4857,2549.354,2575.7914,20210831,904662.0,348900.0
2554.9471,2587.6209,2527.0496,2574.6248,20210901,1047817.0,338977.0
2566.6562,2566.7442,2511.9301,2555.3374,20210902,1229484.0,311987.0
2571.9601,2636.0894,2571.9232,2617.9286,20210903,1123419.0,341046.0
2628.8072,2634.8164,2556.2251,2569.2633,20210906,1005711.0,328522.0
2588.9968,2622.8896,2587.3179,2614.6993,20210907,811441.0,331967.0
2584.1148,2620.472,2563.9525,2618.2492,20210908,1072002.0,345540.0
2636.8357,2655.9748,2603.4097,2639.1821,20210909,1030013.0,345325.0
2618.4677,2618.4778,2556.8321,2593.2547,20210910,1343525.0,309277.0
2622.8773,2713.9145,2622.8773,2702.9942,20210913,1260816.0,375609.0
2708.0465,2740.7391,2682.086,2722.7922,20210914,1068720.0,387662.0
2730.9869,2740.7433,2706.9826,2728.3032,20210915,930788.0,375039.0
2758.7076,2808.7396,2743.0038,2755.8742,20210916,1330635.0,352873.0
2743.0412,2803.0437,2732.7426,2764.042,20210917,1149818.0,353163.0
2742.4876,2834.3118,2733.2376,2832.2935,20210922,973429.0,436055.0
2835.1812,2937.9387,2812.209,2912.2694,20210923,1542998.0,478585.0
2901.539,2976.8007,2884.2727,2958.8109,20210924,1395055.0,485692.0
2945.0737,3057.6581,2934.0333,2983.4808,20210927,1416579.0,487092.0
2995.6019,3109.1718,2978.6842,3103.7977,20210928,1412174.0,545064.0
3081.1399,3111.4769,2945.9397,2969.4539,20210929,1602071.0,476338.0
2997.4933,3004.7295,2950.112,2975.7075,20210930,1129754.0,424527.0
3142.8189,3268.8537,3142.229,3194.4306,20211008,898166.0,415418.0
3189.1072,3271.1344,3154.8563,3242.8798,20211011,1235183.0,447644.0
3254.7112,3276.8312,3195.1675,3252.6625,20211012,1180139.0,426543.0
3241.2873,3284.9974,3112.9667,3179.6715,20211013,1696524.0,393596.0
3158.2004,3183.3614,3098.5185,3173.0771,20211014,1079341.0,382625.0
3184.7181,3220.3527,3147.3642,3207.2335,20211015,1220619.0,384702.0
3208.1476,3266.2263,3174.6643,3222.4506,20211018,1280228.0,388297.0
3221.6023,3221.7106,3071.8944,3117.3944,20211019,1325272.0,373208.0
3110.2232,3118.0757,3050.0847,3079.7904,20211020,1272285.0,365388.0
3062.4836,3152.6983,3035.8761,3056.1975,20211021,1224882.0,337926.0
3055.3193,3065.0795,2956.4242,2981.5012,20211022,1489464.0,319185.0
3022.8721,3077.4567,2983.7879,3052.4438,20211025,1202508.0,303285.0
3072.7061,3105.815,3036.7551,3043.8643,20211026,1141160.0,296267.0
3060.0761,3063.0879,2943.4806,2952.0304,20211027,1336352.0,297089.0
2948.5872,2965.7497,2760.3258,2850.1994,20211028,1839252.0,266983.0
2849.9327,2924.4729,2828.143,2924.3169,20211029,1327221.0,256465.0
2884.2673,2928.6999,2861.6004,2891.3991,20211101,1040121.0,261690.0
2931.9265,2993.5685,2923.4475,2988.5279,20211102,749406.0,289879.0
2967.6386,2975.4841,2832.5612,2876.5096,20211103,821080.0,296756.0
2849.9938,2853.9419,2762.8902,2805.0221,20211104,679292.0,323547.0
2888.344,2907.1673,2754.2115,2793.3564,20211105,806307.0,317112.0
2804.3306,2964.4429,2801.1137,2946.9667,20211108,546812.0,343338.0
2930.3099,2941.2419,2893.885,2913.6876,20211109,401509.0,330118.0
2918.4757,2959.572,2881.058,2947.1878,20211110,492259.0,339331.0
2925.6521,2948.4491,2845.7934,2866.9343,20211111,488717.0,318459.0
2844.9785,2865.848,2823.9324,2844.8092,20211112,361193.0,309039.0
2810.8846,2844.8663,2782.9762,2788.7228,20211115,432714.0,329420.0
2777.2938,2893.1471,2770.4891,2878.1662,20211116,517365.0,344440.0
2883.2085,2891.0615,2850.5405,2867.0444,20211117,375092.0,328113.0
2866.2509,2874.0933,2768.6366,2770.4824,20211118,494062.0,343392.0
2783.1905,2895.0191,2780.8042,2880.7561,20211119,544543.0,356753.0
2763.0924,2809.2766,2728.3551,2750.9402,20211122,708656.0,378254.0
2748.0762,2771.2589,2725.3557,2743.1896,20211123,485409.0,388750.0
2758.6121,2878.4948,2758.5962,2875.6218,20211124,641788.0,404146.0
2859.956,2905.2278,2859.956,2884.5995,20211125,414965.0,384450.0
2895.3118,2902.2752,2806.5526,2813.6346,20211126,483492.0,357456.0
2758.8773,2763.6305,2630.7806,2659.1787,20211129,1017718.0,387836.0
2658.3501,2687.1207,2537.8074,2546.2844,20211130,1072151.0,392403.0
2576.6988,2576.6988,2491.1395,2534.997,20211201,1150078.0,404927.0
2556.9591,2557.425,2464.7908,2484.3418,20211202,1045908.0,417226.0
2464.465,2496.5006,2370.1193,2477.6252,20211203,907332.0,524026.0
2490.7083,2527.535,2477.3751,2516.4427,20211206,560718.0,473104.0
2532.2269,2596.8806,2510.4193,2593.0131,20211207,516786.0,463389.0
2615.5033,2642.9843,2601.2829,2629.5361,20211208,437772.0,460745.0
2641.6268,2691.2258,2629.0123,2677.7676,20211209,484589.0,485264.0
2652.5651,2661.5485,2613.9572,2634.9684,20211210,494165.0,492119.0
2659.663,2709.1149,2656.782,2700.4139,20211213,463712.0,508057.0
2658.1451,2676.3021,2647.5377,2663.3156,20211214,417935.0,497240.0
2652.3487,2662.2464,2612.8585,2626.3216,20211215,441773.0,499928.0
2639.9296,2715.6188,2625.188,2709.5889,20211216,456633.0,469880.0
2702.4591,2725.5277,2693.3566,2709.1624,20211217,377398.0,472362.0
2683.1511,2687.7076,2565.8146,2570.4347,20211220,572662.0,506472.0
2580.2919,2651.8846,2555.7274,2631.6298,20211221,521193.0,487555.0
2633.4872,2691.9214,2633.2952,2671.636,20211222,446316.0,498108.0
2673.5574,2763.6007,2673.5355,2750.7236,20211223,432772.0,522634.0
2744.9073,2779.8599,2744.9073,2766.9562,20211224,338378.0,488815.0
2764.5308,2775.841,2732.1511,2737.3325,20211227,329494.0,513905.0
2742.3593,2852.0601,2732.8511,2835.0802,20211228,468319.0,526881.0
2853.2096,2860.3164,2826.2748,2848.3987,20211229,342277.0,514786.0
2837.5518,2874.1486,2821.8425,2848.7919,20211230,430665.0,522445.0
2840.7259,2887.6646,2827.8794,2886.7669,20211231,430581.0,493517.0
2879.9073,2885.8903,2834.6577,2852.7424,20220104,293429.0,480255.0
2860.6207,2899.7757,2832.938,2861.2441,20220105,507819.0,521414.0
2866.4482,2886.6977,2820.8187,2847.7084,20220106,500342.0,495612.0
2894.9681,2955.1285,2893.331,2954.3175,20220107,488752.0,545620.0
2944.3471,2950.517,2901.7922,2918.5765,20220110,408695.0,520771.0
2904.6323,2907.8666,2882.2077,2894.4744,20220111,310396.0,485720.0
2899.8312,2978.4004,2893.7787,2944.3299,20220112,466699.0,508673.0
2940.0242,2986.3367,2936.9909,2957.4134,20220113,362967.0,497181.0
2962.3628,2996.2215,2944.5882,2993.9979,20220114,423034.0,516490.0
2993.285,3044.8975,2972.9124,3034.7302,20220117,424069.0,530616.0
3019.5186,3088.5118,3009.4295,3087.0178,20220118,401067.0,534546.0
3081.6849,3150.9413,3073.0844,3112.988,20220119,458514.0,550057.0
3113.1159,3152.6404,3092.8064,3141.6084,20220120,430863.0,526836.0
3141.0942,3159.8974,3067.1481,3107.1927,20220121,498527.0,535989.0
3122.4911,3173.2547,3109.2917,3130.7822,20220124,390486.0,513213.0
3119.0768,3122.6565,3056.9683,3092.7053,20220125,429164.0,503830.0
3082.7196,3145.4789,3059.9762,3142.8486,20220126,381134.0,481039.0
3169.5217,3210.4213,3163.5178,3188.9431,20220127,410743.0,494839.0
3218.1536,3246.6455,3157.6238,3178.9344,20220128,356040.0,431965.0
3289.5741,3351.1859,3279.8435,3306.0724,20220207,279856.0,449091.0
3294.0646,3294.5676,3238.5501,3254.9908,20220208,321550.0,465507.0
3206.0443,3206.4394,3140.3905,3140.3923,20220209,379751.0,445134.0
3147.6434,3199.3322,3128.54,3174.283,20220210,305773.0,438818.0
3202.29,3221.7868,3134.5738,3139.0969,20220211,390583.0,469821.0
3192.2794,3341.2737,3186.1249,3288.1671,20220214,476137.0,482110.0
3241.3826,3308.4659,3230.9344,3298.5349,20220215,426747.0,491528.0
3229.0764,3247.2173,3152.0416,3181.1387,20220216,530835.0,491567.0
3207.8729,3226.9355,3128.6372,3167.4712,20220217,485805.0,504530.0
3168.6938,3196.1756,3107.6172,3127.532,20220218,494297.0,502213.0
3100.4073,3178.0902,3062.9958,3174.5499,20220221,593946.0,516773.0
3169.3995,3339.9446,3165.471,3338.5766,20220222,534721.0,507229.0
3312.4645,3325.18,3277.901,3293.4639,20220223,399653.0,490254.0
3293.9293,3493.0231,3270.683,3457.1447,20220224,677866.0,529953.0
3520.686,3533.0609,3327.461,3368.8641,20220225,687852.0,530878.0
3316.8949,3381.0458,3216.9789,3374.4631,20220228,724180.0,483294.0
3314.8232,3411.0236,3314.8232,3403.8167,20220301,493580.0,451183.0
3480.1889,3600.6991,3426.0451,3579.9024,20220302,788368.0,520186.0
3577.3968,3760.4983,3546.5521,3749.9921,20220303,968878.0,537019.0
3763.0573,3821.5551,3659.6078,3716.5767,20220304,932347.0,577573.0
3758.6749,4010.4069,3739.8173,4009.4465,20220307,386336.0,548054.0
4009.3171,4270.9517,3902.3685,4258.466,20220308,1015533.0,541376.0
4221.4115,4406.072,4191.467,4371.4176,20220309,866616.0,537145.0
4176.5791,4180.4723,3758.8177,3783.6906,20220310,877768.0,475512.0
3863.2187,4083.8129,3744.1157,3913.4441,20220311,1063877.0,496349.0
3897.8272,3897.8272,3764.8268,3819.4896,20220314,717148.0,442793.0
3787.0524,3796.1801,3449.1552,3538.6142,20220315,968983.0,470270.0
3511.2141,3654.8788,3469.9308,3619.9881,20220316,851371.0,449631.0
3602.8986,3663.2007,3477.963,3537.9239,20220317,766820.0,444756.0
3641.1137,3752.6408,3617.9447,3750.9336,20220318,703251.0,454231.0
3673.3308,3801.1257,3614.6153,3754.4171,20220321,635496.0,448767.0
3778.9528,4041.6199,3778.9528,3976.0638,20220322,723218.0,482403.0
3955.8146,4049.0873,3866.6102,3983.0728,20220323,853256.0,488095.0
4095.8125,4250.0677,4092.6499,4098.0869,20220324,889992.0,507206.0
4141.1559,4186.3732,4039.9789,4124.0097,20220325,884808.0,499901.0
4039.7963,4095.2535,3988.6201,4015.2194,20220328,859038.0,462509.0
3983.0885,3983.0885,3869.7127,3907.3278,20220329,814242.0,440821.0
3702.7768,3908.4777,3658.3367,3908.4775,20220330,859685.0,434719.0
3905.6749,3950.5756,3753.7214,3817.9062,20220331,792203.0,383149.0
3796.8423,3899.943,3730.0169,3742.9617,20220401,879165.0,357205.0
3814.4041,3952.9551,3796.7018,3919.4496,20220406,450670.0,377381.0
3929.9092,3941.7302,3728.7403,3742.2486,20220407,824837.0,401947.0
3756.4406,3775.1894,3696.5229,3773.6296,20220408,732849.0,402479.0
3768.8497,3784.2269,3691.3547,3749.8784,20220411,705225.0,410522.0
3696.0828,3854.8361,3677.7898,3836.2831,20220412,855218.0,432568.0
3842.7771,3997.3189,3842.7771,3963.3211,20220413,900119.0,459378.0
4007.7615,4072.2771,3981.8089,4038.0813,20220414,835072.0,476135.0
4026.1115,4238.4036,4009.8891,4205.7562,20220415,875627.0,486280.0
4197.7627,4271.5212,4103.0264,4131.2701,20220418,856266.0,458181.0
4140.3758,4171.0569,4082.3086,4088.7431,20220419,878657.0,440673.0
4041.9884,4058.7575,3951.1964,4012.9754,20220420,1113083.0,418778.0
4003.0319,4124.0513,3996.6398,4117.8626,20220421,969142.0,447828.0
4087.3767,4121.1404,3966.5969,3988.8814,20220422,1030360.0,403386.0
3999.5327,4063.4447,3853.4252,3857.2383,20220425,1042899.0,379649.0
3852.2527,3945.8378,3792.4052,3874.1641,20220426,960987.0,346222.0
3891.1434,4101.716,3891.1434,4065.4179,20220427,1029373.0,362409.0
4014.9697,4105.2608,3962.3163,4100.6401,20220428,1035987.0,381500.0
4094.4755,4283.2702,4094.4755,4273.2334,20220429,887605.0,485374.0
4369.762,4414.0392,4332.33,4359.4629,20220505,403078.0,499440.0
4381.7289,4425.9599,4224.9347,4286.063,20220506,739004.0,508165.0
4265.4402,4342.1989,4196.1093,4279.3688,20220509,809903.0,508528.0
4217.6856,4232.5973,3887.8855,3931.255,20220510,1116983.0,523281.0
3942.7279,3992.8243,3815.6427,3958.0033,20220511,831420.0,484798.0
3958.7826,4042.5144,3950.7341,4015.4718,20220512,795552.0,491566.0
3997.9459,4167.0488,3989.4334,4114.5052,20220513,757964.0,481773.0
4164.5732,4209.5363,4096.576,4141.713,20220516,676562.0,505452.0
4169.5038,4276.1405,4150.8836,4254.1751,20220517,565592.0,504298.0
4258.9258,4285.4782,4161.8528,4179.1361,20220518,621780.0,517924.0
4204.0651,4216.4302,4022.6054,4092.0949,20220519,746940.0,495097.0
4011.2056,4126.2135,3981.4626,4076.1568,20220520,753508.0,498156.0
4077.7896,4191.8241,4071.6077,4182.5656,20220523,625896.0,498612.0
4169.9623,4183.3472,4057.0608,4073.6184,20220524,683283.0,493453.0
4115.0451,4245.0,982.8806,4230.7727,20220525,661731.0,519664.0
4231.1801,4237.8831,4166.3118,4218.2697,20220526,568440.0,518168.0
4219.4011,4310.465,4192.8279,4220.6474,20220527,695506.0,525057.0
4204.8759,4214.2791,4082.6162,4083.377,20220530,789331.0,524915.0
4056.7052,4244.1577,4017.4005,4202.7412,20220531,788010.0,512099.0
4223.1494,4253.9581,4041.2621,4116.2082,20220601,832421.0,512106.0
4139.152,4196.9173,3977.6577,3988.1815,20220602,836885.0,498366.0
4187.89,4244.2034,4156.2691,4211.1,20220606,536071.0,484633.0
4125.4702,4155.7784,4033.0363,4053.7039,20220607,813874.0,538214.0
4040.7093,4046.5435,3920.3661,4007.7315,20220608,901003.0,564727.0
4008.0134,4064.8244,3869.8696,3871.735,20220609,1035055.0,594700.0
3908.4149,4020.8294,3895.202,4004.0164,20220610,904856.0,535846.0
4008.9159,4040.9832,3944.6427,4014.7569,20220613,811322.0,540420.0
4041.8272,4186.7673,4016.9897,4158.4763,20220614,936619.0,563478.0
4191.5471,4229.0766,4093.3148,4114.743,20220615,845466.0,537571.0
4118.8495,4139.9227,3977.0057,4001.1149,20220616,783196.0,499378.0
3958.5246,4050.3678,3942.2635,4021.8022,20220617,791024.0,499395.0
4002.6082,4010.4285,3773.5458,3815.8426,20220620,956956.0,543069.0
3822.1942,3906.2001,3752.342,3880.9593,20220621,672750.0,493944.0
3883.4241,3928.0114,3668.0182,3684.2094,20220622,779354.0,552035.0
3671.8471,3745.3831,3618.2887,3736.971,20220623,875076.0,542112.0
3760.3655,3829.4567,3686.8563,3718.0041,20220624,882980.0,552413.0
3783.6081,3856.5118,3707.5606,3818.2395,20220627,848341.0,545631.0
3828.4853,3887.4188,3729.3484,3872.584,20220628,880291.0,514573.0
3869.8864,3900.5966,3807.2203,3862.4284,20220629,788306.0,519218.0
3905.0049,3924.8015,3792.055,3800.0991,20220630,734068.0,486144.0
3804.3469,3804.3469,3622.4358,3632.9817,20220701,800546.0,506088.0
3694.8868,3694.8868,3555.4122,3618.5886,20220704,735281.0,511406.0
3626.2237,3626.2237,3451.4492,3458.6295,20220705,946340.0,574898.0
3428.4922,3451.6719,3107.7564,3230.8072,20220706,1395709.0,606677.0
3227.0217,3233.0795,3095.1655,3171.5752,20220707,1281453.0,593134.0
3185.5763,3263.2202,3178.538,3215.5912,20220708,1005818.0,594803.0
3220.6357,3314.2624,3178.3955,3198.3274,20220711,1069463.0,604657.0
3158.7768,3289.684,3153.2127,3182.6623,20220712,958597.0,590956.0
3133.7387,3137.6784,2927.1518,2977.6287,20220713,1233431.0,643120.0
2944.71,2975.6306,2894.8888,2896.4908,20220714,1008441.0,638562.0
2878.0414,2889.4003,2718.7169,2820.0369,20220715,1406988.0,683875.0
2910.9542,3088.274,2880.3645,3087.4428,20220718,1277221.0,631975.0
3064.5616,3154.4476,3050.5987,3107.5043,20220719,1099731.0,645061.0
3053.2047,3114.5372,2992.4457,3029.3376,20220720,1182229.0,638376.0
3020.3938,3043.1769,2966.9684,2975.6303,20220721,964388.0,625654.0
2920.4526,3080.7291,2911.9548,3034.0675,20220722,1056196.0,639428.0
3013.7742,3098.3861,2986.7984,3011.0743,20220725,1008846.0,624156.0
3060.3756,3157.3723,3035.8532,3121.8452,20220726,990984.0,644794.0
3111.3322,3131.5415,2981.2554,3001.289,20220727,963727.0,642368.0
3015.6095,3174.9618,2976.235,3156.5997,20220728,1054576.0,633054.0
3159.196,3174.4989,3092.4714,3150.1958,20220729,935389.0,572908.0
3177.0527,3349.001,3177.0527,3253.6044,20220801,1014999.0,572618.0
3227.5686,3232.2483,3099.9757,3199.3077,20220802,1027615.0,565259.0
3193.3174,3222.5606,3122.7658,3127.9985,20220803,1059261.0,546817.0
3200.0888,3222.1906,3019.4626,3024.5863,20220804,1137878.0,589823.0
3048.5902,3084.0112,2997.2448,3064.0678,20220805,973638.0,565215.0
3023.3091,3125.9919,2955.8645,3121.4185,20220808,1144708.0,533595.0
3076.2799,3168.2149,3048.2552,3136.7547,20220809,993113.0,525110.0
3174.494,3207.5438,3131.6134,3138.2506,20220810,900387.0,518280.0
3168.363,3319.4698,3151.4578,3299.4532,20220811,1191551.0,559782.0
3328.9765,3398.6516,3302.1497,3397.7811,20220812,885572.0,574983.0
3364.8178,3392.9742,3325.1157,3358.8261,20220815,933593.0,569454.0
3251.1822,3316.8349,3238.975,3247.0409,20220816,1111543.0,541430.0
3253.5054,3294.0655,3200.8606,3237.8463,20220817,1013760.0,537654.0
3219.7895,3250.9071,3185.3454,3206.1473,20220818,947748.0,521598.0
3249.0465,3286.6671,3162.3412,3166.4068,20220819,1196745.0,518756.0
3165.0477,3213.0364,3122.3666,3136.4286,20220822,1028707.0,506899.0
3153.5473,3287.3804,3088.3979,3262.5474,20220823,1293517.0,515206.0
3252.1808,3303.4203,3225.3268,3300.7069,20220824,984067.0,508830.0
3302.0251,3360.6459,3281.1021,3310.2436,20220825,902076.0,507242.0
3314.0095,3347.996,3287.7425,3338.2807,20220826,957589.0,503016.0
3316.056,3347.0222,3237.021,3335.0589,20220829,1222789.0,492519.0
3327.6662,3331.3552,3230.8723,3290.1847,20220830,1242375.0,456276.0
3249.6556,3259.1341,3107.4794,3127.5185,20220831,1236313.0,482567.0
3087.2126,3096.1612,2987.7209,3006.0294,20220901,1116017.0,524677.0
2998.0735,2998.0735,2934.5802,2953.2426,20220902,1062828.0,535709.0
2979.8284,3042.0706,2955.0618,3038.433,20220905,1106306.0,491290.0
3058.178,3077.863,2985.3904,3017.4586,20220906,961240.0,494071.0
2991.1144,2991.1144,2958.0446,2969.617,20220907,175992.0,517903.0
2860.397,2861.1918,2740.0792,2760.8511,20220908,1704255.0,653541.0
2770.5753,2806.7992,2749.0691,2763.2024,20220909,1352612.0,654694.0
2855.8017,2898.3197,2818.2361,2872.3217,20220913,943888.0,581047.0
2851.0385,2900.0092,2826.3963,2881.4898,20220914,1379064.0,577616.0
2882.2115,2936.909,2849.3742,2861.4328,20220915,1323973.0,577015.0
2849.2484,2866.8781,2797.5951,2834.8095,20220916,1398218.0,570942.0
2830.6495,2885.2874,2765.1082,2769.2339,20220919,1299518.0,586305.0
2730.8042,2831.0118,2710.5096,2815.2297,20220920,1249549.0,571571.0
2812.2592,2814.3849,2707.4383,2801.8853,20220921,1684795.0,572362.0
2778.0881,2813.0121,2720.3948,2770.9742,20220922,1647757.0,610858.0
2816.3369,2875.1157,2807.641,2838.6161,20220923,1105682.0,629553.0
2801.3672,2802.0568,2628.2525,2644.8205,20220926,1271229.0,730494.0
2671.3658,2695.7904,2620.0062,2667.0281,20220927,880140.0,712959.0
2673.5767,2703.9451,2643.5884,2667.3164,20220928,889685.0,685013.0
2718.5462,2763.9271,2686.2682,2752.7113,20220929,802691.0,626867.0
2784.8484,2784.8484,2724.3115,2743.9178,20220930,633681.0,589053.0
3019.2549,3056.2283,2954.262,2975.2758,20221010,530926.0,579762.0
2971.2069,2998.6008,2877.5021,2887.1086,20221011,655190.0,606432.0
2870.627,2888.5313,2792.3326,2830.7592,20221012,714426.0,675113.0
2802.9017,2810.6914,2716.4117,2728.0251,20221013,792125.0,754048.0
2692.4662,2762.1348,2674.0325,2752.2635,20221014,735241.0,760181.0
2719.9594,2721.9765,2646.6726,2673.6335,20221017,877855.0,818616.0
2679.1787,2706.5999,2656.7139,2692.5905,20221018,616596.0,809459.0
2672.2178,2702.1781,2646.4117,2700.5164,20221019,803946.0,831956.0
2727.7951,2836.8092,2719.0229,2823.0155,20221020,989408.0,770195.0
2798.4315,2817.0706,2696.5821,2707.2315,20221021,905640.0,772414.0
2712.3317,2756.6199,2694.765,2700.131,20221024,765336.0,771447.0
2684.0042,2734.9482,2672.4767,2688.0105,20221025,722752.0,773161.0
2686.1897,2707.497,2592.3784,2606.7434,20221026,897169.0,837144.0
2646.1192,2738.5185,2626.6426,2687.4332,20221027,1056550.0,770589.0
2730.3991,2745.3933,2701.0574,2713.5108,20221028,859615.0,734255.0
2721.0558,2778.0216,2664.249,2678.7547,20221031,1089548.0,735565.0
2671.3304,2797.1843,2627.2352,2790.2339,20221101,1083685.0,704122.0
2820.3904,2890.3819,2791.6605,2868.4052,20221102,865655.0,699480.0
2842.8242,2868.0802,2805.6873,2850.5357,20221103,765739.0,686599.0
2833.048,2924.0364,2819.5751,2901.2558,20221104,856003.0,698246.0
2939.4167,2973.5717,2905.3846,2923.9776,20221107,753710.0,690250.0
2931.7384,2979.5422,2925.9872,2960.8059,20221108,602857.0,696297.0
2954.8963,2983.8507,2875.2039,2900.1111,20221109,754680.0,672240.0
2867.4837,2896.5801,2813.1795,2843.487,20221110,736785.0,668507.0
2840.3925,2949.8733,2837.2527,2939.3255,20221111,928591.0,697118.0
2945.4098,2976.8566,2869.7354,2874.7244,20221114,654495.0,650638.0
2873.7167,2914.3026,2834.3138,2858.3255,20221115,648306.0,641791.0
2851.6674,2940.0177,2851.6674,2883.5973,20221116,727452.0,638642.0
2898.4048,2901.6385,2796.9496,2815.7689,20221117,752249.0,636244.0
2801.8763,2854.3006,2779.1257,2835.7752,20221118,794778.0,618540.0
2802.6265,2806.7185,2680.8469,2710.3843,20221121,929007.0,676784.0
2708.9148,2723.9964,2644.136,2698.0018,20221122,794572.0,642199.0
2716.2304,2760.2349,2684.0757,2702.8776,20221123,668231.0,639775.0
2658.1508,2693.5704,2652.6691,2658.4943,20221124,757917.0,697145.0
2660.0116,2692.4878,2641.2961,2679.4069,20221125,684390.0,677236.0
2698.8088,2718.9323,2559.0491,2577.7311,20221128,957540.0,740569.0
2572.6987,2694.2591,2564.2266,2665.8365,20221129,915286.0,678177.0
2673.3092,2681.9669,399.9273,2619.7957,20221130,773219.0,671029.0
2642.8262,2666.3311,301.0546,2610.9099,20221201,800610.0,682351.0
2609.994,2640.7514,335.9293,2599.9431,20221202,835407.0,688140.0
2612.8588,2658.2598,2558.6197,2568.2354,20221205,1254922.0,687474.0
2602.0776,2607.772,116.1482,2517.7879,20221206,1145999.0,702726.0
2488.846,2517.7556,2459.4036,2467.7826,20221207,1250776.0,728554.0
2475.8767,2507.7337,2362.8393,2486.8322,20221208,1088378.0,709992.0
2506.5821,2539.1054,2488.5006,2537.1121,20221209,1248858.0,658937.0
2528.8854,2528.9249,2475.9478,2502.1958,20221212,1354552.0,701298.0
2486.4672,2535.0466,2440.7204,2529.127,20221213,1379242.0,679987.0
2513.9849,2557.7929,2513.9849,2536.8078,20221214,1145638.0,660140.0
2549.3718,2604.7274,2544.0996,2584.789,20221215,1316579.0,608894.0
2599.3721,2607.0723,2503.5307,2516.8435,20221216,1368931.0,622556.0
2494.5338,2507.7941,2416.952,2431.939,20221219,1697972.0,684800.0
2439.4433,2573.6795,2439.4433,2567.1924,20221220,1802915.0,559170.0
2560.6915,2631.3868,2560.6915,2623.0482,20221221,1468767.0,525553.0
2653.0771,2694.4118,2635.0621,2665.3718,20221222,900593.0,495698.0
2698.0027,2716.8548,2671.7086,2704.8275,20221223,970450.0,475057.0
2720.1904,2743.9677,2683.2354,2701.3088,20221226,1040480.0,449160.0
2707.0221,2791.1298,2696.0714,2771.2201,20221227,855837.0,442195.0
2765.9184,2767.5352,2699.8189,2735.9095,20221228,930837.0,425152.0
2739.3347,2750.146,2692.6639,2712.9516,20221229,898989.0,438395.0
2714.9912,2768.4711,2696.6424,2749.1761,20221230,1054823.0,439547.0
2758.2676,2793.0128,2679.8375,2734.3542,20230103,902056.0,453266.0
2711.9361,2712.2327,2556.865,2561.6765,20230104,1307084.0,566726.0
2522.8523,2549.6988,2508.488,2515.6336,20230105,1074006.0,637149.0
2528.7707,2544.3483,2498.591,2530.8748,20230106,1012747.0,621252.0
2514.6247,2552.3183,2511.3318,2532.6346,20230109,798978.0,609893.0
2553.3894,2563.4887,2489.1299,2535.8656,20230110,995973.0,595717.0
2546.5938,2549.7476,2521.3433,2531.6132,20230111,626655.0,610589.0
2547.3215,2639.314,2543.695,2630.615,20230112,1082432.0,519570.0
2648.5425,2650.5716,2599.8925,2639.4937,20230113,883100.0,504045.0
2638.87,2676.7047,2624.4892,2642.3578,20230116,820711.0,482623.0
2655.2023,2672.8163,2616.0136,2651.686,20230117,719767.0,463250.0
2684.689,2809.0054,2672.6808,2803.1011,20230118,1049719.0,460118.0
