3598.106,3615.7798,3563.3765,3567.3489,20200102,161080.0,341025.0
3568.8129,3583.7484,3553.76,3556.2412,20200103,116835.0,332688.0
3558.2497,3578.3098,3547.5605,3571.3089,20200106,124303.0,333680.0
3570.7381,3589.0886,3568.3879,3578.3862,20200107,100861.0,332786.0
3581.6383,3638.2848,3579.7604,3632.1654,20200108,193288.0,349849.0
3637.5273,3638.3296,3573.3632,3573.3632,20200109,177245.0,346000.0
3573.8847,3598.1162,3573.2105,3586.7437,20200110,107423.0,345000.0
3584.6775,3585.5705,3547.6786,3550.4501,20200113,122048.0,331373.0
3566.5692,3582.8654,3537.363,3581.1826,20200114,113187.0,332414.0
3582.7433,3599.7249,3558.2299,3558.6831,20200115,138327.0,334463.0
3551.7975,3591.5913,3549.5319,3566.119,20200116,151133.0,331436.0
3572.6803,3621.4311,3561.2724,3611.4648,20200117,149937.0,351692.0
3619.9264,3630.6292,3599.3471,3609.9172,20200120,126447.0,352554.0
3619.5467,3619.5467,3546.3234,3565.1961,20200121,169758.0,326500.0
3556.7907,3560.4156,3491.7123,3539.7017,20200122,193978.0,311469.0
3517.8265,3529.8117,3478.7655,3491.1272,20200123,158251.0,306864.0
3227.6988,3278.97,3220.1204,3223.2473,20200203,223078.0,295707.0
3215.259,3322.331,3207.706,3294.6468,20200204,218276.0,281436.0
3292.9793,3310.5405,3272.6735,3293.3861,20200205,145462.0,290571.0
3288.2454,3307.4409,3273.6981,3298.878,20200206,153534.0,306084.0
3299.128,3328.2478,3283.5613,3314.2947,20200207,109894.0,314328.0
3297.4801,3318.2717,3277.0627,3303.4835,20200210,148906.0,328898.0
3298.4747,3445.2038,3298.4747,3367.9891,20200211,328570.0,330648.0
3374.8108,3398.4022,3360.073,3388.0267,20200212,160813.0,337876.0
3380.0699,3402.9616,3371.886,3385.0659,20200213,158568.0,338434.0
3380.3417,3403.5155,3366.0835,3399.665,20200214,139418.0,343232.0
3393.3934,3430.4761,3385.3252,3423.2769,20200217,151580.0,347490.0
3417.9097,3432.1223,3400.5126,3407.7689,20200218,170609.0,353490.0
3407.1264,3411.6247,3384.8724,3398.5241,20200219,124314.0,361981.0
3396.237,3459.5107,3395.5686,3441.5775,20200220,233631.0,357211.0
3442.8832,3470.9456,3438.4117,3463.6418,20200221,186994.0,358143.0
3471.2435,3485.6368,3439.3912,3465.8405,20200224,224423.0,376614.0
3431.5774,3480.8593,3426.5378,3472.6912,20200225,228665.0,381524.0
3464.8461,3469.8186,3430.9926,3445.3387,20200226,181344.0,373738.0
3448.3235,3451.3041,3410.7365,3423.2092,20200227,177839.0,378308.0
3406.7009,3406.7208,3339.3571,3357.5749,20200228,305943.0,369835.0
3375.6774,3464.8819,3352.9708,3447.3984,20200302,301280.0,379851.0
3464.8713,3476.5812,3431.6006,3441.5209,20200303,186704.0,383976.0
3437.9611,3475.8184,3427.9584,3472.865,20200304,180183.0,394347.0
3468.9784,3496.1623,3461.1751,3466.6688,20200305,179397.0,404475.0
3458.7869,3468.9951,3440.8364,3444.8669,20200306,140519.0,404547.0
3398.3377,3446.9051,3360.7212,3445.0158,20200309,279355.0,383895.0
3424.3134,3477.4905,3424.3134,3460.5703,20200310,219331.0,376311.0
3472.5895,3500.2307,3459.7688,3465.0136,20200311,204574.0,387215.0
3468.1181,3474.9739,3431.3651,3473.9598,20200312,233484.0,381665.0
3452.0451,3497.3363,3421.4094,3495.7563,20200313,347855.0,389376.0
3501.9359,3512.7195,3456.9265,3468.4781,20200316,205916.0,391176.0
3453.3865,3466.8495,3437.4162,3460.3094,20200317,241810.0,384546.0
3471.0415,3492.429,3408.1176,3419.9067,20200318,342894.0,393863.0
3395.8184,3419.7887,3234.6955,3385.6983,20200319,739702.0,419369.0
3394.6902,3408.2528,3281.6302,3296.7581,20200320,488527.0,440468.0
3231.8473,3249.592,3139.868,3175.7868,20200323,616276.0,500574.0
3192.8349,3272.0291,3177.0673,3257.231,20200324,534442.0,490670.0
3302.8554,3302.8917,3230.0646,3249.5064,20200325,393426.0,519954.0
3248.0845,3249.1992,3194.9692,3209.5607,20200326,435453.0,587301.0
3219.2698,3236.5356,3191.7966,3219.1826,20200327,345420.0,586229.0
3191.2659,3193.3242,3108.6185,3131.6895,20200330,559828.0,633716.0
3147.7705,3161.7823,3116.2423,3119.6889,20200331,349535.0,642048.0
3128.7467,3131.2908,3017.5176,3035.7054,20200401,639705.0,699983.0
3019.731,3115.9525,2966.9842,3104.6787,20200402,672296.0,651729.0
3110.2194,3115.617,3033.1857,3062.0349,20200403,447740.0,676125.0
3079.1146,3102.5766,3058.9041,3084.2854,20200407,342905.0,683078.0
3071.507,3146.8595,3060.8703,3120.4326,20200408,450254.0,649823.0
3140.0593,3173.6347,3127.4068,3162.7867,20200409,444138.0,628849.0
3162.9432,3219.1908,3151.3072,3218.4463,20200410,418252.0,591931.0
3217.4041,3260.5779,3193.7014,3230.8008,20200413,405778.0,572220.0
3225.3793,3258.3382,3201.0893,3208.4909,20200414,331942.0,584420.0
3207.7448,3240.2141,3190.2362,3204.7322,20200415,336632.0,572828.0
3211.6448,3245.8719,3184.8817,3239.9591,20200416,385660.0,551811.0
3251.1911,3281.6601,3221.4595,3240.241,20200417,324573.0,536305.0
3240.438,3253.4008,3216.6569,3223.2082,20200420,222250.0,529348.0
3221.4657,3221.4657,3164.3068,3189.1324,20200421,287268.0,521334.0
3188.2282,3213.888,3153.5331,3213.063,20200422,286620.0,521846.0
3215.9053,3225.0786,3164.2959,3174.1452,20200423,263287.0,531527.0
3164.0014,3198.442,3163.9925,3187.2815,20200424,217862.0,519090.0
3197.3569,3199.291,3162.7045,3170.653,20200427,209150.0,517313.0
3166.2574,3179.9745,3126.1883,3147.6397,20200428,331666.0,516842.0
3143.9002,3167.5564,3143.8976,3156.2432,20200429,175602.0,504307.0
3169.9129,3219.2134,3167.1852,3205.4076,20200430,321029.0,494381.0
3221.3003,3256.828,3216.8116,3241.3607,20200506,212574.0,497555.0
3240.4224,3298.8203,3235.0084,3297.7681,20200507,288217.0,519446.0
3298.8455,3343.6206,3296.2116,3319.8972,20200508,287564.0,516871.0
3320.0042,3332.1575,3302.6714,3321.5005,20200511,211375.0,532703.0
3307.6348,3328.4079,3307.6323,3326.6748,20200512,172491.0,531376.0
3322.4539,3353.1958,3299.529,3330.4057,20200513,263820.0,531629.0
3332.516,3356.8088,3314.8282,3338.0301,20200514,278409.0,539161.0
3354.8292,3374.3093,3326.7012,3358.5836,20200515,274633.0,544312.0
3355.5927,3451.9776,3348.5287,3430.3369,20200518,385377.0,520623.0
3427.8802,3480.4076,3423.5923,3458.5855,20200519,258269.0,527620.0
3449.6952,3454.9018,3421.3731,3436.0852,20200520,220776.0,531584.0
3435.4217,3466.6331,3431.1492,3459.0885,20200521,223784.0,531816.0
3456.875,3487.328,3401.1888,3404.4419,20200522,359205.0,530545.0
3405.2168,3429.7113,3383.2523,3393.1167,20200525,272399.0,512206.0
3402.776,3417.3055,3383.5715,3394.3795,20200526,215356.0,511101.0
3397.1229,3422.4078,3371.6253,3405.4271,20200527,227368.0,512058.0
3406.2143,3437.0607,3400.197,3430.8358,20200528,320843.0,525072.0
3451.3589,3527.0087,3432.3742,3524.1329,20200529,469997.0,562066.0
3517.0804,3558.6272,3509.1337,3531.6976,20200601,535217.0,571928.0
3532.6001,3578.4507,3521.144,3558.1352,20200602,325020.0,570816.0
3551.7522,3565.5196,3495.0724,3508.2054,20200603,460193.0,558596.0
3504.203,3550.6099,3470.203,3471.1883,20200604,391138.0,542796.0
3474.3438,3508.735,3462.1748,3497.08,20200605,259575.0,538543.0
3506.0135,3554.3443,3484.3244,3523.9208,20200608,349113.0,543636.0
3512.9572,3543.6304,3485.4342,3527.0645,20200609,298834.0,547052.0
3527.106,3540.5498,3492.5479,3497.2056,20200610,328530.0,532465.0
3496.3619,3550.3325,3489.4894,3518.1889,20200611,401882.0,539694.0
3519.1506,3565.0488,3484.8278,3562.605,20200612,444162.0,580778.0
3573.4642,3577.6058,3504.7725,3512.7172,20200615,413820.0,559014.0
3513.799,3547.4017,3512.1065,3544.1147,20200616,208884.0,565500.0
3543.4898,3572.2607,3515.3081,3531.7807,20200617,302319.0,577650.0
3534.9997,3599.2565,3529.1844,3599.1537,20200618,631737.0,659232.0
3601.3291,3652.2424,3599.4538,3639.9772,20200619,479293.0,690718.0
3643.1237,3647.9271,3594.7916,3612.1964,20200622,358475.0,662929.0
3611.3677,3614.5801,3583.7706,3583.7706,20200623,264212.0,631595.0
3583.6955,3598.6861,3570.7258,3583.9601,20200624,267231.0,597530.0
3581.5953,3581.6871,3534.9806,3538.1103,20200629,351490.0,593648.0
3545.6994,3577.8834,3538.8803,3549.2426,20200630,278801.0,615461.0
3551.6131,3562.7495,3516.7861,3536.547,20200701,283115.0,620029.0
3539.7258,3543.5452,3520.4388,3530.3584,20200702,200533.0,634714.0
3530.5139,3578.0864,3530.1004,3565.6167,20200703,343538.0,627387.0
3564.5939,3580.4947,3548.5546,3564.4389,20200706,262453.0,613830.0
3572.6675,3599.3514,3563.5356,3587.3561,20200707,240937.0,638003.0
3587.7698,3650.3516,3585.4452,3647.865,20200708,361858.0,658471.0
3649.8207,3688.2878,3648.0357,3669.1665,20200709,256819.0,646584.0
3669.842,3677.4332,3636.0421,3645.2632,20200710,260851.0,642688.0
3650.0514,3724.7122,3646.7689,3694.1756,20200713,325913.0,638962.0
3690.5173,3716.8089,3668.1279,3706.1221,20200714,241578.0,647426.0
3707.0071,3734.7105,3690.2241,3717.1813,20200715,245591.0,651968.0
3716.0806,3720.666,3673.6515,3679.1961,20200716,321396.0,631681.0
3690.0949,3706.8337,3668.178,3699.5656,20200717,212091.0,624168.0
3689.4591,3724.7592,3672.2842,3679.9889,20200720,258155.0,619728.0
3689.3376,3733.2807,3677.4837,3729.2542,20200721,238473.0,620991.0
3726.2891,3773.8432,3726.2891,3743.2961,20200722,275563.0,614857.0
3744.165,3782.5395,3730.3936,3779.6933,20200723,226784.0,635977.0
3766.701,3781.1059,3687.1571,3708.1003,20200724,390248.0,603688.0
3723.733,3736.0753,3679.4318,3685.9614,20200727,233270.0,604135.0
3693.3895,3726.2194,3678.9331,3684.3353,20200728,214777.0,609206.0
3683.5071,3741.7667,3669.5492,3725.363,20200729,265247.0,626675.0
3723.1362,3773.8216,3719.5937,3754.8401,20200730,279332.0,651723.0
3752.8156,3786.4542,3702.2894,3776.361,20200731,454386.0,657136.0
3776.0349,3854.931,3762.365,3837.0803,20200803,449471.0,687970.0
3846.5246,3853.43,3827.9637,3846.3162,20200804,244760.0,694237.0
3841.368,3865.5067,3822.1933,3838.0894,20200805,289096.0,694387.0
3840.8569,3878.5817,3833.0458,3840.3689,20200806,344539.0,684301.0
3842.2209,3861.5455,3810.2771,3836.0043,20200807,344557.0,679443.0
3846.7855,3850.1931,3805.4676,3826.0299,20200810,259369.0,674137.0
3830.6085,3865.3283,3797.6226,3804.1428,20200811,337258.0,670051.0
3800.8838,3830.3398,3794.9105,3826.0864,20200812,270724.0,669650.0
3829.7251,3869.1511,3812.0616,3842.1976,20200813,341983.0,693697.0
3847.409,3858.552,3831.9694,3845.9295,20200814,254780.0,693179.0
3834.3817,3886.3967,3833.8999,3875.1657,20200817,304440.0,710648.0
3877.0847,3914.7827,3876.414,3912.0285,20200818,295538.0,739909.0
3909.0772,3926.0591,3895.0593,3899.5324,20200819,342701.0,723149.0
3901.0897,3929.2425,3880.601,3904.0976,20200820,420542.0,689698.0
3887.4696,3917.0138,3878.7046,3897.2596,20200821,308747.0,694607.0
3896.1713,3903.1578,3863.7014,3868.2142,20200824,268066.0,667882.0
3877.7136,3905.6922,3853.6358,3864.5107,20200825,343477.0,653720.0
3869.9955,3869.9955,3829.0554,3850.0291,20200826,328471.0,625180.0
3857.9714,3888.2509,3853.0552,3867.9356,20200827,266049.0,627958.0
3865.2446,3886.1912,3848.3802,3884.2541,20200828,262615.0,631835.0
3879.2328,3942.2514,3871.8897,3931.9465,20200831,400653.0,649797.0
3934.3065,3964.0764,3930.8742,3956.7712,20200901,239517.0,663782.0
3955.488,3986.2642,3947.5,3949.0045,20200902,380645.0,657966.0
3948.8127,3965.9145,3941.9548,3948.3238,20200903,379821.0,641153.0
3951.7203,3953.2415,3891.6374,3918.22,20200904,364517.0,623779.0
3938.0546,3942.4681,3859.0389,3872.2851,20200907,423988.0,587771.0
3878.1601,3905.3265,3850.9011,3853.1182,20200908,337456.0,588575.0
3850.3229,3850.3229,3759.5169,3765.4519,20200909,540426.0,571157.0
3775.929,3793.2557,3733.2089,3744.3756,20200910,346321.0,564381.0
3747.7217,3789.5863,3740.7227,3785.639,20200911,345163.0,568586.0
3785.3081,3810.805,3773.3484,3788.9468,20200914,276961.0,564581.0
3790.3183,3806.8396,3729.184,3731.0467,20200915,298723.0,558577.0
3737.042,3743.793,3678.3748,3689.882,20200916,409363.0,556754.0
3689.5081,3706.4891,3673.7818,3684.0401,20200917,310952.0,554696.0
3691.7558,3730.455,3680.5815,3716.9801,20200918,274492.0,539181.0
3714.1047,3716.7028,3646.5846,3656.0715,20200921,327402.0,532166.0
3657.2558,3662.7987,3613.0794,3646.5375,20200922,300214.0,521925.0
3651.4321,3669.9176,3619.8922,3653.8164,20200923,300360.0,508520.0
3655.7087,3676.9802,3638.7598,3661.3193,20200924,275872.0,504264.0
3663.1046,3673.5403,3639.457,3647.5836,20200925,253870.0,481681.0
3655.8303,3672.7362,3632.7189,3651.8861,20200928,273853.0,469799.0
3644.747,3657.3784,3620.9203,3654.2749,20200929,276211.0,453182.0
3652.4943,3685.3636,3644.9089,3668.0884,20200930,272120.0,425657.0
3696.4207,3750.6483,3689.6848,3744.5111,20201009,222795.0,422495.0
3741.8645,3773.2301,3741.8645,3765.5379,20201012,207940.0,442630.0
3770.9519,3772.602,3740.3668,3753.79,20201013,192236.0,451496.0
3755.3125,3762.9184,3725.1675,3728.8288,20201014,201935.0,465838.0
3726.3461,3729.9838,3673.0772,3693.2002,20201015,307679.0,468413.0
3693.423,3705.3045,3671.6226,3703.1982,20201016,222171.0,470220.0
3699.4822,3724.2539,3679.8346,3703.0491,20201019,311350.0,475885.0
3706.0469,3716.6358,3692.9738,3704.6534,20201020,162935.0,471972.0
3707.1107,3751.7275,3701.778,3747.7696,20201021,245376.0,489671.0
3745.8771,3786.5481,3745.8771,3768.7548,20201022,317948.0,509280.0
3770.6837,3798.8021,3744.9892,3746.792,20201023,326492.0,504079.0
3757.4405,3768.1804,3733.8297,3752.4326,20201026,235715.0,506762.0
3753.7013,3773.8252,3746.5413,3767.3372,20201027,183938.0,507987.0
3772.9309,3810.7387,3762.546,3810.066,20201028,274724.0,525657.0
3800.1727,3814.3065,3775.3232,3798.4999,20201029,249171.0,525272.0
3797.3227,3831.8363,3779.8493,3822.2659,20201030,264914.0,526819.0
3818.8431,3838.2142,3808.6631,3830.9913,20201102,212618.0,527459.0
3830.954,3843.7163,3810.1956,3816.9235,20201103,165742.0,524604.0
3816.0138,3853.5349,3814.3044,3840.1711,20201104,240877.0,529423.0
3843.052,3882.5633,3839.5568,3853.0972,20201105,254743.0,525680.0
3855.9298,3882.9096,3852.2132,3870.3828,20201106,182107.0,532362.0
3871.5145,3945.1819,3871.5145,3931.251,20201109,295345.0,538934.0
3937.3625,3953.4023,3875.0929,3882.5825,20201110,264327.0,533189.0
3894.0948,3916.2213,3886.4145,3893.8479,20201111,178317.0,539205.0
3895.2344,3911.3619,3869.4108,3869.8898,20201112,248497.0,534450.0
3875.9337,3914.4018,3868.5297,3912.1543,20201113,233018.0,534710.0
3902.1067,3940.1398,3889.394,3937.4416,20201116,307385.0,548042.0
3935.7021,3996.9599,3935.7021,3994.0166,20201117,330036.0,564567.0
3988.2365,4003.1769,3971.7663,3983.6481,20201118,193861.0,561334.0
3986.5583,4027.2691,3985.5893,4009.4957,20201119,280559.0,571545.0
4008.3698,4023.969,3993.0115,4017.6185,20201120,209582.0,570817.0
4017.0854,4047.9855,3945.519,3946.0986,20201123,400901.0,560196.0
3949.9802,3977.9489,3943.2163,3971.2194,20201124,222920.0,570119.0
3976.0998,3985.0134,3948.6241,3965.7859,20201125,296514.0,562493.0
3972.6941,4026.3373,3963.0849,4017.6389,20201126,303022.0,582307.0
4014.1498,4087.6666,4014.1498,4078.5804,20201127,354814.0,606259.0
4075.8492,4114.042,4071.2485,4091.4518,20201130,472917.0,592046.0
4088.8201,4105.2168,4065.4845,4088.5623,20201201,303688.0,594421.0
4093.3843,4176.2766,4092.5653,4170.7448,20201202,414061.0,617046.0
4166.7405,4172.9888,4118.5559,4138.0102,20201203,381305.0,614968.0
4135.4063,4194.4791,4103.4308,4192.1394,20201204,471320.0,605838.0
4181.6537,4285.9699,4179.9475,4245.7225,20201207,690872.0,611459.0
4246.5377,4292.4043,4232.4942,4238.4011,20201208,549676.0,621802.0
4237.99,4312.4509,4202.5689,4301.4681,20201209,668257.0,650398.0
4289.0684,4405.9396,4289.0684,4374.0912,20201210,823187.0,691709.0
4377.0235,4548.5469,4308.6438,4353.3048,20201211,1154930.0,646125.0
4366.4541,4412.1595,4322.2194,4336.5832,20201214,686680.0,689150.0
4339.245,4411.0803,4283.1413,4392.9545,20201215,624971.0,701934.0
4396.6313,4438.1166,4377.0475,4428.1363,20201216,586451.0,706497.0
4437.4507,4466.2583,4414.4662,4458.1877,20201217,527460.0,703364.0
4456.0288,4615.6226,4456.0288,4614.1857,20201218,692571.0,703397.0
4597.4815,4749.696,4590.0593,4749.5147,20201221,610035.0,735967.0
4802.3264,4942.7542,4667.4873,4709.2253,20201222,1773422.0,697699.0
4732.0868,4737.0051,4559.6568,4618.8291,20201223,1403031.0,703156.0
4616.6401,4679.3878,4587.6223,4589.6835,20201224,932146.0,695867.0
4577.7693,4596.4098,4481.0871,4592.9031,20201225,1323549.0,678573.0
4585.1989,4633.1206,4415.2824,4420.6344,20201228,1144776.0,657228.0
4416.0388,4481.8261,4389.9603,4399.8915,20201229,1114233.0,647076.0
4410.9014,4470.4626,4343.0992,4432.6707,20201230,1238481.0,646046.0
4430.7174,4559.8165,4430.7174,4548.15,20201231,967959.0,665561.0
4500.5391,4524.6959,4420.147,4484.3172,20210104,716642.0,643179.0
4485.628,4526.5046,4459.8388,4489.1306,20210105,548421.0,652843.0
4493.2509,4579.2099,4453.9602,4510.5976,20210106,902181.0,664014.0
4515.5928,4675.5457,4514.0881,4649.1846,20210107,931051.0,729332.0
4637.8548,4689.2432,4603.5255,4639.2556,20210108,758131.0,726190.0
4643.2501,4649.7606,4437.3643,4452.1923,20210111,1144572.0,675586.0
4464.8908,4464.8908,4392.4355,4454.1966,20210112,761493.0,670214.0
4450.6874,4459.0741,4394.9938,4430.1165,20210113,556698.0,671442.0
4435.9525,4448.2579,4402.0125,4421.5389,20210114,501007.0,675012.0
4426.6038,4518.7357,4426.5693,4482.2857,20210115,718255.0,689873.0
4480.573,4530.3507,4450.0394,4493.1118,20210118,510273.0,669446.0
4490.267,4493.1134,4361.3942,4372.6697,20210119,715077.0,693262.0
4379.3945,4422.7954,4354.271,4402.5857,20210120,560975.0,684819.0
4398.3294,4451.8946,4334.5014,4420.2336,20210121,912584.0,718788.0
4404.6231,4440.5759,4339.7948,4350.2774,20210122,600626.0,738500.0
4342.1848,4430.5566,4282.2855,4412.6336,20210125,945055.0,712378.0
4407.0774,4463.6319,4403.4284,4416.7047,20210126,705035.0,703744.0
4428.063,4521.7441,4413.3651,4509.6254,20210127,787043.0,750373.0
4504.7656,4536.7796,4411.1184,4412.6273,20210128,884304.0,713350.0
4419.3814,4441.5007,4348.7358,4376.7091,20210129,731109.0,708670.0
4388.8057,4424.5388,4324.5555,4325.9287,20210201,609991.0,708854.0
4329.8921,4357.4968,4271.9664,4287.4855,20210202,635650.0,693837.0
4292.7045,4344.461,4278.9238,4318.6006,20210203,556961.0,685955.0
4326.9035,4382.8885,4319.5373,4367.3834,20210204,532820.0,664807.0
4370.9755,4440.5354,4353.2384,4429.6507,20210205,530341.0,652371.0
4426.2982,4538.3757,4412.5573,4525.3394,20210208,605124.0,668129.0
4517.7132,4599.4228,4509.8047,4593.7411,20210209,510625.0,686585.0
4587.6249,4593.7079,4545.2867,4588.5338,20210210,371091.0,662527.0
4642.5957,4724.5942,4642.5957,4688.7103,20210218,380459.0,686723.0
4688.6557,4734.9084,4623.6532,4669.4538,20210219,524031.0,709524.0
4671.2338,4879.4637,4646.7821,4797.8906,20210222,772493.0,716503.0
4786.4722,4850.2074,4749.5717,4778.2895,20210223,551651.0,729953.0
4776.0515,4813.2993,4730.1145,4792.5247,20210224,516367.0,733528.0
4791.3202,4927.0536,4776.667,4883.1375,20210225,794485.0,733840.0
4863.9375,4901.3165,4815.0506,4863.4513,20210226,643247.0,719079.0
4849.8975,4895.2692,4785.1205,4819.1361,20210301,752969.0,720064.0
4823.1093,4888.96,4796.7384,4882.9628,20210302,658365.0,738101.0
4908.4542,5058.9959,4908.4542,5002.1391,20210303,971466.0,761443.0
5004.0601,5029.0696,4968.6932,4992.311,20210304,633537.0,755316.0
4974.7022,4974.7022,4770.0824,4849.5607,20210305,1049427.0,698666.0
4876.8191,5005.4287,4857.0317,4934.1243,20210308,704453.0,703537.0
4934.6262,4988.4276,4785.0496,4793.8548,20210309,922401.0,682966.0
4843.9652,4843.9702,4748.2261,4786.0008,20210310,721259.0,652302.0
4803.1158,4912.0608,4734.1107,4891.4451,20210311,854575.0,665123.0
4901.1376,5034.5281,4901.1376,4956.3633,20210312,1003587.0,719491.0
4959.6094,5037.0272,4900.1182,5032.9826,20210315,979486.0,808495.0
5017.733,5028.1172,4844.208,4891.6806,20210316,1132274.0,722597.0
4896.0428,4959.9092,4866.2741,4946.457,20210317,661420.0,725863.0
4941.4289,4982.1594,4920.5836,4962.539,20210318,792980.0,735439.0
4959.0275,5034.7283,4946.952,4987.7819,20210319,1272430.0,801981.0
4987.8018,5154.2355,4975.3393,5058.8843,20210322,1546158.0,864746.0
5056.3993,5106.9784,5004.7104,5077.7834,20210323,1124583.0,872326.0
5065.1641,5110.4884,5033.9905,5105.1798,20210324,1055967.0,901528.0
5102.05,5152.7583,5059.3187,5077.4033,20210325,1086291.0,857712.0
5060.8747,5141.6,5037.6719,5139.0257,20210326,1006617.0,836743.0
5129.4336,5310.3715,5129.4336,5268.4713,20210329,1333299.0,905073.0
5272.749,5339.3379,5247.4467,5310.0217,20210330,1073550.0,971519.0
5313.9974,5366.5028,5260.7069,5300.2113,20210331,1529437.0,989456.0
5297.6648,5391.6228,5267.7174,5370.8409,20210401,1132544.0,1025342.0
5389.1867,5473.0384,5371.3833,5472.1545,20210402,1617613.0,997895.0
5484.3033,5504.8595,5456.0918,5477.6295,20210406,754435.0,1012587.0
5488.6918,5573.31,5414.5231,5444.5587,20210407,1735848.0,1019375.0
5429.557,5465.9268,5360.7787,5411.5752,20210408,1513083.0,1018804.0
5415.7094,5454.8586,5366.4621,5386.0604,20210409,1140551.0,1014275.0
5388.7889,5425.2643,5236.9123,5288.4891,20210412,1588469.0,936595.0
5291.3329,5426.7629,5290.6314,5419.4946,20210413,1073834.0,937368.0
5426.9829,5466.7103,5399.583,5426.5278,20210414,825067.0,949153.0
5435.4928,5460.6665,5375.885,5400.888,20210415,915971.0,947354.0
5399.9201,5467.8688,5363.6302,5421.1986,20210416,1281080.0,906136.0
5422.7729,5460.0843,5379.4694,5379.6679,20210419,962779.0,885438.0
5384.5311,5435.7672,5370.3823,5434.9837,20210420,761787.0,869804.0
5437.9895,5487.3316,5387.6158,5485.8648,20210421,847900.0,900313.0
5488.9108,5576.5084,5479.4145,5550.4697,20210422,1228810.0,947285.0
5555.7951,5593.965,5535.7007,5588.2363,20210423,694237.0,927137.0
5588.2008,5789.8432,5576.3494,5734.9118,20210426,1322126.0,920098.0
5748.3611,5769.1764,5726.9023,5749.5903,20210427,710524.0,898615.0
5748.2945,5755.4198,5634.7167,5688.5228,20210428,958766.0,867556.0
5650.7172,5795.1908,5641.4489,5781.7966,20210429,1132896.0,905400.0
5780.9145,5793.4627,5658.9217,5683.9506,20210430,923412.0,845300.0
5788.3487,5950.0651,5786.0724,5929.2519,20210506,727161.0,832274.0
5939.921,6016.5683,5932.799,5992.091,20210507,724849.0,854424.0
6015.7345,6327.4438,5984.3685,6327.3984,20210510,684548.0,843773.0
6454.1733,6583.5947,6310.2681,6532.0306,20210511,1876148.0,812294.0
6533.7964,6717.513,6469.3446,6674.8935,20210512,1409147.0,886283.0
6593.0244,6685.7521,6291.8338,6428.647,20210513,1892959.0,873756.0
6418.2251,6418.2272,6127.1951,6127.6313,20210514,1434739.0,836592.0
6145.2992,6169.4772,5845.6596,5934.2415,20210517,1775940.0,801506.0
5934.8482,6047.3697,5895.551,5963.5922,20210518,971266.0,818323.0
5950.7424,5995.3413,5629.3978,5665.2343,20210519,1382301.0,782614.0
5581.6571,5635.5163,5334.4759,5543.1125,20210520,1697380.0,718761.0
5540.4714,5620.2372,5432.55,5478.3588,20210521,1073714.0,706583.0
5507.2107,5507.238,5128.5876,5300.9538,20210524,1581009.0,698028.0
5285.2669,5351.4309,5221.2938,5267.2064,20210525,890050.0,694083.0
5247.9923,5254.9149,5000.698,5005.5571,20210526,1247052.0,734606.0
4983.0472,5197.0116,4938.5431,5170.9461,20210527,1233119.0,725907.0
5178.2372,5367.776,5178.2372,5312.2485,20210528,1258541.0,719351.0
5313.6727,5482.2714,5258.1474,5337.7293,20210531,1404022.0,717888.0
5201.9545,5435.7234,5095.2432,5421.5533,20210601,1791061.0,724276.0
5409.7154,5453.5582,5285.1391,5291.7111,20210602,1014372.0,703502.0
5290.6345,5505.067,5274.0086,5473.8435,20210603,1080457.0,712756.0
5470.7075,5565.7992,5370.452,5417.0508,20210604,1212585.0,694529.0
5452.8264,5490.6462,5234.7439,5235.9549,20210607,924097.0,691849.0
5247.5578,5290.0367,5182.1199,5271.5526,20210608,699308.0,690877.0
5275.6702,5382.9591,5245.7295,5348.2073,20210609,639538.0,677571.0
5342.1568,5496.9898,5341.8209,5431.4237,20210610,762060.0,676063.0
5438.929,5590.9936,5438.929,5590.1037,20210611,676970.0,661075.0
5503.8732,5510.8894,5348.1462,5418.0102,20210615,665176.0,639829.0
5402.1102,5440.9833,5241.7857,5262.5338,20210616,631314.0,641761.0
5250.2269,5368.9682,5208.3522,5352.9983,20210617,704288.0,625890.0
5329.7116,5450.2034,5313.0943,5328.8075,20210618,826342.0,609062.0
5356.6226,5368.3442,5151.7404,5154.3372,20210621,739563.0,627577.0
5122.3489,5160.1734,5055.9381,5139.1041,20210622,766087.0,666064.0
5120.6348,5203.4566,5074.0094,5137.9897,20210623,741205.0,685097.0
5138.2351,5234.2496,5108.3761,5145.0939,20210624,698133.0,653382.0
5162.6248,5312.0298,5159.5909,5271.8078,20210625,697046.0,626648.0
5269.3687,5346.3112,5219.3011,5308.5944,20210628,656331.0,623274.0
5317.8324,5420.4522,5281.9943,5298.91,20210629,653416.0,627019.0
5315.7346,5432.375,5309.6999,5413.1193,20210630,608540.0,654092.0
5412.1949,5476.503,5390.2555,5412.0923,20210701,494320.0,663414.0
5415.4041,5450.0994,5347.6328,5403.6941,20210702,545546.0,674554.0
5397.6412,5491.3545,5330.8253,5478.2677,20210705,575604.0,668990.0
5476.4279,5591.5597,5476.4279,5590.2621,20210706,584591.0,701199.0
5587.889,5753.6235,5564.7539,5751.7725,20210707,879796.0,816108.0
5772.8193,5796.8891,5708.6587,5735.0534,20210708,910984.0,861560.0
5733.9969,5811.3611,5637.8218,5776.0426,20210709,907505.0,892470.0
5826.2482,5908.7378,5792.5964,5805.4352,20210712,801388.0,899465.0
5793.6888,5861.9454,5779.9387,5846.1903,20210713,588130.0,902068.0
5839.3706,5980.2357,5832.4106,5979.7227,20210714,728226.0,943655.0
5942.1156,5997.8528,5896.2959,5945.9394,20210715,653090.0,937770.0
5943.6028,5986.6413,5813.3032,5935.4504,20210716,773096.0,934812.0
5932.8996,6040.3011,5905.6907,5909.7183,20210719,728087.0,929745.0
5882.671,5972.1031,5802.0136,5949.0014,20210720,789913.0,917532.0
5946.324,6002.7224,5885.9141,5902.9084,20210721,539337.0,899841.0
5896.5051,5955.9,5792.8748,5936.781,20210722,929151.0,898961.0
5931.5324,5991.4933,5931.5324,5958.3867,20210723,515293.0,891639.0
5964.6425,6053.5324,5890.147,5974.6256,20210726,765492.0,887390.0
5972.0496,6031.4775,5855.9138,5884.5327,20210727,645373.0,842185.0
5886.8697,5966.315,5849.631,5862.614,20210728,673214.0,853847.0
5883.4499,6090.0527,5854.7361,6083.2226,20210729,877038.0,914110.0
6073.8377,6161.3714,6032.2182,6152.1713,20210730,1039808.0,978771.0
6053.0302,6053.1836,5714.5778,5762.5644,20210802,1671837.0,842754.0
5775.656,5787.081,5581.8629,5585.1907,20210803,997804.0,778356.0
5590.2378,5839.6011,5554.7296,5836.0807,20210804,963269.0,790137.0
5801.9076,5885.6683,5716.0439,5718.5744,20210805,903287.0,774711.0
5719.3489,5822.6444,5671.0886,5751.7495,20210806,666670.0,763902.0
5755.0909,5772.5955,5626.2351,5712.2479,20210809,783456.0,757062.0
5760.1687,5846.1201,5712.6393,5838.763,20210810,939803.0,782338.0
5808.5846,5928.6664,5808.5846,5887.5884,20210811,642279.0,771723.0
5869.0522,5894.5418,5750.5676,5753.4575,20210812,738655.0,755074.0
5750.0519,5764.8504,5683.8573,5741.7276,20210813,715618.0,736000.0
5750.3959,5795.3824,5637.5494,5667.0872,20210816,832343.0,697807.0
5679.1953,5727.0782,5650.7647,5695.4916,20210817,559058.0,693256.0
5690.8997,5707.2494,5493.5519,5517.4941,20210818,1025493.0,710917.0
5486.202,5518.8972,5355.6135,5430.2163,20210819,1094404.0,721839.0
5392.3146,5518.742,5313.2986,5492.4516,20210820,772965.0,706757.0
5466.2185,5574.1811,5460.2882,5506.5904,20210823,734333.0,675906.0
5530.9886,5638.1547,5517.8083,5628.9109,20210824,722826.0,659412.0
5631.0588,5649.6431,5577.169,5591.937,20210825,532179.0,659231.0
5608.29,5615.0217,5435.5135,5437.0394,20210826,830565.0,669194.0
5426.4613,5563.0344,5378.8946,5522.2817,20210827,785875.0,672066.0
5515.7192,5668.4439,5497.0455,5652.193,20210830,725791.0,656415.0
5654.2268,5681.9973,5572.707,5580.7291,20210831,605160.0,653745.0
5582.8818,5600.7136,5477.7761,5513.356,20210901,729940.0,637928.0
5529.3126,5625.5845,5499.1063,5581.355,20210902,854546.0,622357.0
5586.4499,5812.937,5556.9666,5777.2796,20210903,1136461.0,710877.0
5773.5863,5836.9296,5730.5172,5812.1322,20210906,837529.0,737828.0
5808.4342,5877.0186,5766.178,5812.4886,20210907,603905.0,722915.0
5794.1175,5800.9817,5669.751,5766.5887,20210908,834612.0,684747.0
5773.0567,5924.8072,5731.4551,5879.6856,20210909,861226.0,698241.0
5886.7295,5953.6826,5823.2933,5846.9192,20210910,723290.0,700064.0
5857.7069,5939.4853,5762.2646,5792.1729,20210913,750160.0,684559.0
5806.4557,5823.2079,5672.5147,5674.5806,20210914,835784.0,633701.0
5685.1031,5745.7033,5621.325,5677.2975,20210915,796781.0,602405.0
5687.2688,5818.7503,5687.2688,5719.0447,20210916,807231.0,581932.0
5727.3741,5760.7032,5614.3924,5645.2541,20210917,783501.0,566887.0
5621.628,5715.9741,5560.0937,5712.9273,20210922,680372.0,593948.0
5706.0004,5751.5203,5558.4092,5583.785,20210923,951546.0,626778.0
5588.6817,5609.8249,5481.7992,5490.7778,20210924,981275.0,630360.0
5485.2415,5641.8454,5403.3425,5557.5629,20210927,1002745.0,612740.0
5559.0877,5642.0231,5542.3078,5634.8839,20210928,636504.0,581104.0
5639.4155,5712.8935,5582.116,5659.2705,20210929,667566.0,539442.0
5662.6589,5717.2916,5628.4301,5678.3772,20210930,627446.0,497023.0
5750.7457,5852.2458,5704.1976,5774.1671,20211008,486792.0,519714.0
5782.0377,5849.0989,5733.7917,5793.4454,20211011,746877.0,560468.0
5793.2164,5793.7046,5586.6121,5590.3011,20211012,910247.0,536920.0
5594.7989,5764.6181,5458.1024,5585.6974,20211013,1194675.0,520030.0
5587.9727,5687.8597,5523.7388,5626.5531,20211014,765065.0,524750.0
5628.557,5725.8256,5585.6989,5700.0834,20211015,628534.0,535810.0
5691.9647,5716.748,5541.2915,5636.2678,20211018,1013932.0,527050.0
5623.3146,5735.0595,5575.7467,5695.9301,20211019,819101.0,560918.0
5679.235,5696.9669,5501.094,5501.1003,20211020,1091208.0,583717.0
5499.6501,5599.0471,5162.8169,5219.686,20211021,1316715.0,671008.0
5271.3335,5312.2123,5103.8813,5244.742,20211022,1486652.0,715650.0
5246.1732,5327.6942,5121.2635,5127.6681,20211025,1157956.0,793340.0
5138.5672,5212.6213,5087.2445,5168.3866,20211026,1036876.0,804109.0
5184.7798,5246.5997,4948.7282,4964.7899,20211027,1294008.0,823544.0
4970.3287,5143.6266,4725.371,4985.7374,20211028,1666964.0,784570.0
4954.7508,5055.5035,4841.5237,4919.2904,20211029,1204544.0,789762.0
4898.2995,4946.7864,4727.5056,4742.9461,20211101,1044517.0,833612.0
4749.5724,4795.9233,4456.0269,4521.1784,20211102,1359050.0,854981.0
4554.6375,4751.8854,4539.1492,4712.5623,20211103,1181422.0,832916.0
4703.8048,4727.1492,4472.166,4537.5833,20211104,1061197.0,854685.0
4569.0929,4569.0929,4402.7183,4497.0823,20211105,1064643.0,872780.0
4520.9336,4610.3618,4400.658,4490.3601,20211108,1165619.0,905473.0
4484.2183,4525.7151,4373.5434,4402.6931,20211109,1021747.0,959461.0
4376.8115,4376.8115,4133.2279,4333.0772,20211110,1579062.0,969520.0
4345.3945,4568.8469,4310.1696,4567.4943,20211111,1503256.0,931493.0
4569.5752,4589.8385,4422.9458,4429.7926,20211112,1445176.0,932863.0
4391.3581,4429.4675,4293.5659,4323.8706,20211115,1362500.0,961574.0
4323.2695,4408.7504,4267.4629,4267.9032,20211116,1062505.0,982607.0
4277.0336,4323.4435,4236.5196,4297.229,20211117,1099690.0,1009723.0
4306.2546,4326.3435,4158.8585,4164.7499,20211118,1218749.0,1087221.0
4166.6466,4367.7774,4115.4749,4327.8828,20211119,1602365.0,1065625.0
4254.5252,4412.4841,4229.5791,4262.4868,20211122,1512995.0,1119094.0
4276.2436,4423.3462,4236.4386,4298.0488,20211123,1526617.0,1134061.0
4300.0347,4498.9799,4297.7665,4482.7279,20211124,1321905.0,1109531.0
4469.783,4549.3372,4449.8805,4506.8647,20211125,1094525.0,1097610.0
4496.1144,4503.113,4405.584,4408.8036,20211126,1138430.0,1180438.0
4375.2584,4474.3309,4361.0527,4411.8675,20211129,1004393.0,1143968.0
4406.3927,4470.7203,4358.531,4431.4509,20211130,1002791.0,1177197.0
4428.4401,4586.8121,4426.5602,4569.7482,20211201,1115472.0,1141154.0
4562.8403,4624.1589,4510.386,4563.6204,20211202,911709.0,1132833.0
4567.3269,4637.3611,4552.9972,4631.0989,20211203,974363.0,1146126.0
4659.6384,4670.2375,4565.4117,4585.8787,20211206,698451.0,1082704.0
4597.8062,4697.927,4590.4481,4661.3128,20211207,705681.0,1072169.0
4660.2095,4680.9429,4558.1974,4560.661,20211208,739563.0,1052472.0
4563.6268,4585.6794,4444.9444,4476.6104,20211209,831840.0,1075653.0
4470.6218,4504.8976,4421.1311,4468.1528,20211210,724317.0,1075019.0
4471.8781,4556.2689,4436.1571,4551.89,20211213,763748.0,1079167.0
4537.5205,4596.0541,4520.2415,4566.5015,20211214,566198.0,1045552.0
4568.4901,4655.6178,4560.704,4619.7689,20211215,668069.0,1042932.0
4620.8061,4726.5662,4615.631,4720.7755,20211216,634664.0,1022778.0
4709.8265,4745.5903,4664.2705,4683.5947,20211217,541667.0,1007631.0
4690.5388,4779.7291,4614.9272,4628.8971,20211220,770277.0,1007850.0
4635.428,4673.3256,4575.4752,4601.191,20211221,748685.0,1022765.0
4599.1233,4633.8104,4534.7417,4558.5089,20211222,576590.0,1034934.0
4560.7088,4589.2255,4514.5621,4583.1482,20211223,563223.0,1069406.0
4580.5373,4653.0209,4579.4541,4610.3257,20211224,543628.0,1088328.0
4604.6745,4614.7072,4390.8096,4409.4241,20211227,850708.0,1128030.0
4423.6727,4468.829,4401.1729,4434.6592,20211228,588263.0,1060477.0
4432.8053,4471.8231,4397.5822,4446.2816,20211229,599164.0,1027279.0
4446.3489,4502.0583,4382.131,4402.7169,20211230,693499.0,1032822.0
4418.4045,4436.6631,4377.3303,4401.6975,20211231,564618.0,1015803.0
4392.2456,4486.0053,4392.238,4484.917,20220104,418835.0,1003208.0
4485.5703,4561.7903,4471.7991,4554.7899,20220105,513003.0,989040.0
4550.889,4630.0191,4542.9826,4622.0416,20220106,489516.0,978538.0
4626.3809,4665.8819,4593.0796,4659.7541,20220107,474930.0,961672.0
4651.246,4665.5146,4594.7885,4614.9696,20220110,406432.0,952566.0
4623.1358,4708.0359,4607.4142,4700.4578,20220111,480316.0,976258.0
4695.6452,4735.9047,4681.4056,4732.8006,20220112,363762.0,968442.0
4739.5473,4812.4858,4719.7445,4726.7853,20220113,595911.0,978960.0
4727.3488,4784.7352,4698.1006,4757.649,20220114,400403.0,969410.0
4757.1717,4775.0638,4620.7556,4653.6745,20220117,521356.0,947842.0
4654.495,4713.9624,4636.2485,4696.3789,20220118,351569.0,928786.0
4719.8325,4845.716,4719.8325,4803.5861,20220119,580635.0,981449.0
4803.4773,4830.1803,4771.2338,4801.8065,20220120,361562.0,958950.0
4814.1549,4843.9518,4772.9366,4808.4027,20220121,411611.0,978727.0
4784.9617,4870.301,4753.8362,4762.308,20220124,505646.0,972628.0
4772.0995,4831.9613,4735.4596,4830.2156,20220125,380819.0,949995.0
4828.1769,4844.948,4739.2395,4789.7952,20220126,429436.0,929071.0
4788.4942,4854.9266,4750.6361,4780.6154,20220127,502538.0,905280.0
4792.53,4926.2314,4785.8769,4926.2314,20220128,463494.0,916910.0
4968.064,4975.373,4903.5012,4961.2701,20220207,292424.0,908731.0
4961.6301,5081.14,4959.1153,5043.1568,20220208,497620.0,923161.0
5042.3678,5070.1007,4941.2663,4962.252,20220209,522734.0,894923.0
4965.0808,5066.8304,4946.6881,5048.4735,20220210,459304.0,906713.0
5092.5818,5134.9898,5013.645,5015.2744,20220211,484944.0,921321.0
5009.0616,5009.0616,4889.9184,4906.0986,20220214,618013.0,896515.0
4909.8884,4913.2617,4768.9484,4819.9991,20220215,664234.0,885382.0
4827.6312,4918.0648,4819.6496,4910.2907,20220216,475289.0,903392.0
4889.9621,4916.3589,4789.1521,4794.8897,20220217,573967.0,910183.0
4789.627,4893.0133,4765.8131,4876.013,20220218,463982.0,873420.0
4875.8308,4930.0813,4847.5465,4929.3325,20220221,462028.0,894215.0
4915.0858,4963.8665,4819.7575,4822.7555,20220222,500460.0,898687.0
4833.4938,4911.8393,4824.2455,4888.5875,20220223,422440.0,903646.0
4886.8426,4904.3744,4758.2339,4776.1131,20220224,619052.0,906989.0
4780.6725,4809.9984,4694.4598,4766.4027,20220225,689679.0,906804.0
4769.2182,4918.5246,4754.6928,4917.9851,20220228,642873.0,915759.0
4913.5022,5056.0001,4913.5022,5045.5748,20220301,879341.0,1068044.0
5050.5255,5119.5347,5036.4306,5097.5789,20220302,753019.0,1088064.0
5106.7168,5228.3641,5096.5915,5209.2461,20220303,1017164.0,1178541.0
5212.5448,5284.3928,5107.2581,5168.417,20220304,1127547.0,1170215.0
5171.7851,5354.1974,5154.0902,5332.7911,20220307,928966.0,1172965.0
5328.2048,5331.2574,5046.5648,5173.5275,20220308,1168560.0,1103821.0
5126.3144,5164.7631,5064.2487,5076.5301,20220309,729809.0,1038627.0
5049.8565,5097.4653,4980.7135,5054.5629,20220310,828822.0,1012437.0
5053.8698,5130.7914,5031.8133,5089.2613,20220311,587155.0,998559.0
5062.5532,5096.9032,4910.1462,4912.6059,20220314,826779.0,952727.0
4918.8652,4970.6229,4859.6978,4892.3719,20220315,716143.0,910271.0
4884.3583,5031.5514,4863.9579,5031.5505,20220316,562600.0,917839.0
5030.5548,5060.0313,4987.8729,5010.5778,20220317,462872.0,908431.0
5011.9016,5089.3638,5009.3986,5083.3869,20220318,417473.0,913146.0
5059.2761,5139.1398,5044.9711,5083.8521,20220321,572049.0,931701.0
5082.8435,5139.595,5073.617,5109.0355,20220322,478960.0,971013.0
5112.9875,5138.8482,5050.5216,5138.2971,20220323,517452.0,981830.0
5136.3445,5175.2913,5107.3109,5124.7833,20220324,465252.0,977635.0
5131.176,5243.5146,5126.6272,5229.221,20220325,533649.0,1024077.0
5227.0886,5294.1938,5208.8376,5263.4701,20220328,665484.0,1031825.0
5262.2169,5276.6819,5216.1841,5216.2156,20220329,502795.0,1012798.0
5174.6539,5238.1524,5127.7984,5228.4983,20220330,600423.0,1006187.0
5237.1925,5290.5833,5173.8879,5220.2868,20220331,742900.0,997547.0
5214.33,5327.0361,5205.4787,5316.739,20220401,665303.0,1024338.0
5340.9116,5344.1599,5236.27,5271.4932,20220406,449382.0,1022635.0
5278.3874,5293.5481,5189.2946,5232.7711,20220407,637590.0,990923.0
5216.8385,5268.2266,5140.4529,5199.4231,20220408,585869.0,968548.0
5200.2104,5219.3263,5035.4579,5050.4932,20220411,674291.0,944416.0
5045.264,5180.4101,5038.8395,5180.4101,20220412,594082.0,961358.0
5192.9443,5198.9434,5089.5331,5092.8716,20220413,512410.0,943161.0
5109.8595,5190.5511,5108.1542,5161.1698,20220414,523776.0,946118.0
5160.4611,5222.0404,5153.0688,5197.3136,20220415,467245.0,935275.0
5184.8612,5205.3854,5118.4,5185.7691,20220418,555865.0,936570.0
5196.8626,5243.4909,5146.0788,5162.474,20220419,667774.0,934108.0
5168.111,5258.9228,5160.53,5222.0791,20220420,544037.0,965354.0
5228.4874,5231.7858,5131.0648,5151.6446,20220421,602708.0,950146.0
5161.4064,5174.6693,5069.1454,5074.5282,20220422,562753.0,920454.0
5073.0115,5089.7693,4874.6055,4890.2741,20220425,897733.0,927453.0
4895.2044,4947.0873,4854.2755,4904.5356,20220426,576106.0,902351.0
4916.7174,4979.0507,4907.7665,4943.7839,20220427,609327.0,901260.0
4941.6987,4950.1785,4874.9584,4942.9818,20220428,629036.0,899917.0
4946.3101,5001.1612,4904.312,4987.3569,20220429,537210.0,872381.0
4997.3231,5037.6323,4958.1007,5005.4559,20220505,421802.0,894463.0
5003.3234,5013.6438,4816.9862,4821.0788,20220506,672044.0,970669.0
4835.1033,4837.4291,4719.9887,4740.8989,20220509,704892.0,993960.0
4719.257,4734.4986,4624.9562,4689.2828,20220510,715978.0,984928.0
4691.433,4803.3368,4690.8922,4767.4384,20220511,579019.0,966341.0
4745.4274,4816.7204,4685.3233,4721.3216,20220512,685200.0,956801.0
4696.5252,4775.6774,4662.7753,4758.701,20220513,575287.0,962508.0
4756.7048,4789.7073,4694.6225,4763.7732,20220516,602363.0,956121.0
4760.8065,4794.2303,4736.5775,4759.4653,20220517,429345.0,930476.0
4760.5563,4767.073,4665.7527,4667.0172,20220518,547053.0,945032.0
4669.6942,4711.8266,4605.6432,4704.0099,20220519,553161.0,949007.0
4695.1267,4767.6674,4684.0672,4758.2034,20220520,458756.0,925318.0
4764.1702,4827.4253,4679.6621,4720.9458,20220523,650546.0,924570.0
4725.1222,4736.2635,4594.3018,4600.9272,20220524,548696.0,958962.0
4615.287,4669.0313,4585.8957,4661.4729,20220525,594025.0,950321.0
4649.3169,4650.2616,4570.9467,4621.2851,20220526,777985.0,949226.0
4634.3665,4701.9217,4619.0311,4686.4797,20220527,580219.0,937056.0
4684.9529,4743.6199,4684.9529,4720.3629,20220530,557655.0,935521.0
4720.864,4782.3736,4703.4388,4775.7468,20220531,506845.0,935150.0
4774.1859,4814.2228,4747.0387,4802.9182,20220601,450900.0,954335.0
4800.5375,4872.0592,4782.3437,4864.3547,20220602,490515.0,961005.0
4814.64,4871.6005,4814.64,4832.0746,20220606,316628.0,970135.0
4840.8771,4855.6896,4792.3892,4797.6529,20220607,401706.0,988073.0
4788.0878,4867.0409,4772.6148,4855.3371,20220608,535236.0,1027642.0
4856.4515,4885.9958,4819.6112,4860.3234,20220609,444353.0,1017250.0
4825.1912,4899.3599,4814.6736,4867.9654,20220610,619059.0,1049032.0
4845.0462,4864.1375,4740.996,4768.1899,20220613,611889.0,987611.0
4771.2532,4797.5822,4677.1303,4689.6375,20220614,580290.0,978273.0
4696.2174,4709.7591,4640.0185,4644.5554,20220615,556491.0,961686.0
4650.9429,4696.0999,4595.3638,4599.8297,20220616,515950.0,967988.0
4594.4588,4594.5439,4443.0676,4444.6579,20220617,767455.0,998343.0
4443.5389,4443.5389,4153.4163,4212.2152,20220620,1098290.0,1022257.0
4197.9099,4318.5751,4173.1391,4282.767,20220621,802865.0,1031879.0
4290.5812,4326.21,4161.2994,4188.6538,20220622,722622.0,1030615.0
4200.1297,4300.0392,4183.9762,4276.7695,20220623,699318.0,1030680.0
4308.6661,4313.1803,4243.918,4245.5642,20220624,574139.0,1021321.0
4252.1883,4351.3811,4218.0065,4329.3542,20220627,645277.0,1005437.0
4327.874,4389.7157,4304.8485,4388.9384,20220628,498286.0,1017068.0
4384.3662,4432.8116,4366.4466,4373.2769,20220629,601664.0,1035757.0
4381.4122,4422.662,4357.0779,4401.7095,20220630,599434.0,1028291.0
4389.6483,4392.1223,4295.4295,4302.6508,20220701,658850.0,1018083.0
4299.1215,4329.6738,4165.4796,4178.3362,20220704,701517.0,1048372.0
4169.1849,4268.3386,4123.223,4252.4037,20220705,754219.0,1067655.0
4214.9119,4230.4041,4142.653,4226.945,20220706,836562.0,1075636.0
4226.1596,4246.4331,4181.6639,4194.6687,20220707,695771.0,1086030.0
4215.8488,4268.7675,4158.7419,4196.185,20220708,611467.0,1089399.0
4197.5244,4238.557,3980.8621,4039.2554,20220711,1022635.0,1144158.0
4058.8269,4061.9635,3904.0857,3910.2272,20220712,765385.0,1170088.0
3904.0973,3936.3843,3855.1752,3906.7824,20220713,733032.0,1170883.0
3877.4012,3905.9608,3783.6466,3785.7787,20220714,985624.0,1222679.0
3747.0642,3747.0642,3557.3939,3567.3288,20220715,1179108.0,1262502.0
3586.9461,3777.119,3573.5605,3770.3208,20220718,1013014.0,1181577.0
3767.8274,3846.1802,3718.9549,3745.239,20220719,807342.0,1186335.0
3729.0574,3839.9849,3693.9047,3805.9439,20220720,772680.0,1166015.0
3804.4517,3817.2791,3749.5386,3794.6204,20220721,666928.0,1175002.0
3761.4076,3816.2182,3740.0018,3803.9122,20220722,518239.0,1177333.0
3796.076,3862.1798,3796.076,3834.1537,20220725,567841.0,1162121.0
3835.5743,3874.0672,3786.7076,3854.4239,20220726,612611.0,1163958.0
3852.8998,3876.8296,3787.1337,3854.9031,20220727,664527.0,1201007.0
3856.9476,4012.2892,3828.6781,3994.0788,20220728,768199.0,1205741.0
3982.5442,4002.8592,3931.2515,3947.504,20220729,570686.0,1184074.0
3968.7565,4067.5841,3956.7941,4015.7615,20220801,783089.0,1199525.0
4005.4051,4028.4824,3946.35,4021.4235,20220802,607652.0,1181936.0
4019.7456,4061.8316,3960.3035,3992.284,20220803,605036.0,1174435.0
4015.6119,4015.6119,3915.6236,3920.3011,20220804,600514.0,1172146.0
3917.3754,4011.1707,3898.6526,3970.6522,20220805,538526.0,1170899.0
3964.9177,4082.0392,3952.5215,4066.1993,20220808,609450.0,1191496.0
4048.596,4082.0233,4005.4665,4015.7138,20220809,524410.0,1184355.0
4016.3167,4034.1682,3972.208,3990.5277,20220810,473050.0,1193946.0
4007.7993,4046.5745,3962.7241,4021.102,20220811,578089.0,1190462.0
4022.5099,4067.6675,4014.4769,4047.9243,20220812,441009.0,1191039.0
4034.3878,4091.7142,3972.0025,3990.5461,20220815,773133.0,1192244.0
3969.4491,4037.417,3950.9185,4007.557,20220816,452435.0,1181762.0
4014.2717,4026.9695,3861.3835,3862.0787,20220817,729918.0,1211845.0
3878.6607,3907.7698,3822.2339,3863.8772,20220818,707850.0,1228052.0
3866.5289,3880.9892,3769.7932,3774.3959,20220819,672643.0,1241893.0
3795.4245,3867.446,3769.4735,3850.4869,20220822,543141.0,1225043.0
3849.8823,3914.2115,3829.2011,3898.7184,20220823,470658.0,1190104.0
3897.2307,3941.5388,3893.4254,3941.0291,20220824,536682.0,1192990.0
3949.0624,3985.9772,3928.5747,3928.5747,20220825,645330.0,1174404.0
3916.8037,3994.1155,3915.3944,3980.7667,20220826,555583.0,1158335.0
4022.423,4034.718,3853.1583,3882.1182,20220829,834806.0,1139379.0
3882.5099,3882.5099,3787.2535,3792.31,20220830,740870.0,1141775.0
3797.0844,3836.3339,3793.3144,3823.084,20220831,593565.0,1133012.0
3832.9989,3870.3871,3766.4232,3778.5629,20220901,711421.0,1145231.0
3775.7936,3775.7936,3688.115,3744.8658,20220902,744891.0,1151234.0
3753.8639,3792.7238,3721.9436,3779.0309,20220905,593598.0,1138547.0
3776.1009,3812.1825,3762.1777,3799.5361,20220906,458058.0,1134392.0
3803.8554,3824.5586,3792.1188,3817.2333,20220907,76316.0,1147444.0
3793.4237,3842.2342,3789.7735,3824.0544,20220908,553538.0,1150039.0
3832.2176,3860.6894,3808.4222,3854.4604,20220909,545298.0,1161536.0
3861.727,3892.5046,3851.1696,3879.5691,20220913,329209.0,1148034.0
3865.5453,3865.9133,3777.6462,3814.7259,20220914,536075.0,1133309.0
3825.0497,3863.0995,3768.4189,3791.8495,20220915,634184.0,1127690.0
3786.403,3812.8661,3744.6056,3769.191,20220916,527900.0,1132820.0
3767.088,3819.5014,3756.4008,3759.6809,20220919,489709.0,1130264.0
3761.1763,3773.8423,3711.5347,3713.8611,20220920,516451.0,1138639.0
3743.3507,3743.3507,3681.1353,3715.0177,20220921,567737.0,1165028.0
3716.5723,3809.6845,3711.7473,3809.5746,20220922,669984.0,1124409.0
3811.2669,3835.1451,3802.6926,3818.8264,20220923,436254.0,1096341.0
3799.0583,3829.5474,3753.1282,3811.283,20220926,573058.0,1089475.0
3809.6152,3882.7207,3809.6152,3875.0048,20220927,616465.0,1100665.0
3873.7383,3903.9844,3853.9815,3860.9124,20220928,453333.0,1092954.0
3871.3401,3886.4443,3844.9416,3868.0366,20220929,488006.0,1085761.0
3872.7702,3876.5629,3813.5866,3827.0189,20220930,429752.0,1067938.0
3853.5543,3892.458,3851.0368,3872.5868,20221010,413655.0,1094755.0
3873.5608,3889.4214,3759.3553,3770.0251,20221011,724445.0,1101766.0
3780.4491,3782.0271,3715.6568,3758.7045,20221012,581608.0,1106490.0
3755.7626,3788.717,3706.0584,3710.3245,20221013,577649.0,1141760.0
3701.7363,3764.3567,3682.8961,3750.6157,20221014,467691.0,1128755.0
3747.2938,3755.7011,3656.0145,3675.9041,20221017,651496.0,1178548.0
3688.9199,3702.4617,3639.268,3675.8737,20221018,501072.0,1182824.0
3676.7673,3692.0282,3635.7162,3651.5459,20221019,472003.0,1201598.0
3652.4914,3655.8983,3593.1614,3600.1548,20221020,668852.0,1212383.0
3615.3369,3664.7435,3590.475,3637.4793,20221021,517342.0,1203028.0
3636.8297,3680.47,3618.2119,3643.2412,20221024,498236.0,1195407.0
3642.6,3642.6,3597.4576,3610.3204,20221025,519615.0,1205060.0
3608.7547,3654.3583,3594.1087,3614.016,20221026,500328.0,1192004.0
3613.1537,3657.4096,3599.7996,3600.5791,20221027,434461.0,1200254.0
3594.4615,3599.236,3502.616,3517.1068,20221028,710043.0,1244652.0
3519.0666,3530.8452,3437.8882,3444.0873,20221031,650747.0,1243590.0
3458.5487,3550.7908,3441.8409,3539.2638,20221101,562391.0,1214177.0
3537.5001,3573.9041,3518.9752,3551.9365,20221102,550948.0,1187345.0
3543.7084,3583.3143,3531.0538,3561.4119,20221103,448523.0,1159621.0
3555.1425,3642.1379,3547.6645,3623.9089,20221104,541351.0,1140140.0
3630.8151,3664.8186,3584.5963,3602.8865,20221107,590930.0,1105722.0
3604.7185,3629.5591,3584.8402,3627.3705,20221108,434288.0,1119432.0
3627.6244,3677.0885,3627.4483,3669.3515,20221109,523967.0,1123582.0
3659.4108,3660.5423,3605.0482,3615.2653,20221110,601049.0,1142304.0
3622.6506,3727.2364,3605.8,3705.9378,20221111,741269.0,1164203.0
3704.5249,3751.0277,3698.6984,3734.0326,20221114,573950.0,1148431.0
3727.3846,3762.6791,3727.3846,3762.2403,20221115,440830.0,1148199.0
3751.6311,3807.8512,3751.6311,3792.0486,20221116,456734.0,1160029.0
3798.511,3799.4386,3730.8972,3779.5307,20221117,526165.0,1151877.0
3770.4893,3792.139,3754.0605,3784.1672,20221118,453034.0,1159337.0
3781.9784,3789.4657,3706.1646,3734.0002,20221121,553549.0,1141467.0
3734.5303,3777.075,3718.151,3725.5176,20221122,491396.0,1149609.0
3726.8206,3756.8931,3712.7489,3742.436,20221123,417929.0,1150298.0
3738.8218,3804.4968,3737.7751,3755.9666,20221124,608370.0,1148793.0
3758.3391,3801.0384,3729.835,3798.9567,20221125,555087.0,1140204.0
3818.7204,3825.081,3768.1723,3802.2091,20221128,551537.0,1127326.0
3800.3575,3858.6974,3800.3533,3842.4249,20221129,606237.0,1154388.0
3844.6029,3854.9016,75.6374,3831.8395,20221130,546937.0,1146793.0
3852.5749,3884.0977,476.2972,3846.2154,20221201,564293.0,1172834.0
3852.0,3912.8169,695.8798,3898.4586,20221202,619863.0,1177147.0
3820.7975,3989.3981,3820.7975,3923.4782,20221205,871809.0,1159564.0
3930.4215,3938.7682,46.7218,3924.5838,20221206,592363.0,1162353.0
3913.2807,3958.7005,8.8512,3911.5741,20221207,686742.0,1171569.0
3914.8112,3958.4357,10.1699,3948.2179,20221208,440611.0,1185074.0
3955.3131,4049.6404,3955.3131,4035.6173,20221209,650473.0,1195433.0
4040.8366,4087.5239,4032.6225,4042.3513,20221212,495244.0,1182057.0
4043.8226,4072.0653,4001.866,4036.8912,20221213,491418.0,1178003.0
4037.4485,4075.2156,4027.3534,4071.545,20221214,437591.0,1192556.0
4071.401,4152.1753,4070.5266,4150.8592,20221215,513581.0,1184849.0
4150.4835,4214.1422,4043.0554,4108.1468,20221216,851326.0,1155839.0
4108.0353,4108.0353,3982.3241,3986.7879,20221219,801561.0,1100082.0
3985.8745,4020.1184,3964.3345,4001.6831,20221220,489131.0,1093390.0
3989.8137,4076.7584,3984.5608,4071.3725,20221221,388745.0,1101575.0
4066.4177,4089.2423,4020.509,4029.5123,20221222,416995.0,1090784.0
4024.5226,4061.4131,3993.3139,4048.374,20221223,446692.0,1082155.0
4047.867,4060.2927,3981.3437,4048.8332,20221226,495702.0,1067550.0
4047.2994,4106.5918,4037.9902,4091.5895,20221227,406037.0,1075269.0
4095.2804,4101.5228,4045.469,4075.6786,20221228,371201.0,1060394.0
4084.3703,4097.6508,4038.8763,4086.9209,20221229,406436.0,1054329.0
4085.0121,4162.9096,4085.0121,4140.0726,20221230,581161.0,1064481.0
4119.7485,4124.6171,4048.1791,4095.5345,20230103,409529.0,1037748.0
4098.9892,4109.1414,4059.8298,4075.9799,20230104,404262.0,1044196.0
4077.5501,4077.8994,4023.6267,4068.6037,20230105,466577.0,1037420.0
4088.8728,4172.6334,4088.0756,4159.3474,20230106,637077.0,1095544.0
4157.761,4193.5139,4130.8395,4140.4602,20230109,525488.0,1088377.0
4147.1207,4171.6294,4130.4633,4160.1949,20230110,311092.0,1091948.0
4148.2104,4192.8155,4135.74,4188.4902,20230111,364046.0,1097183.0
4175.2967,4183.6242,4130.1276,4176.7893,20230112,374592.0,1081286.0
4175.2844,4210.2337,4150.4652,4195.9814,20230113,402144.0,1101072.0
4176.1341,4177.1569,4114.9862,4127.0056,20230116,474108.0,1066926.0
4139.3133,4163.7237,4099.2873,4142.3161,20230117,302832.0,1046661.0
4146.9965,4200.6551,4146.9965,4188.0524,20230118,286933.0,1070685.0
