29225.816,30432.9667,26196.3233,26440.3219,20210108,99271.0,18067.0
25851.5498,26291.0001,25544.7119,25604.0537,20210111,27778.0,21072.0
25373.6778,25844.0798,24907.1838,25230.2929,20210112,43508.0,20569.0
25492.5047,25961.6372,25372.0137,25505.8909,20210113,17953.0,20609.0
25444.588,25755.8025,24451.7,24484.908,20210114,27387.0,22999.0
24748.0547,24748.0547,24080.0828,24327.0801,20210115,22871.0,23045.0
24412.1909,25355.9285,24398.623,24762.831,20210118,21896.0,22713.0
24814.2094,24992.4896,24523.4362,24642.9584,20210119,9595.0,22069.0
24635.401,24700.6728,24229.9764,24543.346,20210120,8542.0,21802.0
24537.7523,24794.6146,24441.3623,24504.5068,20210121,7182.0,21492.0
24506.2054,24646.5293,24193.3063,24226.2488,20210122,8615.0,21617.0
24201.1703,24894.445,24166.6239,24611.1435,20210125,12299.0,20809.0
24762.0375,25429.7304,24626.1761,25263.618,20210126,19418.0,21617.0
25303.5763,25341.8525,24945.5226,25010.9284,20210127,8909.0,21553.0
24907.9774,25258.6273,24727.037,24923.6327,20210128,9292.0,21075.0
25029.805,25324.2924,25010.0257,25253.3794,20210129,9424.0,21214.0
25279.7027,25594.1455,25116.4928,25365.2386,20210201,6871.0,22172.0
25379.9177,25687.2347,25000.5653,25071.8602,20210202,13011.0,22825.0
25034.977,25228.8201,24901.6987,25006.5944,20210203,7800.0,22620.0
25017.7652,25172.4077,24950.6967,25120.123,20210204,4560.0,22682.0
25174.4055,25816.788,25174.4055,25811.5405,20210205,9799.0,23655.0
25906.7154,27062.2009,25906.7154,26587.3407,20210208,16323.0,24606.0
26578.4746,26793.5648,26144.8933,26541.3145,20210209,7714.0,24081.0
26523.9099,26561.3136,26226.592,26417.3698,20210210,4901.0,24158.0
26648.9855,26793.7729,26363.4268,26745.2306,20210218,7028.0,25364.0
26841.649,28032.5764,26837.7415,27970.4331,20210219,18942.0,27175.0
27991.9201,29013.0536,27823.8499,28950.8164,20210222,19253.0,24885.0
28871.4647,28985.0268,27685.7162,28527.5022,20210223,18735.0,22556.0
28931.6562,29228.2143,28173.0247,28469.1202,20210224,11260.0,21339.0
28555.159,28657.2895,28219.1031,28452.713,20210225,8192.0,20507.0
28378.9861,28826.1996,28060.5718,28576.4598,20210226,10272.0,20287.0
28890.5735,28972.7541,28444.5064,28872.0724,20210301,7232.0,19769.0
28832.7407,28944.224,28262.4289,28489.5023,20210302,8382.0,19290.0
28650.0853,28740.441,28249.8584,28509.0651,20210303,4652.0,18862.0
28469.0371,28769.0343,28329.6059,28561.4651,20210304,4224.0,18477.0
28578.206,28578.206,27170.9899,28110.74,20210305,9598.0,18175.0
28236.0554,28499.8981,28064.6876,28213.1146,20210308,4398.0,17906.0
28171.6992,28218.9787,27540.9951,27606.4303,20210309,5656.0,18178.0
27649.6282,28014.1531,26935.8908,27800.1387,20210310,11197.0,18023.0
27714.6088,28405.5221,27568.3826,28246.3394,20210311,6744.0,17601.0
28383.5458,28526.9947,28150.6361,28354.312,20210312,3906.0,17254.0
28393.2612,28565.7867,27923.1987,28058.0789,20210315,5281.0,16712.0
28050.2304,28343.2089,27865.5172,28141.5989,20210316,2967.0,16242.0
28095.152,28432.1128,28027.3676,28308.6365,20210317,3161.0,16707.0
28200.3949,28310.2906,28048.0577,28155.8303,20210318,2831.0,15953.0
27975.0251,28252.6561,27843.6987,28160.3638,20210319,3103.0,15845.0
28115.2549,28135.6873,27629.021,27923.9229,20210322,4190.0,15616.0
27938.1836,27972.653,27666.0577,27829.5412,20210323,1869.0,15138.0
27734.4828,27883.5404,27579.363,27702.2994,20210324,2283.0,15021.0
27622.7776,27693.9738,27262.4441,27262.4441,20210325,3414.0,15255.0
27289.7676,27289.7676,26984.3044,26999.8509,20210326,3721.0,15354.0
26840.3857,26847.1979,26221.3239,26332.0206,20210329,6444.0,15758.0
26315.5149,26962.4237,26121.0409,26742.6843,20210330,5264.0,15753.0
26669.0996,26797.6489,26388.5341,26655.4724,20210331,3864.0,15230.0
26739.5513,27613.8848,26597.0073,27573.9428,20210401,7203.0,15862.0
27526.7654,27574.1042,27208.9747,27341.4856,20210402,3514.0,15051.0
27003.6662,27129.0746,26764.1991,26824.3621,20210406,2717.0,15049.0
26782.714,26806.9864,26352.2984,26520.0755,20210407,3942.0,15162.0
26465.688,26989.0868,26341.1667,26627.2415,20210408,2845.0,15126.0
26645.5434,26724.3644,26202.3998,26352.9448,20210409,3837.0,15118.0
26513.7714,27053.9191,26513.7714,26791.9408,20210412,4562.0,15066.0
26957.2444,27276.9201,26818.6633,27253.0562,20210413,3715.0,15151.0
27046.9384,27344.2094,27030.9167,27062.5132,20210414,2585.0,14963.0
26991.7211,27116.0575,26831.712,26869.2583,20210415,2474.0,15019.0
26754.9417,26805.5616,26497.2681,26636.7439,20210416,3870.0,15144.0
26603.0943,26906.8038,26538.3441,26847.4952,20210419,2839.0,15165.0
26828.3878,27061.464,26806.3122,26808.1035,20210420,1904.0,15175.0
26733.7096,26884.8667,26469.7557,26880.6995,20210421,1910.0,15297.0
26833.0499,26995.3613,26782.5828,26870.5344,20210422,1945.0,15325.0
26888.6076,27612.0237,26870.3226,27363.5347,20210423,6968.0,16607.0
27334.2598,27334.2598,26940.6267,26981.8194,20210426,3881.0,15829.0
26980.9727,26993.2262,26476.9,26696.6162,20210427,2908.0,15502.0
26575.0068,26939.2251,26565.744,26844.7643,20210428,2237.0,15335.0
26815.8969,26962.6298,26678.8445,26901.8491,20210429,1930.0,15586.0
26885.4328,27055.5164,26785.2571,26864.7924,20210430,2194.0,15389.0
26682.5661,26769.5054,26098.3238,26330.0493,20210506,6085.0,16344.0
26371.4143,26568.1738,26176.4439,26513.8384,20210507,3116.0,16103.0
26361.2086,26372.585,24682.723,24696.9081,20210510,12519.0,17617.0
24647.4762,24793.5556,24457.8899,24580.9357,20210511,7599.0,17832.0
24650.2847,25015.1892,24630.4718,24834.3628,20210512,6391.0,17507.0
24802.0635,24803.5489,24365.7358,24622.3156,20210513,5492.0,17039.0
24611.2375,24622.4322,24056.5416,24492.6452,20210514,8316.0,17511.0
24464.8821,24508.1645,24308.75,24422.8882,20210517,3154.0,17506.0
24429.0772,24554.9906,24019.2049,24102.2095,20210518,6602.0,18925.0
24075.8806,24075.8806,23242.8166,23242.8166,20210519,10953.0,21769.0
23142.211,23422.0145,22737.8489,23096.5614,20210520,9976.0,21865.0
23033.2091,23622.3739,22950.3591,23360.612,20210521,8841.0,21601.0
23364.1265,23484.7557,22955.8536,23352.45,20210524,6437.0,22053.0
23406.0884,23646.6343,22986.0938,23197.6691,20210525,6986.0,22296.0
23130.0047,23130.0047,22496.5149,22510.348,20210526,9108.0,24356.0
22428.2986,22428.2986,21776.4129,21806.5252,20210527,11865.0,25967.0
21836.3618,22479.421,21673.7152,21696.8733,20210528,8773.0,26536.0
21715.7839,21805.8681,21304.4783,21363.5281,20210531,11408.0,27771.0
21460.2315,21554.6576,21140.5473,21169.4754,20210601,10300.0,29425.0
21160.0696,21288.9813,20770.5507,20838.9657,20210602,13370.0,31996.0
20802.0657,20802.0657,19776.7409,20194.7737,20210603,25840.0,36144.0
20081.4914,20081.4914,19551.027,19554.1927,20210604,24580.0,40198.0
19417.4186,20003.8201,19111.2641,19768.2979,20210607,35870.0,42110.0
19885.9191,20080.402,19523.6725,19533.9091,20210608,22302.0,43777.0
19479.458,20233.5291,19360.526,19859.2428,20210609,39516.0,45540.0
19779.0547,20026.0099,19615.2913,19659.7599,20210610,19620.0,48313.0
19685.4772,19813.9752,19530.0679,19557.3654,20210611,14974.0,47705.0
19247.2459,19309.8377,18718.3673,18811.8823,20210615,30221.0,51747.0
18839.5226,19176.8503,18815.5893,18888.3393,20210616,23390.0,52970.0
18837.1222,19026.7344,18427.2631,18468.7147,20210617,27286.0,57732.0
18294.2454,18417.2483,17710.8143,17719.4915,20210618,36797.0,62750.0
17561.6177,17574.7336,16910.206,16923.5874,20210621,47076.0,69150.0
16919.7293,17540.8293,16880.9219,17295.8604,20210622,55961.0,68883.0
17336.7578,18326.0904,17336.7578,18314.0514,20210623,62585.0,63404.0
18301.2197,18444.6478,17853.3546,17976.2827,20210624,50022.0,63851.0
18109.7256,18952.3118,18097.708,18940.4301,20210625,54911.0,59651.0
19488.441,19619.4979,18655.6486,18901.9588,20210628,66324.0,62016.0
18824.356,19140.0319,18809.5028,19106.6833,20210629,32518.0,60880.0
19073.4777,19228.6437,18969.065,19125.8602,20210630,29171.0,60375.0
19246.6482,19308.1156,18580.7667,18684.2354,20210701,41637.0,61900.0
18791.6841,18791.6841,18347.9656,18440.8723,20210702,34054.0,61132.0
18567.6278,18882.3444,18533.4648,18666.9508,20210705,30085.0,61171.0
18691.3991,18896.5229,18669.1171,18859.6912,20210706,19392.0,59021.0
18796.372,18928.4783,18420.909,18601.5091,20210707,27830.0,60769.0
18652.3283,18813.4093,18534.9733,18761.4364,20210708,19456.0,57754.0
18819.1887,18976.6289,18779.3613,18973.2524,20210709,16154.0,57350.0
18838.1672,18878.13,18689.4223,18692.3794,20210712,19926.0,57293.0
18670.065,18708.05,18253.8309,18286.3919,20210713,25481.0,62044.0
18285.8221,18374.7859,17972.6566,18222.8892,20210714,29374.0,62767.0
18131.9462,18310.4959,18054.9341,18198.3817,20210715,15948.0,62558.0
18193.79,18445.4008,18174.8469,18441.6652,20210716,16377.0,60356.0
18513.9475,18715.2779,18378.7246,18654.5866,20210719,22149.0,61159.0
18622.6301,18895.8832,18622.6301,18772.0983,20210720,24149.0,59787.0
18859.6439,18917.2454,18630.6186,18706.4784,20210721,17165.0,59272.0
18655.7197,18681.8066,18487.5268,18488.4552,20210722,14227.0,59312.0
18454.7948,18511.8152,18252.9958,18393.1485,20210723,18008.0,61525.0
18572.8995,18614.4791,18375.6246,18529.3707,20210726,17619.0,59157.0
18508.3366,18552.1661,18411.062,18474.3358,20210727,10904.0,58618.0
18537.9717,18537.9717,18391.1511,18442.3749,20210728,8402.0,57839.0
18506.9112,18621.7908,18460.479,18557.3476,20210729,15399.0,59481.0
18577.6681,18668.1598,18531.5421,18574.5592,20210730,16324.0,58536.0
18491.2678,18491.2678,18147.291,18171.9777,20210802,21734.0,59751.0
18114.0541,18275.2663,17920.407,18079.3846,20210803,24427.0,63736.0
18060.5093,18166.3575,17869.1499,17878.4927,20210804,23725.0,66961.0
17843.2032,17865.3604,17713.1188,17755.3018,20210805,20128.0,69228.0
17696.9278,17925.5696,17686.3449,17896.1761,20210806,18205.0,70007.0
17949.8641,18057.4534,17799.4282,17815.3104,20210809,16823.0,70106.0
17801.8242,17826.2291,17490.4026,17497.3938,20210810,21815.0,72288.0
17489.439,17679.5287,17372.3742,17622.2978,20210811,21766.0,73355.0
17525.5545,17648.014,17511.2669,17619.587,20210812,19454.0,71822.0
17599.6332,17658.5657,17385.6755,17431.4758,20210813,19052.0,73618.0
17468.6093,17536.7466,17224.8132,17241.1578,20210816,24796.0,74981.0
17255.0497,17290.3138,17097.8717,17219.4965,20210817,22554.0,73787.0
17181.6376,17291.382,16980.0343,16991.4529,20210818,22928.0,75364.0
16965.6109,16965.6109,16572.0623,16674.9546,20210819,32633.0,74347.0
16694.0251,17101.8792,16679.8974,16981.0389,20210820,31838.0,72955.0
16668.2417,16786.1346,16428.4707,16457.4066,20210823,32057.0,76282.0
16446.4136,16488.5341,16267.686,16369.6185,20210824,27827.0,77765.0
16387.9075,16472.2504,16237.9494,16391.7362,20210825,27437.0,78949.0
16378.843,16613.9793,16363.1745,16525.9585,20210826,23702.0,76557.0
16537.3797,16594.6329,16418.2326,16546.5697,20210827,16680.0,75615.0
16432.2162,16432.4598,16031.7854,16050.7532,20210830,32080.0,80274.0
16213.4076,16424.0094,16213.3284,16300.4607,20210831,29356.0,77783.0
16338.4064,16411.3968,15874.1847,16074.7198,20210901,32467.0,81341.0
16035.8872,16130.127,15605.7765,15643.9639,20210902,30885.0,85113.0
15648.7056,15854.0558,15473.0207,15667.7388,20210903,36427.0,87358.0
15630.959,15714.5985,15414.1641,15565.8861,20210906,23863.0,87962.0
15629.5294,15697.0048,15488.982,15529.3684,20210907,20404.0,87945.0
15526.1593,15558.0373,15229.9436,15240.8867,20210908,22960.0,89777.0
15148.4435,15148.4435,14726.0833,14753.542,20210909,38064.0,93576.0
14648.0074,15057.3843,14583.5952,14869.8867,20210910,44731.0,94496.0
14864.345,14943.1926,14555.2895,14594.1147,20210913,44620.0,95749.0
14627.8146,14751.2493,14459.8386,14487.1604,20210914,44453.0,100084.0
14437.7081,14493.4141,14125.6483,14127.6162,20210915,41309.0,101592.0
14171.7516,14744.5366,13794.799,14490.9418,20210916,97680.0,100349.0
14474.1183,14640.563,14153.1007,14179.4067,20210917,56463.0,101957.0
13980.6051,14074.1187,13653.5457,13780.893,20210922,44657.0,103844.0
13765.0602,13865.0031,13516.5795,13626.5126,20210923,53777.0,107711.0
13550.5222,13841.8829,13481.52,13752.7763,20210924,55687.0,110966.0
13716.5682,14433.1348,13681.8593,14411.5808,20210927,78186.0,106761.0
14380.4289,14592.6755,14050.8412,14065.2782,20210928,62210.0,109255.0
14048.7534,14173.6397,13816.2235,14000.6307,20210929,50536.0,109241.0
13938.5227,14262.1522,13925.2043,14051.0774,20210930,44112.0,109088.0
14117.2006,14437.5695,14085.5933,14375.933,20211008,51379.0,110183.0
14580.9859,15510.5734,14548.6896,15503.89,20211011,84570.0,105851.0
15652.3107,15905.4557,15262.4216,15469.7895,20211012,90115.0,104043.0
15756.1284,16101.3254,15099.002,15519.7622,20211013,94981.0,103249.0
15478.9865,15509.4051,14879.0814,14888.6508,20211014,63242.0,107679.0
14919.6422,15353.4464,14908.5167,15297.0345,20211015,54706.0,105822.0
15863.5349,16056.4523,15687.9713,15858.4918,20211018,64208.0,99862.0
15817.8087,16275.6825,15686.6408,16206.5306,20211019,63724.0,99219.0
16170.1332,16387.3048,15731.5513,16027.5926,20211020,57182.0,98065.0
16030.4054,16197.0144,15591.868,15648.5476,20211021,63779.0,101373.0
15673.74,15994.2593,15669.5816,15985.9545,20211022,53104.0,99385.0
16884.6219,17083.955,16462.1187,16645.6389,20211025,103446.0,95216.0
16522.4931,16719.7369,16361.3279,16710.2355,20211026,48784.0,95665.0
16715.5138,16897.486,16511.4025,16817.5477,20211027,53443.0,95693.0
16813.0836,16935.4439,16263.8566,16628.7427,20211028,67789.0,93320.0
16644.5329,16756.7739,16152.151,16193.8203,20211029,63845.0,98092.0
16264.2982,16285.0099,15562.9534,15589.387,20211101,61040.0,101597.0
15600.5447,16002.0361,15430.5468,15905.0849,20211102,65052.0,100889.0
15926.01,16060.6223,15809.1755,15924.4415,20211103,44459.0,101148.0
15965.7238,16212.0465,15736.2056,16189.1152,20211104,47815.0,100833.0
16194.4751,16267.7387,15967.821,16136.839,20211105,45658.0,102015.0
16222.7648,16346.1166,15704.5321,15735.4985,20211108,52309.0,106909.0
15764.331,15833.4103,15426.0494,15556.8107,20211109,44973.0,109396.0
15522.8359,15660.0408,15322.2561,15563.7337,20211110,36536.0,109905.0
15536.7927,15576.4772,15369.006,15375.0732,20211111,30919.0,111808.0
15394.6213,15580.8829,15301.8766,15562.6424,20211112,35704.0,110076.0
15759.9402,15989.6834,15748.4378,15921.1671,20211115,43117.0,108311.0
15922.4918,16009.7078,15549.7961,15597.5648,20211116,39144.0,109733.0
15615.0451,15615.0451,15458.8524,15513.8766,20211117,26489.0,109894.0
15500.3123,15715.9536,15452.0299,15635.7435,20211118,25873.0,108688.0
15667.9717,15762.3769,15614.3702,15757.6242,20211119,22537.0,107570.0
15860.5488,15869.015,15546.1444,15568.5414,20211122,30362.0,111502.0
15596.9541,15735.986,15550.5648,15653.9106,20211123,24071.0,108704.0
15696.1154,15869.1193,15688.3596,15864.2098,20211124,28358.0,107932.0
15885.1487,16110.077,15885.1487,16059.8256,20211125,34087.0,106150.0
16091.9869,16148.9147,15853.1334,15937.5167,20211126,30350.0,105430.0
15699.2543,15699.2543,15275.6264,15340.8332,20211129,45950.0,111377.0
15275.4046,15451.7916,15237.6807,15332.3325,20211130,29058.0,109822.0
15342.1606,15469.5125,15313.9735,15399.0508,20211201,21774.0,108967.0
15367.7473,15392.6308,15023.5074,15041.4967,20211202,34558.0,116816.0
15039.2774,15139.5111,14932.0921,14949.3672,20211203,29630.0,118038.0
14962.3788,15093.7102,14826.2553,14858.0391,20211206,38384.0,120525.0
14834.4225,14965.8819,14733.5467,14782.9784,20211207,32679.0,121876.0
14790.6171,14823.6128,14509.3536,14574.778,20211208,35237.0,122336.0
14578.0099,14839.1018,14500.5177,14770.911,20211209,38299.0,119321.0
14761.2814,14893.0744,14617.4216,14858.1013,20211210,42284.0,116534.0
14677.0031,15027.3131,14605.0048,14958.2524,20211213,44586.0,113404.0
14923.0619,15085.3076,14783.8332,14818.6541,20211214,31346.0,113754.0
14843.548,14945.4755,14800.993,14850.372,20211215,20947.0,112052.0
14896.8194,14959.8706,14837.8271,14870.0738,20211216,17557.0,112035.0
14885.7354,14953.7234,14590.7515,14656.7675,20211217,32313.0,114784.0
14643.1025,14678.5062,14511.5484,14549.6339,20211220,23410.0,113758.0
14528.2094,14744.6286,14470.7968,14666.6207,20211221,24352.0,113719.0
14687.399,14718.4901,14560.9338,14592.4767,20211222,17643.0,115186.0
14609.95,15004.567,14583.5126,14991.8509,20211223,34275.0,112011.0
15002.6558,15152.0019,14967.4815,15074.4099,20211224,34864.0,109274.0
15104.0749,15288.5817,14992.8186,15021.6073,20211227,31557.0,109562.0
15015.1419,15168.7129,14912.9631,15104.3044,20211228,27093.0,108446.0
15095.8898,15132.9224,15019.1315,15050.3754,20211229,14989.0,105908.0
15050.8427,15148.1619,14953.5021,15042.0665,20211230,23505.0,104616.0
15044.9793,15130.0459,14986.3742,15100.7022,20211231,20544.0,100692.0
15009.6504,15065.9672,14861.9065,14917.6946,20220104,25401.0,104349.0
14879.1875,15244.7124,14879.1875,15149.1013,20220105,32363.0,106442.0
15172.8289,15240.1774,14990.0947,15014.786,20220106,25362.0,109933.0
15049.34,15132.8431,14891.3699,14917.3093,20220107,26037.0,112174.0
14762.1269,14783.6634,14524.2839,14538.0518,20220110,41206.0,118499.0
14510.1378,14691.4651,14483.9993,14625.9605,20220111,32761.0,119339.0
14637.9745,14842.6939,14632.7843,14719.5878,20220112,32163.0,116723.0
14729.5065,14763.0366,14606.7505,14627.0998,20220113,23682.0,116476.0
14628.6983,14772.1125,14571.0278,14662.9187,20220114,20836.0,115975.0
14680.819,14818.1017,14615.2285,14650.8322,20220117,24054.0,117477.0
14664.9164,14760.3373,14655.5955,14714.4343,20220118,19976.0,116222.0
14728.3809,14834.7689,14668.8987,14683.9304,20220119,21025.0,116642.0
14747.5691,14781.0048,14687.291,14719.5224,20220120,17651.0,116066.0
14783.4886,14815.3981,14727.9907,14745.467,20220121,17550.0,114411.0
14692.8643,14692.8643,14366.7434,14389.3543,20220124,36028.0,119789.0
14393.0837,14455.4468,14349.8368,14377.1336,20220125,23131.0,118492.0
14393.1213,14407.8217,14307.4319,14358.3664,20220126,20151.0,119017.0
14366.04,14416.8484,14157.8998,14165.1181,20220127,32515.0,117232.0
14170.1543,14546.93,14138.1482,14440.2468,20220128,36294.0,114200.0
14530.9062,14852.5458,14419.5058,14782.4297,20220207,40484.0,115321.0
14761.9944,14992.0443,14645.9357,14880.5959,20220208,42801.0,119197.0
14813.2493,14910.6829,14625.8345,14638.9625,20220209,38483.0,123196.0
14622.3225,14753.885,14488.9779,14711.7298,20220210,42750.0,126070.0
14671.6558,14901.0348,14629.1394,14802.2222,20220211,46001.0,124210.0
14802.116,14857.0992,14556.3254,14604.3954,20220214,34460.0,124170.0
14565.0224,14588.428,14422.8587,14506.2536,20220215,44466.0,124316.0
14509.9648,14739.2204,14476.7634,14685.9777,20220216,30082.0,122413.0
14727.9367,14858.8283,14666.014,14773.8504,20220217,29078.0,119008.0
14790.9334,14808.5465,14618.8434,14648.9459,20220218,27772.0,119992.0
14673.2692,14767.0236,14470.279,14480.7283,20220221,30529.0,121639.0
14495.6915,14505.7417,14340.7753,14393.643,20220222,38383.0,120003.0
14403.603,14656.9827,14399.4695,14547.2962,20220223,33467.0,116379.0
14535.8409,14897.7599,14499.0592,14893.4834,20220224,40387.0,112591.0
14849.9156,15078.8877,14814.1387,15078.8495,20220225,35338.0,107081.0
15111.7672,15500.1377,15089.3645,15487.7195,20220228,47190.0,103474.0
15562.5169,15632.2983,15325.8326,15345.8032,20220301,36131.0,105688.0
15402.3856,15567.2906,15358.7975,15429.6996,20220302,28823.0,105761.0
15478.909,15478.909,15164.3969,15179.0166,20220303,32685.0,106833.0
15197.5395,15270.8764,15112.5765,15182.0979,20220304,26901.0,107664.0
15109.5596,15189.614,14945.2697,15008.1103,20220307,46324.0,111522.0
15102.6137,15140.9895,14866.8795,14981.996,20220308,41447.0,109736.0
15013.1383,15432.3523,14994.6091,15261.5782,20220309,45096.0,109084.0
15278.2353,15523.0104,15233.1122,15276.9196,20220310,45372.0,112233.0
15263.0676,15346.4913,14986.5498,15028.2339,20220311,40950.0,115418.0
14944.0203,14981.1293,14765.4466,14788.7012,20220314,40085.0,116989.0
14772.1079,14897.3792,14416.0627,14548.431,20220315,54705.0,113500.0
14550.0975,14672.0654,14357.7909,14435.7297,20220316,44409.0,115356.0
14406.507,14430.9358,14152.9668,14259.2208,20220317,46603.0,117557.0
14245.4217,14515.3333,14245.4217,14342.6313,20220318,52297.0,118790.0
14425.7284,14920.0157,14424.0006,14876.9788,20220321,58528.0,116000.0
14946.0665,15043.2672,14738.6669,14816.1411,20220322,49487.0,118802.0
14815.3419,14868.0554,14666.5732,14688.3084,20220323,34590.0,120620.0
14701.0525,14850.875,14693.2296,14764.3833,20220324,34665.0,122296.0
14798.9163,14894.0001,14595.028,14677.6568,20220325,37376.0,123348.0
14652.4824,14718.4238,14560.7543,14715.3978,20220328,32548.0,124747.0
14744.9522,15289.8656,14743.9915,15243.0973,20220329,64514.0,123787.0
15241.9347,15309.9837,15119.4029,15247.6945,20220330,40783.0,121311.0
15262.72,15529.0139,15251.046,15442.6277,20220331,49136.0,118566.0
15486.9601,15592.3266,15149.631,15351.4534,20220401,49431.0,117591.0
15344.396,15382.2625,15226.3409,15255.4737,20220406,26484.0,117619.0
15252.6887,15346.289,15171.7779,15328.0725,20220407,22941.0,118564.0
15287.0634,15374.122,15169.5075,15235.5816,20220408,23426.0,118573.0
15201.5524,15273.7337,14902.1738,15003.4871,20220411,39731.0,118138.0
15033.4446,15293.4443,15007.0044,15241.1208,20220412,33653.0,115907.0
15245.9848,15354.0836,15217.0864,15323.7887,20220413,23416.0,114921.0
15373.2775,15380.9559,15172.975,15318.0068,20220414,26898.0,114714.0
15313.0633,15430.5678,15281.7108,15389.2578,20220415,23771.0,111203.0
15597.2499,16740.1838,15596.2201,16653.9899,20220418,75488.0,107904.0
16725.9646,17159.3209,16716.9523,17080.5216,20220419,74879.0,103362.0
17197.8386,17382.9275,16897.4007,16970.2212,20220420,68844.0,105066.0
16856.4926,17180.3054,16818.1167,17008.6304,20220421,43755.0,103449.0
16970.5821,17311.2546,16876.9671,17283.1207,20220422,43974.0,104588.0
17709.3364,17860.2405,17595.685,17823.6643,20220425,55518.0,100707.0
17839.3375,17911.1705,17621.8077,17846.272,20220426,34017.0,98367.0
17800.6985,18162.9917,17752.3595,18118.0319,20220427,37888.0,98992.0
18110.4299,18153.9377,17889.8662,18092.7281,20220428,35702.0,93764.0
18071.2186,18340.6211,18059.5567,18337.2245,20220429,39409.0,90873.0
18225.6077,18404.8781,18093.4252,18253.7123,20220505,36374.0,90517.0
18228.628,18315.7641,18159.4877,18307.5027,20220506,19755.0,90070.0
18531.5479,18922.9994,18531.5479,18874.2339,20220509,49191.0,98412.0
18771.6355,18840.5602,18608.3457,18707.9428,20220510,30720.0,96360.0
18710.5966,19082.0495,18710.5966,19042.4052,20220511,31973.0,98949.0
19077.4735,19177.1836,18964.2837,19065.3762,20220512,27544.0,99061.0
19079.5061,19533.4484,19079.5061,19480.0251,20220513,37823.0,102233.0
19511.4273,19750.7484,19424.6729,19684.9896,20220516,32936.0,103334.0
19696.5566,19813.331,18816.4923,18835.92,20220517,75323.0,100990.0
18996.7064,19167.7931,18851.2855,19047.6758,20220518,39731.0,98520.0
19061.9263,19332.6607,18897.1665,19083.8253,20220519,37100.0,97755.0
19076.6433,19158.2511,18945.3978,19099.6058,20220520,23077.0,96376.0
19098.5786,19277.0421,19098.5786,19157.1144,20220523,20155.0,96992.0
19176.0764,19212.6109,18905.6293,19082.6705,20220524,24796.0,95252.0
19158.859,19217.1913,19085.1442,19128.3878,20220525,16239.0,94078.0
19097.3368,19107.472,18733.4649,18798.7223,20220526,29096.0,95024.0
18803.6732,18954.4415,18707.8413,18880.53,20220527,27389.0,95053.0
18882.7749,19053.5567,18645.3587,19032.9424,20220530,29283.0,96682.0
18994.7674,19222.8338,18930.9808,19211.3046,20220531,28746.0,97723.0
19157.0335,19196.6596,19032.713,19102.9268,20220601,16273.0,97574.0
19098.8637,19183.7981,18950.469,19118.1763,20220602,22154.0,99128.0
19137.8122,19367.2787,19109.1028,19300.4892,20220606,22211.0,99667.0
19299.5933,19333.2063,18839.5517,18872.5441,20220607,31490.0,98957.0
18933.1287,18966.5114,18790.4078,18872.7733,20220608,20742.0,98172.0
18867.192,19002.8586,18854.1088,18931.7107,20220609,15120.0,97501.0
18939.1508,18979.4192,18748.3611,18909.7523,20220610,26613.0,98286.0
19175.5799,19434.3166,19175.5799,19305.7682,20220613,37589.0,99525.0
19317.2663,19553.4678,19228.5346,19510.0714,20220614,29467.0,100925.0
19471.4955,19587.0503,19425.3853,19524.5557,20220615,20341.0,100784.0
19494.904,19507.5649,19382.0908,19448.8007,20220616,18063.0,101262.0
19443.2263,19705.4797,19363.2112,19662.9728,20220617,27363.0,104560.0
19732.6343,19878.6341,19655.5673,19850.9028,20220620,25862.0,104794.0
19915.2909,20007.2794,19763.17,19870.4602,20220621,25337.0,105287.0
19919.643,20064.4696,19465.8486,19596.5233,20220622,43296.0,103987.0
19665.6599,19965.8297,19487.4967,19916.8886,20220623,31071.0,103335.0
19907.5282,19916.3849,19755.0187,19817.1039,20220624,20993.0,102473.0
20094.2311,20697.0209,20093.7016,20533.7388,20220627,52941.0,106309.0
20681.1444,20789.7865,20293.0187,20336.9001,20220628,43092.0,105046.0
20496.1714,20518.6837,20182.6937,20372.6677,20220629,30927.0,104333.0
20394.7485,20580.5366,20371.0783,20530.5098,20220630,23385.0,103294.0
20513.64,20840.499,20333.7083,20836.3346,20220701,44750.0,107497.0
21316.5179,22269.3722,21126.4669,21925.3351,20220704,107554.0,107481.0
21603.1446,21922.8521,21302.7105,21575.0653,20220705,69009.0,106356.0
21161.1287,21272.3941,20683.4115,20956.3554,20220706,76513.0,103003.0
20881.6913,21799.047,20863.8584,21690.4779,20220707,65879.0,104589.0
21798.0359,22474.8901,21788.8529,22432.5346,20220708,69953.0,107080.0
22066.0891,22353.8803,21612.8925,22274.7761,20220711,67847.0,102455.0
22271.5112,22745.2555,22059.3626,22222.4517,20220712,60450.0,102269.0
22157.3028,22449.4489,21957.1984,22297.2002,20220713,41346.0,102046.0
22205.0906,22456.74,21963.5556,22103.6218,20220714,54809.0,103030.0
21995.9026,21995.9026,21115.9147,21146.7054,20220715,60341.0,100315.0
21406.9779,21767.1593,21222.772,21736.4682,20220718,45277.0,99380.0
21814.2442,21900.3577,21463.6425,21608.5386,20220719,31995.0,97745.0
21581.8676,21581.8676,20976.2972,21227.2688,20220720,46807.0,97200.0
21113.8973,21318.9572,20794.4766,20893.8522,20220721,43451.0,94990.0
20950.7992,21185.4546,20776.6065,21182.2156,20220722,44391.0,92853.0
20835.9098,20838.1109,20518.9081,20587.6198,20220725,38626.0,91041.0
20452.9919,20777.8799,20382.8891,20543.1004,20220726,34183.0,90549.0
20428.3803,21000.0786,20372.3131,20979.804,20220727,36740.0,93160.0
20991.3263,21384.5737,20991.3263,21291.5378,20220728,42314.0,93165.0
21366.5825,21489.2365,21110.3131,21247.0595,20220729,38416.0,90843.0
21278.3643,21397.1421,20910.9072,21038.6123,20220801,32681.0,90570.0
20977.7285,21252.4556,20887.4469,21173.0826,20220802,24015.0,89849.0
21054.2222,21181.7715,20861.8958,20920.4008,20220803,22258.0,89236.0
20859.6663,20991.9536,20741.7594,20918.5475,20220804,26116.0,88438.0
20923.2836,21215.3204,20864.1295,21205.6683,20220805,23518.0,89305.0
21044.0008,21124.1832,20677.9123,20686.9382,20220808,40722.0,89735.0
20689.3837,20929.4793,20362.6374,20818.2905,20220809,38983.0,87969.0
20705.9075,20786.3253,20582.7368,20674.764,20220810,18127.0,87485.0
20694.0454,20779.1673,20577.2802,20644.9964,20220811,18866.0,86344.0
20617.9623,20774.8849,20536.1045,20707.1092,20220812,19020.0,86065.0
20700.2587,21206.4915,20700.1916,21124.3364,20220815,29491.0,87103.0
21202.0668,21509.7951,21096.3455,21438.3606,20220816,26409.0,87851.0
21483.3436,21574.8106,21344.3273,21414.5055,20220817,21981.0,86613.0
21449.9184,21517.0657,21327.05,21411.8361,20220818,15190.0,86157.0
21382.3158,21707.1286,21335.0009,21634.9134,20220819,25449.0,86600.0
21836.1952,22150.1133,21738.0865,22115.1899,20220822,33612.0,90256.0
22224.045,22291.6867,22047.5746,22157.1701,20220823,25791.0,88436.0
22143.2569,22270.4912,21980.627,22116.2856,20220824,26173.0,88114.0
22157.2501,22539.1652,22102.1398,22525.6628,20220825,32661.0,90493.0
22507.5993,22643.6588,22400.3122,22642.8234,20220826,24650.0,90138.0
22794.2239,22839.2506,22077.8559,22623.9673,20220829,42575.0,87961.0
22524.158,22642.1503,22398.7369,22632.2153,20220830,26687.0,85775.0
22604.7225,22703.1531,22416.0625,22418.7974,20220831,25583.0,83441.0
22444.0627,22545.4832,22268.7579,22383.6686,20220901,25366.0,82392.0
22312.0525,22398.398,22030.1331,22054.7506,20220902,32116.0,78615.0
22282.2674,22543.3208,22174.2443,22296.8594,20220905,30229.0,79617.0
22297.6967,22339.594,21964.3761,21974.7651,20220906,20021.0,78022.0
21993.8433,22287.6019,21725.6267,22250.7544,20220907,28145.0,78712.0
22224.8954,22251.9203,21936.957,21938.9412,20220908,20198.0,77654.0
21973.9758,22061.8308,21861.9321,22007.9373,20220909,16343.0,76081.0
22214.8518,22378.1715,22117.382,22192.9943,20220913,21697.0,77028.0
22161.0949,22333.0334,22136.1009,22232.0259,20220914,13891.0,77182.0
22240.3664,22255.7982,21996.7095,22158.223,20220915,18523.0,77390.0
22162.6052,22432.8563,22162.6052,22229.552,20220916,26784.0,78450.0
22343.4419,22446.5546,22185.8744,22239.8304,20220919,21561.0,79236.0
22255.3327,22276.7819,21753.2647,21774.1558,20220920,32811.0,79478.0
21794.9462,21918.3402,21632.1207,21678.9927,20220921,22919.0,78341.0
21723.1163,21846.7481,21321.4393,21329.84,20220922,30556.0,80140.0
21368.9783,21513.8423,21198.9997,21447.2622,20220923,29076.0,79734.0
21351.2856,21372.1243,20872.7015,20997.4983,20220926,28451.0,79621.0
20992.4233,21450.7824,20827.6209,21409.0384,20220927,30863.0,76133.0
21377.0573,21485.1371,21222.0716,21391.692,20220928,19467.0,75453.0
21450.0268,21470.3636,21224.5714,21335.5853,20220929,15072.0,75098.0
21330.7962,21491.5169,21210.2175,21452.3289,20220930,19769.0,72889.0
22393.6462,22542.667,22132.5762,22396.6485,20221010,38500.0,76581.0
22454.7186,22505.5363,22182.8266,22492.0643,20221011,26471.0,75995.0
22534.522,22790.228,22459.7323,22559.0865,20221012,35609.0,77626.0
22648.6339,22648.6339,22510.157,22595.5443,20221013,17282.0,77416.0
22678.9766,22821.9133,22240.4885,22510.557,20221014,33578.0,77848.0
22082.6148,22408.4863,22006.7292,22374.2844,20221017,29619.0,79107.0
22448.9886,22737.9539,22355.9775,22735.0082,20221018,27856.0,82993.0
22701.3059,22711.5909,22281.3918,22296.3537,20221019,33506.0,81951.0
22215.4226,22399.2147,22021.7289,22128.1679,20221020,30452.0,80393.0
22096.2947,22280.6595,22032.6949,22234.7558,20221021,21029.0,81822.0
21985.8785,22015.9455,21454.4004,21466.6107,20221024,36162.0,81621.0
21452.6801,21847.5823,21411.7188,21816.3748,20221025,31721.0,80156.0
21674.2184,21738.589,21317.2276,21334.5418,20221026,30276.0,79329.0
21430.7672,21497.2957,21149.2899,21272.4458,20221027,25236.0,79807.0
21207.7506,21209.1585,20747.7042,20872.6225,20221028,32454.0,80371.0
21098.5172,21289.6929,20648.5111,20823.8824,20221031,41075.0,81784.0
20785.5472,20892.7271,20531.0742,20658.6673,20221101,33910.0,83405.0
20666.8306,21196.4051,20596.0726,21165.776,20221102,32563.0,82416.0
21101.5856,21127.1507,20785.7973,20903.8,20221103,23793.0,81504.0
20891.0125,21257.4437,20887.8744,21021.5198,20221104,31649.0,82803.0
20978.6094,21068.0366,20821.8405,21050.4443,20221107,20107.0,82285.0
21002.5616,21007.5753,20399.697,20399.697,20221108,37619.0,86707.0
20282.4428,20353.5895,20051.2525,20150.7685,20221109,34464.0,87291.0
20353.3647,20466.5097,19987.3809,20084.0018,20221110,28372.0,87033.0
20194.4403,20507.1902,20112.022,20377.871,20221111,35217.0,86041.0
20443.6484,20493.3463,20176.0426,20340.3594,20221114,25623.0,86998.0
20322.4535,20514.0369,20203.1971,20483.8721,20221115,23476.0,86326.0
20423.2736,20463.5505,20155.0014,20395.7158,20221116,31108.0,87834.0
20436.7598,20487.8663,20172.8108,20245.9346,20221117,21622.0,87244.0
20189.8169,20321.5246,20029.7914,20075.6558,20221118,19706.0,87460.0
19931.0946,19989.3083,19698.9676,19769.609,20221121,28246.0,88173.0
19794.4036,19892.1735,19677.7286,19775.2779,20221122,20645.0,86538.0
19571.8002,19583.0022,19195.3593,19220.6139,20221123,39820.0,85708.0
19138.2067,19280.9424,19075.1529,19191.2463,20221124,30352.0,81807.0
19323.904,19340.8489,19070.521,19188.4823,20221125,26069.0,81734.0
19295.2541,19535.8888,19223.386,19485.8542,20221128,30984.0,80018.0
19515.462,19515.462,19219.7096,19342.9608,20221129,23783.0,79413.0
20530.0,20530.0,843.8818,19215.4856,20221130,17279.0,79029.0
19201.3251,19443.8632,19194.9614,19382.0662,20221201,22310.0,79012.0
20800.0,20800.0,851.8497,19780.2925,20221202,33839.0,76498.0
21125.0,21125.0,12541.1402,19553.2304,20221205,25025.0,76939.0
18705.0,20029.1546,9615.4687,19600.1912,20221206,17147.0,76456.0
19497.219,19497.219,18971.4796,18976.962,20221207,38722.0,79413.0
18728.7022,18770.6182,18289.1067,18315.3868,20221208,44688.0,79431.0
18474.3708,18546.1316,18186.2135,18267.2628,20221209,38893.0,78735.0
3452.0786,17901.4713,3452.0786,17541.5254,20221212,48109.0,74934.0
17765.4241,17796.7849,16967.9811,17023.7831,20221213,54231.0,76094.0
17031.1753,17104.2755,16867.4759,16985.6562,20221214,37251.0,76355.0
17062.8001,17101.4709,16805.1487,17006.4873,20221215,36670.0,75131.0
16889.6871,16889.6871,16119.1672,16167.4226,20221216,55506.0,78860.0
16047.1006,16194.8465,6540.3276,15940.7268,20221219,58861.0,82042.0
15746.2074,16208.3795,15746.2074,16109.2153,20221220,54170.0,77931.0
16066.6379,16433.0369,15981.0752,16398.6723,20221221,55751.0,76089.0
16470.4537,16788.6783,16222.2446,16767.831,20221222,52989.0,72811.0
16673.2397,16765.7413,16305.3269,16370.7705,20221223,46953.0,74204.0
16934.3281,17375.6918,16919.1146,17347.9364,20221226,56996.0,69889.0
17201.9362,17306.9565,17090.2784,17231.5651,20221227,36686.0,69073.0
17077.1728,17268.3173,16995.782,17156.6025,20221228,25839.0,68597.0
17130.5417,17130.5417,16667.0522,16683.3482,20221229,38299.0,71490.0
16460.0567,16724.5346,16363.0586,16619.2245,20221230,32598.0,71816.0
16071.0359,16348.4431,16053.3435,16210.4969,20230103,34160.0,77490.0
16209.3814,16484.7997,16195.1451,16398.5919,20230104,27906.0,78438.0
16315.3597,16694.1627,16315.3597,16582.1747,20230105,31105.0,79359.0
16598.0637,16680.0719,16316.6561,16516.1841,20230106,31321.0,82012.0
16501.5269,16663.6726,16325.05,16462.9207,20230109,27521.0,84894.0
16417.5816,16522.8244,16128.6594,16151.4732,20230110,33821.0,89315.0
16039.2089,16145.3198,15666.7651,15702.3146,20230111,47946.0,96735.0
15679.7399,15836.9202,15643.9643,15694.4069,20230112,36525.0,96249.0
15725.2081,15940.3747,15693.781,15727.762,20230113,34166.0,97831.0
15944.8329,16209.5335,15922.8426,16160.9772,20230116,36747.0,94993.0
16149.2011,16258.3288,15914.1279,15971.0761,20230117,31521.0,97007.0
16055.4841,16126.0195,15992.808,16089.374,20230118,22568.0,94687.0
