2183.0569,2203.9246,2176.9357,2196.1541,20200102,539829.0,779297.0
2200.6668,2242.887,2189.903,2235.5066,20200103,1181319.0,895255.0
2249.6022,2295.0681,2222.2862,2293.0678,20200106,1347507.0,898566.0
2285.1312,2300.5538,2256.9694,2279.8897,20200107,1266233.0,919522.0
2281.8969,2377.7421,2275.1012,2333.6713,20200108,1636014.0,965307.0
2321.2933,2338.124,2227.0644,2237.06,20200109,1805551.0,970717.0
2242.9249,2249.2879,2222.3381,2245.7747,20200110,987082.0,862711.0
2251.4259,2348.3932,2245.6733,2347.5917,20200113,1636456.0,999787.0
2381.3429,2382.4796,2321.0391,2360.1247,20200114,1738878.0,926479.0
2365.0194,2373.0686,2311.5736,2341.3243,20200115,1558910.0,969972.0
2340.008,2343.9851,2297.5017,2310.7071,20200116,1287234.0,955197.0
2305.4068,2327.9305,2270.7576,2277.9054,20200117,1228470.0,924884.0
2283.3714,2337.192,2278.9372,2332.8056,20200120,1001588.0,907641.0
2332.0081,2333.2455,2282.1062,2288.3391,20200121,1023948.0,886072.0
2280.8785,2291.8293,2225.2686,2246.757,20200122,1014736.0,865028.0
2248.1445,2273.1582,2222.8761,2241.1523,20200123,722939.0,777187.0
2098.7284,2122.9084,2088.9095,2088.9215,20200203,350415.0,736062.0
2029.7956,2073.0504,2010.0806,2058.927,20200204,712274.0,764535.0
2060.8955,2112.0943,2058.9221,2090.6046,20200205,821798.0,769436.0
2101.3129,2118.1565,2086.1156,2113.2163,20200206,675123.0,791602.0
2106.8281,2138.2033,2094.5108,2137.4103,20200207,743605.0,839000.0
2121.0055,2148.7212,2111.6058,2123.2785,20200210,817100.0,858157.0
2110.5118,2146.4183,2110.5118,2119.5982,20200211,782752.0,882637.0
2117.2582,2132.6525,2070.8087,2092.7626,20200212,1085214.0,1000843.0
2099.4197,2113.778,2082.0074,2096.6247,20200213,770748.0,948295.0
2095.6164,2109.435,2075.21,2105.9941,20200214,734742.0,927498.0
2109.2862,2126.9678,2105.2804,2123.1131,20200217,655589.0,894717.0
2122.7563,2135.3811,2097.4185,2098.3411,20200218,821971.0,987238.0
2099.5735,2133.2581,2097.8349,2130.1664,20200219,722892.0,898102.0
2139.4296,2158.1355,2125.2282,2134.6555,20200220,804450.0,973428.0
2133.3583,2147.6378,2113.0125,2130.0736,20200221,867019.0,959544.0
2114.6745,2122.5384,2067.4689,2095.4512,20200224,926784.0,998760.0
2082.1572,2140.6716,2070.6835,2140.4642,20200225,1020992.0,983242.0
2128.1147,2150.6948,2096.7663,2105.1623,20200226,1203235.0,1021083.0
2095.242,2106.3875,2080.0282,2096.1968,20200227,820385.0,965287.0
2073.0494,2090.7506,2023.2049,2025.1022,20200228,1223588.0,1004964.0
2019.1799,2078.8547,2016.3977,2061.6035,20200302,1148129.0,1004345.0
2084.1856,2109.3441,2041.3597,2065.5218,20200303,1091177.0,1027539.0
2060.9777,2073.594,2050.4541,2058.2961,20200304,787697.0,1032690.0
2062.0642,2070.5488,2041.2579,2060.156,20200305,952298.0,1053978.0
2046.2876,2057.5038,2026.7851,2052.6414,20200306,1050317.0,1075684.0
1938.5548,1942.0742,1938.3394,1939.2584,20200309,70941.0,1062861.0
1820.1754,1966.1834,1819.9144,1941.1558,20200310,1455772.0,989451.0
1954.3526,1965.7516,1911.0278,1916.9159,20200311,859312.0,993673.0
1901.7269,1913.0634,1845.6322,1884.1232,20200312,1142670.0,1009390.0
1855.3306,1914.0251,1833.5302,1887.1746,20200313,1145661.0,1001991.0
1867.2898,1894.4258,1851.0163,1858.4573,20200316,789763.0,939902.0
1854.752,1869.0751,1836.2329,1845.8267,20200317,777891.0,974492.0
1820.9312,1861.1098,1776.5614,1806.5253,20200318,1210937.0,1027415.0
1794.3129,1800.1746,1738.6581,1755.1977,20200319,1091188.0,959733.0
1799.4664,1807.7013,1755.1137,1800.4439,20200320,955638.0,972244.0
1736.8776,1784.4475,1735.345,1772.2227,20200323,960985.0,962141.0
1793.3543,1797.0694,1741.6416,1764.8953,20200324,1081974.0,1056800.0
1774.3366,1784.6449,1721.0287,1734.1751,20200325,1246806.0,1065399.0
1733.4134,1736.6854,1696.9065,1720.0775,20200326,1041857.0,1081024.0
1723.4713,1726.1078,1645.0577,1654.8521,20200327,1383729.0,1140981.0
1639.7564,1643.0025,1589.4359,1598.2926,20200330,1264396.0,1115012.0
1609.6447,1665.1081,1604.6196,1635.1906,20200331,1177640.0,1091903.0
1629.2284,1639.1278,1595.6337,1600.0694,20200401,1011737.0,1087319.0
1594.7884,1687.4555,1576.0276,1675.4813,20200402,1618920.0,1099780.0
1702.9122,1705.2212,1660.8434,1687.9476,20200403,1325201.0,951740.0
1707.7297,1741.3444,1707.7297,1738.9643,20200407,1012025.0,942055.0
1717.9166,1752.2424,1708.9774,1735.1474,20200408,1031832.0,990857.0
1755.6764,1821.6373,1747.9726,1819.9364,20200409,1305613.0,1024090.0
1774.499,1841.5311,1773.1471,1836.8325,20200410,1480779.0,1072403.0
1869.6342,1898.4888,1808.5286,1814.8932,20200413,1649430.0,1059861.0
1824.6199,1824.6199,1750.6848,1753.5122,20200414,1586259.0,1129513.0
1728.6462,1784.4176,1725.124,1768.2987,20200415,1404793.0,1062721.0
1765.0515,1793.0753,1715.8203,1723.1779,20200416,1500639.0,1135264.0
1736.5945,1766.4907,1719.7897,1746.4451,20200417,1300311.0,1090188.0
1721.2587,1749.6274,1697.4982,1748.1995,20200420,1335156.0,1170542.0
1714.4264,1749.4925,1665.9918,1699.1702,20200421,1735071.0,1198721.0
1656.3138,1676.4394,1631.109,1656.8269,20200422,1581512.0,1167529.0
1679.148,1736.2886,1675.9821,1733.97,20200423,1404710.0,1155706.0
1739.2957,1742.971,1696.0976,1697.8888,20200424,1424499.0,1165120.0
1692.1617,1693.6129,1665.2116,1672.0748,20200427,1172957.0,1179455.0
1652.7195,1721.6423,1645.7042,1717.2724,20200428,1526184.0,1185282.0
1726.5698,1743.9997,1678.9524,1717.5571,20200429,1413814.0,1136756.0
1738.7617,1793.3992,1723.935,1792.7243,20200430,1348145.0,1026424.0
1843.7403,1853.1617,1781.3039,1794.1315,20200506,969731.0,999265.0
1775.9145,1814.0944,1760.1661,1760.8921,20200507,1419444.0,1206411.0
1786.8974,1786.8974,1741.7607,1772.4098,20200508,1711693.0,1207486.0
1765.4573,1771.1633,1757.4712,1761.7168,20200512,376018.0,1143740.0
1743.3569,1759.039,1710.0478,1758.899,20200513,1744157.0,1302561.0
1760.6787,1764.5289,1732.1991,1760.5704,20200514,1349502.0,1228035.0
1756.2528,1789.3728,1751.6931,1772.7921,20200515,1401091.0,1309827.0
1772.308,1775.4977,1720.404,1726.8124,20200518,2090325.0,1534287.0
1731.3928,1751.2201,1713.0725,1719.6845,20200519,2177138.0,1592379.0
1713.3125,1766.8785,1708.1799,1755.4652,20200520,2195307.0,1499325.0
1758.3269,1778.6402,1751.7674,1760.3979,20200521,1814103.0,1478101.0
1761.2169,1770.811,1685.5226,1695.0675,20200522,2472612.0,1710202.0
1697.283,1714.3223,1680.9359,1703.1602,20200525,1821716.0,1685212.0
1699.2606,1708.8435,1689.8311,1698.6169,20200526,1568662.0,1817005.0
1695.1418,1738.6204,1681.7686,1727.0506,20200527,2475826.0,1809685.0
1725.8642,1732.977,1709.9534,1723.3446,20200528,1581175.0,1721792.0
1724.5812,1728.4762,1699.9471,1701.2237,20200529,1683328.0,1797045.0
1699.0843,1735.6843,1694.63,1725.7759,20200601,1670788.0,1753490.0
1723.9701,1734.8501,1712.5387,1721.8007,20200602,1510157.0,1761313.0
1724.5109,1769.932,1720.176,1767.3345,20200603,2057916.0,1810515.0
1756.5367,1777.5985,1749.8497,1758.2521,20200604,1738953.0,1750151.0
1760.2917,1785.4697,1759.0766,1778.4328,20200605,1503212.0,1717094.0
1792.7227,1799.4169,1773.8561,1782.2719,20200608,1646118.0,1756145.0
1775.7275,1786.0033,1757.646,1767.8424,20200609,1527174.0,1744445.0
1763.5701,1776.4596,1755.0201,1759.7286,20200610,1226405.0,1748337.0
1759.3994,1772.3734,1732.5347,1740.0249,20200611,1612601.0,1772612.0
1730.5439,1738.9719,1703.691,1733.0878,20200612,1805484.0,1740021.0
1739.3036,1747.1687,1695.0603,1701.7007,20200615,1682016.0,1810312.0
1702.1087,1742.4853,1699.7954,1739.3514,20200616,1418442.0,1659033.0
1748.2122,1751.1708,1714.3696,1729.7451,20200617,1416600.0,1712569.0
1726.8875,1738.7559,1716.6253,1735.6589,20200618,1206511.0,1653459.0
1736.2592,1767.5875,1730.9647,1765.3616,20200619,1603564.0,1730953.0
1768.5178,1771.5818,1748.4239,1758.5542,20200622,1425331.0,1664756.0
1758.4645,1789.8088,1756.8022,1784.534,20200623,1821477.0,1758428.0
1792.638,1793.0571,1774.6696,1780.3243,20200624,1036891.0,1488571.0
1760.3886,1775.0399,1742.3017,1763.4046,20200629,1141296.0,1518611.0
1772.9545,1791.6892,1765.5678,1773.6187,20200630,1265452.0,1531302.0
1770.4111,1784.6007,1763.278,1778.2963,20200701,1280713.0,1602217.0
1774.673,1818.1513,1773.5016,1808.1478,20200702,1931731.0,1745343.0
1810.1221,1834.655,1805.1805,1823.214,20200703,1783911.0,1694498.0
1823.5134,1847.4795,1811.1053,1837.0598,20200706,1701924.0,1776025.0
1830.5181,1840.4916,1798.3842,1807.6379,20200707,1715594.0,1717394.0
1808.8733,1834.3205,1804.1029,1825.0528,20200708,1375042.0,1701395.0
1827.8227,1838.9102,1814.4428,1830.8675,20200709,1378710.0,1652669.0
1804.1816,1819.8545,1802.7343,1816.4906,20200713,454142.0,1518898.0
1839.374,1848.4898,1820.8823,1842.1061,20200714,1603581.0,1668451.0
1838.7187,1889.8674,1838.2947,1868.4349,20200715,2301126.0,1771576.0
1870.0603,1877.4661,1849.0479,1863.1221,20200716,1661907.0,1713295.0
1825.6537,1837.8951,1817.445,1818.2551,20200720,627985.0,1568158.0
1803.8169,1818.8118,1791.6674,1801.581,20200721,1570560.0,1818161.0
1812.981,1822.3916,1797.8781,1800.6029,20200722,1699268.0,1895378.0
1793.9947,1817.0603,1776.0443,1812.6359,20200723,1818372.0,1815817.0
1804.7793,1822.0942,1755.9553,1758.3142,20200724,2003429.0,1932540.0
1763.0097,1788.1618,1761.5692,1781.124,20200727,1270017.0,1693306.0
1781.9459,1798.6848,1769.8013,1772.467,20200728,1296880.0,1770423.0
1768.365,1809.5816,1766.7379,1807.8815,20200729,1462852.0,1583664.0
1807.0625,1813.59,1792.6832,1793.9173,20200730,1051673.0,1567919.0
1789.6845,1792.335,1738.0663,1772.9119,20200731,1576659.0,1580319.0
1776.227,1776.227,1739.1365,1754.0514,20200803,1256989.0,1622837.0
1756.5831,1769.8766,1749.0304,1759.22,20200804,999767.0,1551935.0
1754.5063,1768.6193,1737.7775,1758.6902,20200805,1188573.0,1700506.0
1770.6299,1778.8877,1748.7007,1759.309,20200806,1199824.0,1595464.0
1761.3092,1783.0892,1758.0785,1773.4567,20200807,1206405.0,1611578.0
1776.2496,1817.0501,1769.792,1807.1106,20200810,1716649.0,1533427.0
1806.9044,1813.5081,1803.7839,1811.9385,20200811,900057.0,1428845.0
1818.1081,1832.8901,1792.245,1823.0885,20200812,1548761.0,1511301.0
1828.2037,1842.2034,1821.3451,1832.0586,20200813,909352.0,1311146.0
1836.3114,1848.5423,1828.847,1844.6821,20200814,1065982.0,1368943.0
1845.144,1850.8109,1830.1119,1849.8901,20200817,870521.0,1249718.0
1845.8076,1886.3048,1844.9769,1882.2781,20200818,1098553.0,1364550.0
1881.6766,1887.9827,1875.0631,1880.9565,20200819,853296.0,1273592.0
1879.3087,1892.0321,1860.8083,1874.347,20200820,1094978.0,1367855.0
1873.3866,1893.9695,1866.2395,1893.9695,20200821,1019789.0,1266083.0
1890.5262,1920.545,1887.4209,1918.061,20200824,1252684.0,1418263.0
1917.8693,1927.741,1914.3747,1925.0068,20200825,806375.0,1306144.0
1925.4583,1949.401,1918.0492,1947.6646,20200826,1019968.0,1447055.0
1948.2278,1952.8537,1939.1824,1944.4746,20200827,743918.0,1288119.0
1943.9683,1952.4022,1922.9588,1936.2221,20200828,1038908.0,1344525.0
1938.2438,1979.3545,1937.3463,1971.3581,20200831,1107066.0,1289161.0
1975.474,2035.1376,1969.6313,2023.0267,20200901,1558715.0,1518159.0
2020.8486,2042.8192,2020.8486,2030.3037,20200902,1336954.0,1403097.0
2032.2325,2033.1262,2015.9632,2021.0218,20200903,1035825.0,1382893.0
2014.4381,2051.7957,1986.584,2048.103,20200904,1399619.0,1364057.0
2051.813,2073.269,2034.0128,2046.6128,20200907,1599540.0,1399340.0
2047.3703,2056.0719,2015.7246,2020.4765,20200908,1225871.0,1267310.0
2003.3964,2009.6901,1937.5538,1983.5434,20200909,1755124.0,1288246.0
1994.1333,2005.562,1970.0638,1982.5992,20200910,1233725.0,1212955.0
1978.3814,2000.3087,1973.1467,1997.5876,20200911,1042011.0,1218317.0
1991.9161,2031.2386,1988.3216,2025.5204,20200914,1042947.0,1203551.0
2026.3929,2110.9632,2026.3929,2083.278,20200915,2226867.0,1432666.0
2081.018,2096.7162,2065.5959,2081.3344,20200916,1432891.0,1256835.0
2080.5365,2110.8441,2073.4057,2089.6025,20200917,1649134.0,1459055.0
2091.827,2091.9266,2052.4446,2075.3089,20200918,1525626.0,1256229.0
2069.8335,2085.6337,2045.7555,2074.8546,20200921,1507070.0,1388085.0
2067.0817,2067.8976,1995.6925,2013.8117,20200922,1674531.0,1244147.0
2017.5626,2031.4397,1996.808,2011.1801,20200923,1114498.0,1233294.0
2014.0034,2026.2487,1979.0247,1996.0481,20200924,1344028.0,1263346.0
1995.3274,2022.4653,1993.8036,2016.875,20200925,939041.0,1157738.0
2011.8275,2033.5156,1991.6446,1992.5228,20200928,1176370.0,1235651.0
1990.0611,2004.9013,1955.4617,1977.5593,20200929,1289724.0,1176695.0
1974.8399,1983.4362,1919.8831,1919.8831,20200930,1159339.0,1137965.0
1961.6906,1993.3422,1955.3495,1980.2242,20201009,615959.0,1052830.0
1979.3502,2037.1457,1979.2185,2027.4154,20201012,1109356.0,1253264.0
2026.7732,2042.73,2012.0795,2036.6149,20201013,936079.0,1125828.0
2037.2738,2055.4049,2030.961,2040.7289,20201014,1035578.0,1269822.0
2042.8946,2064.5889,2026.8856,2057.0628,20201015,1216088.0,1262433.0
2041.7659,2076.6739,2030.9253,2070.0358,20201016,1648569.0,1333203.0
2068.3507,2089.2112,2034.4885,2045.1583,20201019,1547113.0,1257812.0
2047.4807,2047.4807,2024.7961,2035.5073,20201020,842360.0,1143320.0
2036.2791,2146.1107,2033.1311,2111.5942,20201021,2806607.0,1581342.0
2106.5587,2107.9832,2077.4852,2090.2617,20201022,1420230.0,1322802.0
2083.7526,2094.9714,2050.7921,2059.0924,20201023,1522719.0,1398553.0
2060.9243,2070.171,2010.4905,2011.5836,20201026,1745226.0,1421300.0
2007.7203,2039.3046,2004.5053,2036.3258,20201027,1256908.0,1370750.0
2029.4557,2068.445,2029.4557,2062.957,20201028,1656099.0,1413172.0
2041.2874,2069.2816,2022.6734,2040.968,20201029,2122876.0,1435830.0
2015.7207,2073.5119,1990.981,2023.047,20201030,2333509.0,1436062.0
2020.6394,2039.0558,1998.1965,2028.4741,20201102,1615894.0,1438140.0
2035.1779,2077.3108,2031.9741,2050.6114,20201103,2051651.0,1376017.0
2060.6724,2095.5431,2056.3005,2074.5294,20201104,1834196.0,1438632.0
2077.5378,2090.3731,2052.3294,2054.3061,20201105,1325589.0,1374799.0
2061.8815,2097.7137,2053.9524,2086.0699,20201106,1770693.0,1442120.0
2085.1458,2108.9391,2069.4653,2089.4855,20201109,1424742.0,1347849.0
2142.636,2143.5333,2105.0545,2133.4931,20201110,1958347.0,1503700.0
2139.0653,2205.4701,2135.668,2164.9336,20201111,2659221.0,1611869.0
2168.2728,2191.3189,2152.19,2187.2307,20201112,1398995.0,1462377.0
2183.0635,2250.6488,2178.1542,2249.2614,20201113,2057201.0,1699220.0
2245.1781,2292.7404,2224.7779,2232.7239,20201116,2527156.0,1583699.0
2237.4993,2259.0028,2219.1846,2234.9377,20201117,1716261.0,1546469.0
2234.9561,2255.2575,2205.5342,2249.879,20201118,1895578.0,1533520.0
2262.5447,2315.8496,2243.1954,2275.067,20201119,2346234.0,1583093.0
2274.5383,2291.0978,2262.1628,2279.3708,20201120,1356383.0,1453940.0
2283.2481,2339.1121,2257.7442,2273.8366,20201123,2068607.0,1541175.0
2277.0923,2296.4578,2259.8303,2287.6288,20201124,1422333.0,1429552.0
2290.239,2329.277,2289.5512,2301.44,20201125,1871881.0,1569564.0
2300.1367,2306.4755,2220.8033,2231.0082,20201126,2064533.0,1419374.0
2230.9529,2264.1928,2220.8295,2253.6817,20201127,1278805.0,1416485.0
2257.9326,2274.6183,2241.9101,2273.4519,20201130,1369037.0,1402159.0
2271.0703,2318.5955,2260.8763,2302.8069,20201201,2095070.0,1453378.0
2303.0001,2322.3282,2285.4798,2310.7795,20201202,1363112.0,1314554.0
2310.3305,2314.4492,2251.2681,2264.2598,20201203,1727372.0,1383417.0
2264.7962,2269.413,2214.4222,2252.1488,20201204,1746568.0,1264744.0
2255.01,2297.6608,2254.8222,2267.3243,20201207,1376132.0,1256106.0
2271.1973,2306.8582,2250.1573,2253.3856,20201208,1838702.0,1300654.0
2263.2,2309.7354,2254.2323,2308.716,20201209,1607638.0,1291752.0
2307.5182,2366.5789,2307.5182,2341.4328,20201210,1884672.0,1365676.0
2350.141,2464.9381,2345.1627,2460.1458,20201211,2487800.0,1408072.0
2451.1232,2462.8709,2422.7672,2455.1474,20201214,1950516.0,1341310.0
2461.4285,2505.8535,2435.5528,2497.1487,20201215,1906993.0,1404862.0
2501.8972,2507.9667,2474.6783,2482.3609,20201216,1504711.0,1338858.0
2485.1491,2509.4264,2459.8896,2502.0686,20201217,1734799.0,1345605.0
2502.1393,2562.0568,2495.7324,2523.8424,20201218,1911804.0,1273600.0
2528.896,2559.7961,2501.7274,2517.775,20201221,1632960.0,1267044.0
2507.9463,2562.0114,2471.5477,2474.8921,20201222,2084134.0,1243529.0
2485.8122,2487.1922,2401.9371,2437.332,20201223,1941280.0,1183884.0
2457.5898,2558.0695,2449.0622,2526.7577,20201224,2678896.0,1332234.0
2521.0123,2530.9978,2462.8104,2469.1361,20201225,1694444.0,1215791.0
2462.6316,2482.3949,2354.6249,2371.5215,20201228,2272302.0,1271792.0
2378.557,2394.8499,2321.5844,2341.8267,20201229,1832064.0,1130388.0
2343.1222,2387.1985,2329.1944,2376.7958,20201230,1533636.0,1152450.0
2376.4977,2409.7803,2363.7283,2406.5661,20201231,1373742.0,1043366.0
2400.4558,2425.42,2374.4877,2412.959,20210104,1170316.0,1115772.0
2400.2471,2432.1606,2397.6555,2425.7503,20210105,1326736.0,1069384.0
2438.2359,2445.8521,2379.7029,2393.7716,20210106,1459273.0,1170853.0
2392.9789,2398.2223,2340.1033,2384.0106,20210107,1622715.0,1114040.0
2379.7962,2388.5615,2299.2017,2321.906,20210108,1700453.0,1245695.0
2331.877,2374.452,2324.5354,2334.0095,20210111,1726820.0,1207980.0
2336.5793,2359.5131,2272.6101,2348.7646,20210112,1810058.0,1263349.0
2359.6916,2389.4483,2331.3293,2366.3749,20210113,1598572.0,1185922.0
2365.607,2371.0043,2312.7667,2323.6556,20210114,1406820.0,1183982.0
2319.1538,2348.6409,2285.1223,2307.6342,20210115,1763355.0,1291020.0
2307.6528,2349.1202,2292.343,2345.345,20210118,1319757.0,1224516.0
2344.9614,2353.7971,2306.7458,2319.2702,20210119,1354361.0,1214306.0
2312.9646,2320.9287,2267.3898,2269.3008,20210120,1598414.0,1328431.0
2270.8383,2331.2286,2263.47,2321.1937,20210121,1544447.0,1257573.0
2322.0369,2346.9162,2315.8463,2341.1,20210122,1541108.0,1279924.0
2330.2225,2342.0284,2276.9026,2282.9274,20210125,1748605.0,1256716.0
2282.475,2295.5432,2238.62,2241.3253,20210126,1441512.0,1232625.0
2242.7457,2259.6802,2238.7314,2259.0126,20210127,951446.0,1163746.0
2253.193,2269.0968,2229.1988,2259.4408,20210128,1260237.0,1235690.0
2259.7685,2316.0364,2253.5191,2295.3992,20210129,1625112.0,1186334.0
2303.0391,2326.2376,2288.6036,2295.7551,20210201,1141435.0,1068593.0
2293.7244,2307.4875,2252.4403,2273.7544,20210202,1276914.0,1197598.0
2279.2283,2279.7962,2231.9755,2267.7132,20210203,1293803.0,1152318.0
2276.5276,2320.206,2270.5687,2318.6067,20210204,1390081.0,1126380.0
2319.7007,2337.3,2306.617,2327.996,20210205,1113578.0,1077845.0
2329.2145,2356.7621,2314.5402,2322.308,20210208,1062049.0,1135662.0
2322.6706,2338.2043,2303.8346,2327.0371,20210209,841428.0,996419.0
2322.7256,2331.6158,2249.5499,2249.55,20210210,1024661.0,1018676.0
2302.968,2358.1976,2295.3148,2354.7405,20210218,940464.0,1009842.0
2358.7196,2411.9874,2343.9784,2388.5789,20210219,1552146.0,1284767.0
2387.6212,2462.751,2372.282,2437.6538,20210222,1428581.0,1249809.0
2435.7538,2485.583,2411.873,2452.3469,20210223,1804768.0,1346172.0
2446.5434,2472.0546,2430.8487,2461.9291,20210224,1325898.0,1276754.0
2475.4861,2562.8906,2462.9932,2526.4035,20210225,1858656.0,1338575.0
2527.5621,2538.6554,2446.0288,2473.4156,20210226,1788817.0,1236819.0
2465.6931,2578.3824,2448.4529,2526.044,20210301,2291838.0,1312235.0
2525.537,2535.564,2468.5559,2522.9258,20210302,1728314.0,1256243.0
2534.3659,2586.3223,2500.7612,2533.7283,20210303,1804585.0,1277778.0
2547.3338,2550.3356,2498.1128,2504.2064,20210304,1646915.0,1275041.0
2503.6234,2570.7763,2480.2596,2561.3648,20210305,1929351.0,1370692.0
2577.3533,2670.5343,2574.2017,2610.2071,20210308,1668176.0,1291243.0
2597.606,2626.7353,2572.3053,2573.2995,20210309,1984330.0,1268685.0
2581.6627,2585.7184,2457.4708,2467.8257,20210310,1909464.0,1243038.0
2484.4356,2487.9603,2423.0649,2459.4456,20210311,1460391.0,1159528.0
2463.9126,2479.9956,2430.0797,2470.2259,20210312,1498473.0,1230206.0
2474.1234,2479.7764,2408.3133,2441.315,20210315,1514415.0,1239077.0
2435.1144,2468.2324,2429.2141,2453.1131,20210316,1138386.0,1135273.0
2443.1352,2448.9649,2406.6837,2438.4797,20210317,1256225.0,1182528.0
2427.4316,2432.133,2382.9592,2412.704,20210318,1517703.0,1267894.0
2401.8283,2407.959,2292.6836,2321.2224,20210319,1883871.0,1306961.0
2319.6392,2346.3841,2305.6109,2342.0185,20210322,1140489.0,1173987.0
2341.4145,2361.5214,2329.1885,2346.9671,20210323,1077003.0,1195776.0
2331.0442,2358.7925,2327.4761,2349.0391,20210324,1130872.0,1178105.0
2357.8493,2361.8407,2316.8078,2337.7121,20210325,1281953.0,1275011.0
2329.3733,2356.2904,2326.2888,2352.2142,20210326,1095243.0,1197980.0
2361.4842,2387.0569,2352.9651,2370.6851,20210329,1179809.0,1220304.0
2380.8416,2426.1746,2379.5611,2403.2154,20210330,1329340.0,1183400.0
2398.0593,2414.7096,2359.0384,2364.2607,20210331,1210129.0,1194786.0
2362.4149,2378.443,2343.8019,2365.0744,20210401,1046727.0,1084810.0
2366.4759,2423.9518,2346.5188,2420.0915,20210402,1353608.0,1183717.0
2402.5687,2445.0246,2402.5687,2442.068,20210406,1065051.0,1130092.0
2441.8443,2465.4371,2437.2437,2450.9228,20210407,1078534.0,1198299.0
2446.5093,2456.0146,2421.427,2440.9467,20210408,1128241.0,1140446.0
2444.8468,2453.4986,2403.2885,2438.3024,20210409,1474829.0,1320535.0
2446.5665,2446.8802,2336.0045,2342.7594,20210412,1784027.0,1242321.0
2348.205,2366.3799,2337.485,2355.8107,20210413,1157372.0,1130794.0
2362.6218,2389.9415,2353.1466,2380.6721,20210414,1256471.0,1112354.0
2381.6002,2436.0293,2376.3242,2433.3728,20210415,1347761.0,1164864.0
2433.1642,2479.6824,2422.7532,2463.9834,20210416,1533231.0,1269294.0
2471.6566,2480.0474,2443.9335,2468.2751,20210419,1099552.0,1243099.0
2478.2641,2490.8106,2446.4775,2458.9764,20210420,1258008.0,1323892.0
2451.0254,2460.7012,2399.4001,2416.0942,20210421,1359839.0,1313049.0
2403.5457,2440.8269,2391.4614,2412.1137,20210422,1443780.0,1305857.0
2417.8879,2426.6389,2371.4439,2383.3825,20210423,1379617.0,1322276.0
2383.9363,2464.2521,2380.255,2438.2111,20210426,1670818.0,1406424.0
2437.5966,2483.5859,2433.5295,2461.1958,20210427,1310784.0,1389295.0
2459.6766,2462.8918,2405.0455,2438.8535,20210428,1593524.0,1477501.0
2437.317,2473.5077,2427.9086,2457.3762,20210429,1360348.0,1383420.0
2470.3156,2499.216,2439.4628,2447.7956,20210430,1416772.0,1323349.0
2460.7343,2548.2127,2454.479,2536.4408,20210506,996689.0,1335486.0
2533.8317,2584.4996,2527.7927,2580.3441,20210507,1136231.0,1475888.0
2577.0635,2618.2181,2546.7882,2571.8,20210510,1524930.0,1459693.0
2576.4463,2594.6438,2527.2248,2567.0792,20210511,1458826.0,1360527.0
2575.8304,2714.8754,2559.1827,2714.8733,20210512,1660232.0,1474698.0
2730.4295,2852.2334,2689.1463,2759.3579,20210513,2895544.0,1405069.0
2758.7784,2826.3671,2646.4748,2737.791,20210514,3346928.0,1588008.0
2749.8718,2793.1441,2664.5785,2682.7443,20210517,2210991.0,1474064.0
2680.935,2725.9181,2659.1673,2695.1654,20210518,1649812.0,1455238.0
2695.1578,2696.0568,2627.7134,2661.396,20210519,1566827.0,1397249.0
2637.0397,2637.0397,2505.4997,2559.1448,20210520,2013585.0,1402639.0
2548.6406,2572.3185,2497.5091,2522.2177,20210521,1629532.0,1293591.0
2536.8397,2599.9562,2505.0966,2582.3162,20210524,1678491.0,1365001.0
2591.9657,2627.2338,2569.0165,2590.7621,20210525,1619727.0,1352078.0
2583.8323,2695.0717,2550.42,2682.258,20210526,1941814.0,1429522.0
2665.3599,2670.5783,2571.1385,2573.9266,20210527,2108048.0,1437714.0
2591.3798,2638.9545,2559.8853,2569.7177,20210528,1776324.0,1428530.0
2571.8632,2607.8872,2548.9544,2557.1474,20210531,1652598.0,1405091.0
2553.2043,2581.1098,2537.395,2573.5004,20210601,1402637.0,1387326.0
2577.9948,2601.4557,2504.5928,2514.4906,20210602,1897879.0,1539897.0
2512.2636,2568.1411,2498.0137,2548.2174,20210603,1530634.0,1394362.0
2545.5623,2563.8615,2504.1532,2513.2154,20210604,1550977.0,1433684.0
2517.2842,2528.7769,2444.3987,2451.6048,20210607,1706838.0,1484590.0
2464.8535,2464.8535,2420.1449,2447.4175,20210608,1273171.0,1399462.0
2452.6111,2472.7135,2434.0979,2466.8567,20210609,1118475.0,1382128.0
2465.5098,2479.6986,2436.8926,2462.9367,20210610,1248314.0,1402985.0
2474.6187,2477.0224,2433.412,2466.388,20210611,1277582.0,1386344.0
2479.698,2522.6474,2443.2864,2520.2308,20210615,1461392.0,1434372.0
2520.5819,2541.3989,2511.2045,2519.7692,20210616,1194696.0,1330900.0
2520.5829,2531.0494,2495.7775,2506.2277,20210617,1221753.0,1404852.0
2493.9048,2520.0845,2452.1262,2461.4315,20210618,1468650.0,1357017.0
2459.8189,2485.4567,2442.803,2445.6778,20210621,1148600.0,1370800.0
2443.9097,2542.063,2439.3945,2535.3731,20210622,1554303.0,1437682.0
2535.4636,2598.0813,2526.5759,2566.3295,20210623,1536708.0,1451273.0
2567.9991,2600.3298,2561.2835,2572.513,20210624,1074165.0,1418781.0
2554.4157,2607.2669,2546.2245,2600.9981,20210625,1382301.0,1474845.0
2599.671,2605.9092,2528.8146,2557.1032,20210628,1540090.0,1426427.0
2555.1934,2583.049,2548.8401,2559.5279,20210629,1175914.0,1352340.0
2568.8792,2639.2676,2564.4033,2577.9842,20210630,1736023.0,1488354.0
2584.0623,2605.5674,2568.4574,2578.6232,20210701,1172439.0,1361027.0
2598.0781,2610.7976,2572.4798,2605.989,20210702,1278485.0,1439889.0
2607.1368,2659.773,2592.1768,2629.516,20210705,1530333.0,1533983.0
2633.9743,2668.1509,2623.6955,2642.623,20210706,1325697.0,1497014.0
2625.3301,2630.0931,2545.8672,2573.9339,20210707,1603747.0,1408814.0
2574.0216,2582.4578,2534.4665,2554.5046,20210708,1207846.0,1333492.0
2549.4433,2606.5196,2543.2066,2605.7315,20210709,1226108.0,1342631.0
2611.2813,2650.1691,2609.1079,2627.749,20210712,1237465.0,1387054.0
2623.3476,2659.1586,2621.0978,2649.3361,20210713,947903.0,1354696.0
2641.6707,2685.3312,2633.3405,2675.9849,20210714,1285170.0,1540596.0
2681.9344,2684.1443,2617.6936,2647.7982,20210715,1267054.0,1454017.0
2648.1369,2736.8939,2643.3433,2710.0738,20210716,1533467.0,1585207.0
2721.944,2763.045,2696.3445,2758.0753,20210719,1262958.0,1589773.0
2739.1915,2756.452,2695.1227,2728.5909,20210720,1270538.0,1586174.0
2728.7663,2738.2905,2677.7453,2715.1571,20210721,1282033.0,1521517.0
2734.8484,2786.6055,2719.6828,2738.4518,20210722,1387110.0,1554250.0
2739.3876,2773.0722,2700.6471,2714.4993,20210723,1343013.0,1519472.0
2708.5361,2720.1424,2667.7287,2686.0755,20210726,1273228.0,1444292.0
2691.3777,2708.346,2673.4902,2676.0979,20210727,898515.0,1366451.0
2672.7142,2682.2887,2637.5807,2669.5536,20210728,1146257.0,1362604.0
2669.8919,2707.3249,2661.8748,2699.2949,20210729,969352.0,1306205.0
2699.3079,2798.7608,2693.905,2785.2769,20210730,1629475.0,1604547.0
2778.4498,2787.8592,2703.0555,2704.7817,20210802,1466224.0,1461666.0
2700.815,2707.6259,2644.1529,2654.7372,20210803,1382155.0,1379804.0
2639.6081,2678.4537,2635.6626,2665.146,20210804,1024247.0,1343115.0
2658.406,2696.4977,2650.1964,2657.4277,20210805,1322535.0,1384452.0
2665.7768,2688.2503,2625.9464,2677.9021,20210806,1424918.0,1385895.0
2679.4637,2687.6759,2611.223,2637.2379,20210809,1402815.0,1424398.0
2628.752,2692.0952,2628.4606,2685.5844,20210810,1106812.0,1306824.0
2679.6923,2739.997,2679.6923,2733.8197,20210811,1197632.0,1393712.0
2739.9725,2782.7668,2723.5908,2761.7615,20210812,1189259.0,1375284.0
2764.7835,2783.1195,2756.3331,2782.4648,20210813,911220.0,1323488.0
2785.364,2829.4585,2760.4171,2801.5712,20210816,1285700.0,1456871.0
2796.9902,2827.6689,2780.374,2817.5451,20210817,1130802.0,1398024.0
2823.196,2845.6628,2803.2321,2819.7479,20210818,1203085.0,1410142.0
2823.0924,2823.0924,2765.5535,2783.35,20210819,1267620.0,1350556.0
2776.2957,2785.6696,2747.2618,2784.0081,20210820,1226034.0,1339928.0
2771.4633,2896.587,2742.4849,2893.3895,20210823,1744196.0,1519075.0
2892.8789,2900.191,2796.9988,2811.5347,20210824,1528825.0,1425965.0
2824.0594,2849.9428,2811.2637,2831.4356,20210825,1013879.0,1354451.0
2827.829,2829.7491,2762.7872,2764.6833,20210826,1173389.0,1393523.0
2763.994,2797.4908,2753.2174,2791.5952,20210827,913616.0,1306925.0
2797.3043,2813.492,2763.5915,2792.6441,20210830,1100686.0,1329658.0
2794.1574,2806.7048,2752.7698,2772.3737,20210831,1189144.0,1320942.0
2763.8427,2838.7866,2739.3617,2825.3985,20210901,1641250.0,1423890.0
2819.6838,2882.2091,2815.1976,2870.0755,20210902,1286717.0,1433540.0
2869.3817,2881.837,2848.2806,2874.1513,20210903,932604.0,1437981.0
2884.6599,2911.3479,2862.2772,2900.2058,20210906,1055059.0,1492715.0
2907.6107,3044.9203,2898.6341,3033.1062,20210907,1576885.0,1711340.0
3025.5988,3059.4396,2988.5915,3039.7508,20210908,1332078.0,1671678.0
3039.2556,3095.9003,3005.4024,3041.5583,20210909,1610344.0,1726610.0
3032.5401,3088.3163,2987.4257,2988.9804,20210910,1636522.0,1667285.0
3008.0794,3118.9959,2997.1563,3033.2984,20210913,1832133.0,1751917.0
3046.6112,3065.763,2972.9505,2996.508,20210914,1832985.0,1623876.0
2998.4455,3093.1448,2939.106,3091.1104,20210915,2150594.0,1664323.0
3097.0691,3185.6849,3095.4463,3108.5977,20210916,2027598.0,1597180.0
3092.6995,3124.5146,2995.6412,3007.434,20210917,1877440.0,1500044.0
3023.4104,3136.5052,3009.8631,3131.555,20210922,1428477.0,1460551.0
3130.9607,3255.3757,3095.4923,3244.0943,20210923,2106772.0,1642666.0
3243.1411,3269.025,3149.9909,3199.9834,20210924,2168443.0,1545629.0
3213.3418,3443.5203,3178.6685,3373.5667,20210927,2437127.0,1636026.0
3369.3526,3545.224,3351.6375,3510.6722,20210928,2395855.0,1588734.0
3507.4087,3545.076,3405.3291,3469.7932,20210929,2474175.0,1508757.0
3480.022,3743.0024,3456.4755,3732.4667,20210930,2207318.0,1382263.0
3810.0872,3812.2363,3557.4105,3707.2131,20211008,1763556.0,1312021.0
3709.755,3970.2055,3705.4881,3970.1111,20211011,2527069.0,1426885.0
3982.9433,4191.5285,3953.3118,4015.2176,20211012,3496217.0,1393669.0
3980.0506,4068.3838,3741.3904,3822.3922,20211013,4055298.0,1404746.0
3826.8651,3857.195,3648.1107,3789.6265,20211014,3769623.0,1469961.0
3789.3741,3814.6137,3586.5476,3722.2037,20211015,3974083.0,1436358.0
3712.311,3868.7506,3609.895,3814.9451,20211018,3808300.0,1450607.0
3806.2385,3859.0767,3684.9375,3761.62,20211019,3269991.0,1399760.0
3659.6289,3700.0,3429.7908,3429.8629,20211020,2151068.0,1318709.0
3314.0763,3487.1893,3242.6918,3294.4596,20211021,3154989.0,1440146.0
3296.0832,3385.3627,3089.5016,3230.9879,20211022,4508446.0,1526185.0
3237.0827,3262.6647,3097.7253,3158.1861,20211025,3650694.0,1480631.0
3193.6464,3213.2748,3024.1052,3150.4392,20211026,3787067.0,1542253.0
3163.1608,3167.0514,2847.3868,2848.7582,20211027,3757017.0,1590496.0
2807.1392,2866.8366,2626.0444,2747.6874,20211028,4790098.0,1546249.0
2760.2282,2870.3587,2737.7685,2821.1935,20211029,4728755.0,1673357.0
2808.9111,2940.3634,2799.563,2840.9764,20211101,3673654.0,1644350.0
2857.5084,2937.6029,2638.3308,2810.0324,20211102,4093331.0,1624503.0
2790.7995,2913.849,2737.7049,2890.5196,20211103,3708051.0,1619787.0
2876.9613,2893.6395,2764.0589,2851.5917,20211104,3090409.0,1614591.0
2887.1996,2902.1109,2728.8464,2730.2073,20211105,2971918.0,1666442.0
2740.4891,2864.1684,2734.9888,2767.0389,20211108,2573177.0,1605962.0
2775.8841,2800.3216,2726.1579,2729.1952,20211109,2241621.0,1573015.0
2713.7817,2726.1028,2562.3548,2655.7926,20211110,3107618.0,1702896.0
2656.3365,2733.844,2614.6652,2695.8177,20211111,2723405.0,1524278.0
2673.4231,2688.0749,2526.4591,2541.5464,20211112,2784645.0,1727611.0
2527.0277,2584.7612,2478.6071,2486.7545,20211115,2334601.0,1664440.0
2493.7709,2578.6664,2493.2412,2536.1727,20211116,1837594.0,1533625.0
2519.6114,2570.9845,2480.257,2538.5828,20211117,2085650.0,1622253.0
2553.4418,2567.5409,2477.6181,2530.3209,20211118,2179664.0,1561218.0
2519.7023,2618.5023,2484.333,2581.8443,20211119,2334423.0,1531656.0
2535.9625,2650.3275,2534.775,2615.1438,20211122,2237951.0,1544717.0
2621.4373,2685.7921,2606.7268,2652.9124,20211123,1995224.0,1481206.0
2669.7896,2737.659,2661.5083,2687.8581,20211124,1953692.0,1478144.0
2700.692,2725.9496,2640.8903,2722.904,20211125,2010966.0,1479141.0
2726.1057,2726.1581,2599.8404,2614.1519,20211126,2078691.0,1493607.0
2573.0774,2645.8142,2560.4371,2629.4454,20211129,1945653.0,1467581.0
2625.9294,2645.5561,2575.1077,2593.243,20211130,1537658.0,1384123.0
2589.5321,2661.1466,2566.0681,2644.588,20211201,1746340.0,1438826.0
2654.8134,2677.0226,2570.4151,2570.9309,20211202,1791650.0,1397879.0
2555.7454,2574.9383,2509.8707,2556.3366,20211203,1858210.0,1461680.0
2557.8402,2623.0029,2557.8402,2595.6429,20211206,1673232.0,1386411.0
2601.1329,2627.4958,2553.5964,2569.4089,20211207,1562078.0,1409378.0
2574.0256,2591.5148,2522.9687,2555.8239,20211208,1704344.0,1370602.0
2556.1137,2598.5773,2514.045,2528.475,20211209,1837921.0,1432663.0
2524.9032,2584.3095,2521.9941,2547.2413,20211210,1490480.0,1337741.0
2562.5468,2638.9877,2533.3827,2632.2832,20211213,1753236.0,1448833.0
2616.1436,2640.5929,2602.6873,2635.5479,20211214,1306241.0,1343668.0
2633.899,2658.4278,2580.1868,2589.2235,20211215,1694817.0,1405259.0
2581.2822,2665.1481,2574.449,2660.9016,20211216,1693988.0,1373476.0
2662.1502,2693.9636,2654.2775,2683.2379,20211217,1389625.0,1334290.0
2676.6231,2737.4809,2619.7026,2625.3025,20211220,1756067.0,1304126.0
2622.7156,2631.5853,2569.3035,2580.4677,20211221,1552683.0,1371981.0
2565.7641,2609.6448,2543.1197,2565.9024,20211222,1541752.0,1416052.0
2563.6055,2587.073,2544.8181,2576.2629,20211223,1210096.0,1382109.0
2576.0437,2648.7619,2573.2276,2610.6183,20211224,1781916.0,1457995.0
2615.971,2632.1832,2531.8967,2532.0286,20211227,1608553.0,1394155.0
2533.5839,2563.8741,2503.0627,2521.639,20211228,1418073.0,1467285.0
2524.2799,2561.6065,2523.9582,2544.9363,20211229,1244951.0,1327594.0
2543.5451,2565.1678,2518.5691,2541.7772,20211230,1270727.0,1376211.0
2535.2561,2536.7382,2473.1666,2476.6826,20211231,1547704.0,1349179.0
2512.2737,2602.5543,2512.0415,2585.6983,20220104,1364219.0,1257465.0
2585.8553,2594.1075,2553.5022,2573.2964,20220105,1047886.0,1256198.0
2577.174,2614.478,2556.5722,2599.9656,20220106,1296173.0,1311069.0
2618.6816,2639.4016,2578.8943,2629.931,20220107,1254397.0,1269834.0
2633.5761,2674.7892,2598.0899,2608.4576,20220110,1251682.0,1295390.0
2606.0492,2610.8506,2534.0616,2556.8912,20220111,1278613.0,1378532.0
2553.7184,2580.6238,2541.762,2571.3111,20220112,1013708.0,1371917.0
2575.5251,2632.6965,2572.0244,2604.7204,20220113,1284709.0,1469008.0
2602.9107,2710.0936,2601.8533,2706.3577,20220114,1362186.0,1498718.0
2722.0614,2726.0784,2677.7646,2709.2786,20220117,1195909.0,1504185.0
2708.4734,2768.6769,2656.3388,2765.969,20220118,1407695.0,1611096.0
2766.4082,2870.6846,2753.4023,2802.2153,20220119,1811810.0,1668486.0
2795.6167,2826.8367,2779.0052,2789.4509,20220120,1317811.0,1642038.0
2779.9363,2814.1325,2736.9169,2787.1078,20220121,1540772.0,1695982.0
2794.7076,2850.2471,2757.2589,2759.8407,20220124,1411137.0,1590330.0
2757.2629,2776.2485,2719.9923,2769.7497,20220125,1015619.0,1540274.0
2773.0554,2834.5336,2745.9779,2811.9524,20220126,1173869.0,1552889.0
2819.0904,2848.687,2797.1878,2814.9875,20220127,1003130.0,1461452.0
2829.2801,2914.4771,2799.6487,2815.5414,20220128,1250955.0,1420326.0
2888.9001,2970.4302,2887.3398,2944.1963,20220207,779468.0,1360851.0
2931.8951,2975.8701,2903.0202,2930.1522,20220208,1131746.0,1461862.0
2898.3275,2898.3524,2812.8699,2820.5704,20220209,1195910.0,1465487.0
2794.0397,2820.4981,2764.594,2798.7196,20220210,1174373.0,1532357.0
2819.9469,2822.4496,2706.7716,2708.5442,20220211,1331103.0,1573522.0
2722.7049,2797.339,2694.7227,2749.4,20220214,1279984.0,1482969.0
2742.6195,2774.9958,2724.5732,2754.4288,20220215,1074375.0,1510412.0
2729.5516,2769.9398,2710.3032,2746.3855,20220216,1101771.0,1499819.0
2740.5006,2759.3653,2679.0302,2679.8467,20220217,1114456.0,1510526.0
2683.5217,2773.1158,2682.0835,2758.7197,20220218,1142736.0,1552172.0
2746.7608,2777.7633,2732.7944,2760.1957,20220221,978449.0,1496410.0
2761.6627,2828.4842,2754.9998,2768.7085,20220222,1160289.0,1539160.0
2772.688,2819.2866,2766.4459,2810.6391,20220223,903827.0,1497691.0
2819.7954,2858.3873,2794.0225,2816.8442,20220224,1186234.0,1577416.0
2844.4081,2867.6038,2698.7845,2749.6851,20220225,1741139.0,1581885.0
2746.9001,2889.3873,2744.9523,2880.0061,20220228,1421180.0,1568752.0
2878.5477,2933.4079,2864.4301,2929.9455,20220301,985136.0,1508811.0
2957.3947,3051.5228,2926.3685,3005.6168,20220302,1505662.0,1612567.0
3014.0469,3141.3648,2984.7962,3122.4574,20220303,1537490.0,1586482.0
3123.2656,3128.1328,3010.703,3046.1067,20220304,1474374.0,1596724.0
3056.0984,3295.0561,3039.529,3271.96,20220307,1666662.0,1574212.0
3235.3096,3279.9635,3132.4279,3229.9271,20220308,1652494.0,1547220.0
3232.6518,3343.15,3207.3702,3264.7075,20220309,1655170.0,1525662.0
3186.7245,3193.7602,3019.4642,3099.4227,20220310,1742776.0,1430251.0
3133.6977,3179.875,3070.4647,3115.3561,20220311,1357890.0,1379312.0
3060.775,3099.7982,2979.3133,2979.3133,20220314,1249191.0,1379378.0
2969.5262,2982.0144,2899.4891,2909.119,20220315,1246872.0,1366280.0
2889.4605,2954.3466,2877.9967,2943.8765,20220316,990235.0,1292530.0
2943.7158,2956.5037,2886.0077,2925.6343,20220317,1015594.0,1382738.0
2961.7617,3022.7122,2954.1265,3017.0247,20220318,1137655.0,1376214.0
2963.0848,3068.1878,2957.9395,3057.1569,20220321,1113461.0,1475042.0
3061.3693,3119.2748,3055.4265,3075.943,20220322,1041396.0,1455142.0
3068.6427,3087.4029,3045.9544,3058.0342,20220323,1000370.0,1453649.0
3087.8446,3122.8208,3024.2296,3034.874,20220324,1211785.0,1505511.0
3046.8057,3124.5556,3024.565,3109.7257,20220325,1192048.0,1503795.0
3087.4853,3167.8602,3086.0878,3110.2283,20220328,1389493.0,1521601.0
3102.5745,3102.5745,3051.3016,3082.3189,20220329,1017474.0,1448741.0
3028.5734,3073.1757,2982.9575,3060.7534,20220330,1246218.0,1484031.0
3058.5457,3077.9302,2937.9406,2959.4326,20220331,1313357.0,1448581.0
2958.3552,2974.774,2919.6995,2922.3991,20220401,982627.0,1370772.0
2941.865,3002.049,2936.7558,2989.1,20220406,641967.0,1309196.0
3001.0432,3027.4603,2951.6401,2959.8427,20220407,1029577.0,1459252.0
2950.2861,2964.6959,2891.5043,2907.2821,20220408,1144840.0,1511979.0
2900.2481,2903.7906,2816.3007,2841.628,20220411,1194588.0,1587296.0
2825.2797,2890.0102,2806.2205,2877.9035,20220412,1040245.0,1507794.0
2880.9929,2915.0792,2874.921,2882.4413,20220413,1009162.0,1572021.0
2886.7543,2928.5393,2886.5571,2908.1698,20220414,1041921.0,1530654.0
2902.9545,2929.9023,2862.1158,2879.5436,20220415,1341297.0,1674255.0
2877.3486,2984.9133,2860.5294,2983.0195,20220418,1446308.0,1617449.0
2973.6721,3013.7082,2961.6122,2967.4266,20220419,1153382.0,1576421.0
2960.2311,2983.6911,2934.0444,2949.6018,20220420,1198213.0,1617215.0
2940.0018,2956.5394,2917.4715,2929.5943,20220421,1193444.0,1645529.0
2929.0913,2954.88,2867.063,2869.0134,20220422,1344747.0,1657062.0
2870.3645,2876.1244,2707.9366,2708.4248,20220425,1526234.0,1750319.0
2700.8084,2763.0671,2683.8016,2727.0209,20220426,1357076.0,1630461.0
2738.2138,2766.3742,2655.6353,2682.2226,20220427,1739608.0,1789491.0
2676.6425,2714.9556,2668.3092,2694.2255,20220428,1368116.0,1569851.0
2684.7568,2730.01,2667.7685,2711.86,20220429,1412518.0,1535173.0
2730.1137,2801.0426,2701.9183,2788.6732,20220505,1024465.0,1426485.0
2805.0205,2835.6542,2763.234,2774.0381,20220506,1453883.0,1596397.0
2775.6046,2775.6046,2675.0205,2689.3441,20220509,1934731.0,1762479.0
2668.0537,2687.4793,2603.3916,2659.1866,20220510,1782683.0,1786845.0
2670.0583,2708.9981,2622.7976,2704.6202,20220511,1430923.0,1733695.0
2708.5937,2746.9819,2666.416,2730.8973,20220512,1878473.0,1820980.0
2717.3432,2777.3916,2708.1475,2768.5068,20220513,1673872.0,1733702.0
2785.7247,2803.897,2761.6844,2774.2147,20220516,1379795.0,1743069.0
2779.7401,2814.825,2764.0136,2776.2229,20220517,1308955.0,1684226.0
2774.9353,2775.5426,2691.7088,2699.0732,20220518,1576355.0,1774492.0
2714.8182,2737.112,2684.9885,2727.2051,20220519,1302817.0,1682824.0
2712.4976,2787.9865,2696.667,2727.9253,20220520,1859505.0,1817050.0
2744.6577,2825.6949,2738.9308,2815.3256,20220523,2061976.0,1774688.0
2813.3549,2816.2698,2729.9121,2731.2832,20220524,1834814.0,1769888.0
2737.7687,2753.688,2690.8992,2740.2809,20220525,1776855.0,1782602.0
2741.2733,2807.8603,2722.2562,2799.7581,20220526,1899215.0,1826407.0
2795.835,2827.5493,2785.0678,2810.2217,20220527,1593763.0,1730979.0
2803.8581,2832.3881,2776.031,2788.1678,20220530,1885185.0,1825774.0
2790.8202,2853.6715,2771.1218,2832.9218,20220531,1873897.0,1782124.0
2836.5747,2886.1101,2808.9036,2882.7369,20220601,1891067.0,1887535.0
2890.8574,2892.4929,2843.6295,2863.5304,20220602,1420461.0,1712745.0
2903.2833,2907.593,2852.3431,2867.5395,20220606,1224039.0,1772284.0
2870.4255,2908.2125,2861.1564,2891.4073,20220607,1399859.0,1790302.0
2886.87,2965.9965,2881.3791,2950.0201,20220608,1702259.0,1884803.0
2955.5086,2970.7057,2894.8897,2903.739,20220609,1745247.0,1901388.0
2902.3795,2934.4866,2893.9713,2921.129,20220610,1369701.0,1805155.0
2923.625,2953.5425,2885.1014,2947.6357,20220613,1828609.0,1951790.0
2952.173,2962.2272,2895.1254,2947.2172,20220614,1954540.0,1870949.0
2951.4492,2969.2747,2850.0517,2851.5142,20220615,2099675.0,1929125.0
2850.372,2858.2658,2806.5281,2817.2413,20220616,1567768.0,1785497.0
2814.1379,2814.1379,2746.1674,2766.1218,20220617,1757275.0,1900029.0
2761.0019,2768.5922,2676.3258,2682.1965,20220620,1756805.0,1901922.0
2688.9514,2727.8449,2645.7037,2706.9892,20220621,1715104.0,1966177.0
2711.0546,2745.9909,2653.0433,2671.0672,20220622,1804979.0,1964517.0
2657.2441,2696.0818,2610.1825,2659.6089,20220623,2062187.0,2033413.0
2660.994,2687.8325,2551.2353,2554.7566,20220624,2256588.0,2142364.0
2581.8828,2602.9071,2514.8023,2597.3118,20220627,2202553.0,2070715.0
2599.1119,2647.4742,2579.4896,2644.7028,20220628,1802342.0,2025299.0
2650.39,2670.9224,2618.6003,2646.4133,20220629,1662331.0,1967808.0
2668.6214,2682.4344,2640.0912,2650.0512,20220630,1560135.0,1922546.0
2651.154,2653.5741,2551.4498,2569.9413,20220701,1849948.0,2016896.0
2587.8925,2591.3601,2527.4578,2573.5007,20220704,1582970.0,1997372.0
2578.6068,2598.279,2533.7549,2574.0,20220705,1759462.0,2088467.0
2556.8062,2561.897,2454.8147,2510.1299,20220706,2020452.0,2090556.0
2510.657,2585.7673,2476.846,2544.9261,20220707,1989211.0,2109907.0
2558.0024,2581.7468,2501.4001,2502.8482,20220708,1534776.0,2055715.0
2505.5679,2530.1153,2396.182,2422.5836,20220711,2156774.0,2288992.0
2413.0261,2422.8716,2336.6702,2346.1775,20220712,2086618.0,2246125.0
2333.3921,2379.867,2318.8726,2352.3724,20220713,1990528.0,2247515.0
2336.9067,2392.9579,2336.1647,2340.9724,20220714,1844168.0,2215153.0
2332.8498,2380.0483,2293.948,2316.7626,20220715,2171012.0,2316807.0
2337.9424,2414.3131,2320.8506,2411.0872,20220718,2006135.0,2268147.0
2415.6686,2444.2449,2341.2909,2356.8477,20220719,1852387.0,2235899.0
2345.9218,2452.3789,2331.5332,2438.4016,20220720,2473008.0,2392209.0
2441.4882,2470.9099,2417.5718,2421.3508,20220721,2207495.0,2266043.0
2402.4997,2473.2046,2386.9922,2463.0727,20220722,2164995.0,2329530.0
2453.2914,2508.5469,2432.6381,2434.6244,20220725,1937117.0,2222962.0
2449.3356,2493.9383,2421.7361,2486.8706,20220726,1789667.0,2260124.0
2488.7156,2506.4853,2452.9998,2459.5434,20220727,2045162.0,2315167.0
2464.6493,2580.8623,2441.3106,2577.5106,20220728,2266346.0,2425367.0
2577.248,2612.3594,2555.4221,2608.271,20220729,1814191.0,2287258.0
2616.1704,2646.6012,2558.1343,2563.6215,20220801,1948452.0,2301430.0
2550.6606,2569.2477,2526.0099,2568.3262,20220802,1870874.0,2173729.0
2557.4197,2584.5862,2504.0764,2553.4912,20220803,1931151.0,2227994.0
2582.8995,2582.9189,2509.8756,2523.0036,20220804,1855973.0,2187518.0
2526.7743,2526.7743,2468.8294,2488.0073,20220805,1717642.0,2209698.0
2488.6556,2574.1911,2479.0659,2560.6798,20220808,1862655.0,2186773.0
2547.5359,2558.8122,2497.0541,2509.2823,20220809,1778778.0,2170771.0
2527.2485,2528.7854,2425.584,2426.9956,20220810,1947514.0,2348207.0
2436.4959,2466.7093,2409.8333,2454.7274,20220811,1861684.0,2271936.0
2460.5405,2482.1649,2446.0321,2470.04,20220812,1639154.0,2223818.0
2463.6862,2515.449,2456.4884,2485.877,20220815,1830062.0,2143692.0
2460.6667,2507.5018,2433.8406,2477.7297,20220816,1713482.0,2213966.0
2477.2733,2495.1127,2403.7915,2405.6774,20220817,2090977.0,2365641.0
2398.5634,2441.5855,2396.2532,2418.8414,20220818,1537222.0,2270891.0
2432.9266,2445.8445,2393.3457,2435.9433,20220819,2067901.0,2465497.0
2431.0246,2486.6494,2426.2384,2474.463,20220822,1738790.0,2223788.0
2477.1254,2532.6096,2463.4472,2500.8399,20220823,1871673.0,2305095.0
2504.6761,2525.2761,2496.5032,2513.5114,20220824,1373758.0,2121482.0
2513.2334,2552.3341,2505.5242,2540.0704,20220825,1657993.0,2261546.0
2537.2108,2601.7376,2537.0868,2601.7376,20220826,1747351.0,2186434.0
2589.0562,2602.1694,2550.3819,2570.1606,20220829,1657172.0,2222217.0
2578.217,2612.5065,2558.1596,2573.6807,20220830,1686345.0,2143671.0
2568.5241,2593.5036,2546.0379,2558.9425,20220831,1666371.0,2176254.0
2543.741,2572.6661,2535.2302,2548.0359,20220901,1686258.0,2102376.0
2545.4777,2577.639,2520.3865,2567.1128,20220902,2059381.0,2261043.0
2568.6669,2611.5332,2552.9701,2601.5026,20220905,1828708.0,2174231.0
2609.5269,2683.5359,2601.812,2682.9393,20220906,1959843.0,2341707.0
2675.08,2680.9761,2665.7456,2668.9582,20220907,207584.0,2302641.0
2655.1804,2674.6139,2629.1798,2670.3699,20220908,1621765.0,2314199.0
2676.8226,2724.4745,2657.9854,2717.9447,20220909,1725826.0,2271662.0
2751.8443,2754.4884,2709.7375,2721.7314,20220913,1086412.0,2233837.0
2719.7807,2753.4871,2691.1949,2707.0455,20220914,1851336.0,2407364.0
2714.0935,2735.0767,2686.897,2703.676,20220915,1660352.0,2293424.0
2697.1737,2747.5119,2683.6057,2738.7241,20220916,1831411.0,2476063.0
2736.7647,2772.043,2686.4072,2686.5111,20220919,1909905.0,2391443.0
2678.4279,2708.3366,2648.5363,2651.2033,20220920,2046607.0,2480887.0
2652.0451,2691.995,2644.2964,2681.579,20220921,1738267.0,2313480.0
2680.7317,2732.1049,2673.3546,2713.6538,20220922,1779744.0,2447941.0
2721.9286,2732.7855,2626.5103,2627.2488,20220923,2097138.0,2325899.0
2617.6898,2651.1158,2610.0425,2637.3865,20220926,1906735.0,2364669.0
2640.2928,2731.0842,2637.6903,2730.4156,20220927,2136434.0,2331861.0
2736.6524,2742.8043,2697.6716,2722.5494,20220928,1763449.0,2246893.0
2739.4812,2816.5732,2715.7585,2802.6397,20220929,1985784.0,2167027.0
2812.5335,2813.3526,2735.42,2798.4795,20220930,1730105.0,1964013.0
2887.7239,2889.2568,2813.3406,2826.5374,20221010,1015827.0,1933220.0
2826.6749,2834.0226,2746.4541,2754.8282,20221011,1545318.0,2137566.0
2750.9811,2753.1244,2700.8387,2739.5711,20221012,1545064.0,2107614.0
2732.9126,2750.4804,2693.7258,2696.8325,20221013,1587576.0,2194409.0
2676.7866,2739.8339,2676.181,2705.9105,20221014,1600134.0,2134883.0
2703.1025,2715.8109,2631.2935,2642.1583,20221017,1827230.0,2297701.0
2641.858,2655.1973,2602.5835,2642.1934,20221018,1596888.0,2144767.0
2633.9863,2651.252,2609.4461,2647.6022,20221019,1595491.0,2251350.0
2649.2924,2684.7619,2637.4454,2667.0491,20221020,1929114.0,2279086.0
2667.3135,2676.5008,2596.9572,2597.5746,20221021,1900217.0,2278986.0
2596.434,2647.0771,2595.2912,2615.2025,20221024,1762441.0,2278112.0
2613.8145,2613.8145,2550.1843,2551.1869,20221025,1937359.0,2384648.0
2557.4173,2571.1378,2527.0251,2528.5495,20221026,1584114.0,2319957.0
2536.7975,2540.0195,2481.2144,2498.027,20221027,1904089.0,2468054.0
2507.7286,2513.0784,2466.298,2494.1543,20221028,1847495.0,2363175.0
2495.5868,2501.435,2424.0767,2434.7617,20221031,2086111.0,2447506.0
2422.1661,2517.5629,2421.2535,2505.7081,20221101,1929154.0,2296921.0
2509.3851,2528.8575,2465.8523,2511.6792,20221102,2002773.0,2373108.0
2502.6797,2535.0794,2488.3854,2502.2266,20221103,1898612.0,2315370.0
2503.6098,2559.4601,2486.6652,2552.859,20221104,1784908.0,2337733.0
2563.8367,2572.0886,2511.0863,2527.7096,20221107,1729351.0,2222101.0
2525.4145,2535.2113,2498.9381,2529.8674,20221108,1468376.0,2243806.0
2528.8345,2544.0368,2482.6112,2487.6983,20221109,1891732.0,2344099.0
2477.4942,2495.7682,2431.1994,2434.2242,20221110,1977661.0,2377993.0
2433.1993,2528.4674,2431.7598,2516.9505,20221111,2191687.0,2313945.0
2518.6879,2548.2311,2510.4315,2534.1387,20221114,1709118.0,2178466.0
2529.2365,2569.6744,2517.6861,2556.1815,20221115,1802374.0,2209282.0
2552.2319,2576.6151,2543.9913,2569.2793,20221116,1262779.0,2115170.0
2571.0008,2577.5653,2490.7678,2505.3036,20221117,2041767.0,2353097.0
2501.6105,2568.3704,2468.1198,2552.1739,20221118,2717324.0,2370826.0
2547.7113,2569.8902,2471.481,2485.903,20221121,2777241.0,2401776.0
2487.6616,2501.0572,2459.2304,2485.3742,20221122,2028722.0,2375633.0
2482.6975,2510.0647,2455.8311,2475.853,20221123,2357873.0,2430072.0
2466.7482,2523.5091,2461.1637,2513.4749,20221124,2240036.0,2415369.0
2513.8746,2575.2437,2504.1445,2567.8019,20221125,2222654.0,2477780.0
2572.4496,2574.3327,2495.6654,2508.5622,20221128,2584771.0,2496879.0
2509.5013,2581.1963,2509.3944,2566.0649,20221129,2162695.0,2371260.0
2567.857,2588.9252,2535.5337,2559.2701,20221130,2324995.0,2438811.0
2568.404,2585.1513,2532.6554,2549.709,20221201,2237484.0,2396990.0
2552.6471,2587.5759,2538.8651,2582.4023,20221202,2072396.0,2346003.0
2584.7713,2599.6728,2534.087,2541.6442,20221205,2501364.0,2469321.0
2548.1161,2552.3064,2511.364,2517.3083,20221206,2116612.0,2339118.0
2510.3277,2529.6618,2462.883,2474.8548,20221207,2446001.0,2584436.0
2478.7256,2498.4972,2469.44,2488.5571,20221208,1875885.0,2325131.0
2497.9032,2534.9925,2485.7684,2513.2347,20221209,2071752.0,2393011.0
2508.9434,2553.641,2500.6314,2544.8192,20221212,2010219.0,2215674.0
2541.0966,2563.4457,2539.2149,2554.3636,20221213,1505931.0,2136520.0
2565.363,2582.7252,2558.5363,2575.0864,20221214,1538405.0,2126132.0
2578.4752,2616.2945,2573.0216,2610.8478,20221215,1614702.0,2065917.0
2611.596,2618.8424,2570.521,2601.3534,20221216,1466969.0,2095923.0
2595.0652,2615.1239,2556.9799,2564.8502,20221219,1674193.0,2124995.0
2563.3084,2588.8288,2536.3072,2547.9002,20221220,1398398.0,2010081.0
2550.6526,2568.5064,2533.8997,2562.3766,20221221,1324947.0,2035691.0
2573.3279,2580.3355,2522.4568,2527.3144,20221222,1424023.0,2023981.0
2533.3981,2540.363,2482.4143,2495.9795,20221223,1573154.0,2135293.0
2501.777,2511.0477,2481.7567,2503.3196,20221226,1357877.0,2060779.0
2502.8449,2556.1322,2502.8449,2548.7942,20221227,1605510.0,2072120.0
2545.1896,2574.0892,2536.6832,2567.5478,20221228,1429579.0,1901636.0
2568.0955,2576.4136,2553.2633,2570.8917,20221229,1114864.0,1851065.0
2569.5374,2656.181,2567.292,2651.6902,20221230,1690866.0,1905678.0
2654.1494,2683.8645,2623.1067,2669.5327,20230103,1293736.0,1930428.0
2665.1183,2673.2573,2629.9847,2638.345,20230104,1530989.0,2022803.0
2626.5553,2641.9885,2612.3577,2630.3905,20230105,1340532.0,1949652.0
2633.1522,2638.8931,2595.348,2631.3401,20230106,1522937.0,2045411.0
2623.5946,2630.492,2570.3178,2597.5743,20230109,1800044.0,2069303.0
2605.0378,2634.6284,2586.7881,2625.5576,20230110,1649857.0,2042108.0
2624.1436,2646.2446,2616.4443,2636.1626,20230111,1296547.0,2022277.0
2642.6715,2653.1003,2610.6407,2624.5555,20230112,1545901.0,2129182.0
2631.8469,2667.4009,2628.4317,2655.0245,20230113,1577609.0,2062545.0
2653.9573,2663.9746,2612.3777,2626.7868,20230116,1380925.0,1961500.0
2628.3676,2695.492,2615.9949,2680.6927,20230117,1555474.0,2026284.0
2685.5108,2707.8513,2677.0275,2696.3581,20230118,1050057.0,1912543.0
