111290.1315,111901.5597,109855.525,111189.7154,20200102,572114.0,397261.0
111223.2868,111753.2077,107723.5449,107828.2076,20200103,1035216.0,412216.0
108105.3919,108607.2351,106848.7833,108146.7597,20200106,848322.0,398777.0
108001.7321,109321.4058,107126.0178,109311.8743,20200107,891516.0,398586.0
109017.2448,109666.4897,107820.5769,109120.7509,20200108,915670.0,397765.0
108859.6182,111676.5202,108818.6494,111362.1877,20200109,997942.0,404737.0
111331.8708,112048.7474,110945.361,111727.4054,20200110,805815.0,404909.0
111712.4393,113109.1604,111300.2677,112959.5895,20200113,814623.0,415557.0
112789.0734,113003.1565,108835.6346,108851.6619,20200114,986566.0,401906.0
108778.9601,109759.4829,108453.3381,109005.0288,20200115,554992.0,390791.0
109809.6629,111934.5863,109632.2779,111119.0603,20200116,692266.0,373800.0
111614.6705,111728.336,107789.9409,108480.326,20200117,798670.0,367525.0
108619.4087,108788.4766,107761.4846,108076.9844,20200120,638798.0,369086.0
108259.6646,110070.3486,107015.0539,107402.2687,20200121,903633.0,350511.0
107815.3925,108989.791,106195.9318,108265.5982,20200122,826478.0,316623.0
108085.1222,108250.5686,105516.2313,105661.8405,20200123,719832.0,314113.0
100649.7619,102409.6923,100629.4498,102096.8523,20200203,395491.0,287691.0
101960.2745,104667.6414,101755.2019,104361.8792,20200204,509767.0,290876.0
103891.0753,105814.3173,103838.5509,105063.1878,20200205,540750.0,289963.0
105462.1852,106025.9145,104740.959,105025.4388,20200206,576301.0,291877.0
104832.8216,105580.3252,104133.6135,105165.2972,20200207,466816.0,291478.0
103829.7627,105092.9258,103562.3444,104359.5797,20200210,420703.0,290052.0
104258.8135,106554.6626,104249.054,106126.1946,20200211,525329.0,296389.0
105889.8963,106359.6724,103636.1917,105033.3464,20200212,605029.0,290992.0
105164.1459,106165.3422,104780.0477,105563.6849,20200213,570624.0,288888.0
105850.516,106909.7514,104605.3336,104663.9388,20200214,457486.0,294609.0
104645.2647,105542.5378,104335.6722,105185.5901,20200217,326338.0,294441.0
105180.9652,105592.8025,103614.4476,105076.7839,20200218,484816.0,280656.0
104372.3773,104815.1451,103755.2567,103876.9716,20200219,412042.0,281211.0
104024.5219,104559.5667,103453.8639,104094.6073,20200220,474521.0,276632.0
103698.2332,103957.8551,102462.8987,102467.3974,20200221,456101.0,290007.0
102230.6077,103056.0703,101202.0435,102810.4854,20200224,485355.0,271385.0
102242.1533,102992.9426,101503.8085,102760.5075,20200225,459256.0,262904.0
102087.7549,102666.6826,100845.6381,100845.6381,20200226,524407.0,269199.0
101123.1531,101724.5377,100742.3339,100934.3449,20200227,430691.0,252031.0
100630.978,100700.4383,98594.7221,98614.1959,20200228,593310.0,248271.0
98866.8299,102373.6506,98821.4311,102266.7852,20200302,557329.0,222370.0
102774.3142,104234.7272,102336.1534,102651.6914,20200303,447234.0,224177.0
102728.3802,103040.5531,102169.2904,102598.1783,20200304,384572.0,226164.0
102515.0658,103937.1979,102097.7711,103228.6003,20200305,504210.0,241570.0
103530.3423,103589.579,102766.8753,102873.5225,20200306,441178.0,230077.0
102264.1445,102264.1445,99242.9083,99513.6278,20200309,599454.0,207095.0
100697.7274,104407.503,100576.2613,104054.3062,20200310,614677.0,215069.0
103271.7708,104246.5693,102039.4999,102217.8315,20200311,508666.0,209064.0
100819.7929,101172.0953,99785.4685,100440.2737,20200312,534537.0,212649.0
97704.6554,100149.3455,96178.8984,99245.2222,20200313,732493.0,201879.0
99641.4462,101368.5509,98798.1817,99300.1229,20200316,511003.0,190938.0
99414.1825,100138.7394,98993.6861,99481.7335,20200317,463105.0,181745.0
98226.9078,99705.2027,94970.4558,95017.8807,20200318,778815.0,195469.0
94825.6766,95725.4703,90657.0661,95212.3522,20200319,875934.0,192045.0
94881.7504,96616.4563,94420.8838,95893.3634,20200320,593545.0,184048.0
93660.0854,94312.9663,91267.4195,91959.2774,20200323,589881.0,187081.0
92594.8449,93766.4018,91084.2017,91677.1831,20200324,652381.0,186171.0
93503.6133,93713.5443,91329.7951,91964.885,20200325,574562.0,197742.0
92621.0233,93343.1455,91646.3491,91677.693,20200326,591786.0,188200.0
92133.4626,93501.4268,91932.793,93494.4224,20200327,618055.0,180790.0
92862.9671,94103.2366,91682.7782,93250.8296,20200330,615236.0,170680.0
93473.1764,93959.4425,91902.8227,91931.5464,20200331,470590.0,183884.0
92747.3992,93283.7585,92332.8315,92711.9615,20200401,509170.0,174534.0
92396.3362,93213.4311,89669.0618,92937.3729,20200402,769435.0,175939.0
92905.5608,93222.3207,92056.1738,92684.7455,20200403,443194.0,170215.0
93585.6755,94258.4308,92917.012,93342.0866,20200407,469625.0,176141.0
93077.0458,95300.1963,92460.0077,95242.1843,20200408,578155.0,206836.0
95355.8509,95769.9256,94660.5685,94967.3709,20200409,438197.0,200148.0
95279.176,97722.5005,95218.6973,97325.1889,20200410,586630.0,214599.0
97197.1616,97505.4404,96037.2394,96392.5167,20200413,410893.0,209311.0
96550.0963,97363.2857,96072.5367,97134.1195,20200414,458424.0,214395.0
97158.6614,98660.9496,96693.8613,97278.616,20200415,498397.0,221786.0
97152.9533,97184.7904,95796.8034,95851.371,20200416,356914.0,212207.0
96603.1134,99030.2657,96574.0627,98974.0395,20200417,471028.0,222992.0
98823.355,102258.7691,98042.1888,101994.2309,20200420,676060.0,246206.0
101939.5373,102459.6642,100085.5567,100950.3473,20200421,613349.0,223892.0
100418.4623,100587.8605,96644.0483,98086.0962,20200422,590548.0,215108.0
98367.7807,99750.4229,98319.7365,99570.0565,20200423,560518.0,214601.0
99247.9344,101270.9796,98847.8382,99788.9094,20200424,504675.0,206524.0
101176.2585,103680.7145,100544.8041,101527.9942,20200427,609503.0,213886.0
101044.5124,101434.2135,99484.387,100512.3733,20200428,427290.0,211583.0
101017.551,101619.7758,99916.6584,100066.5436,20200429,394279.0,205353.0
100859.5756,101175.5376,99923.8177,99938.6619,20200430,329407.0,193239.0
99151.6977,101578.9914,97932.2387,101303.2773,20200506,493184.0,215781.0
101122.556,102700.7475,100658.2219,101848.0517,20200507,811025.0,229634.0
101962.9989,102673.2447,100426.8114,101712.9392,20200508,820600.0,223662.0
101602.2693,103298.2789,101359.7752,101598.4422,20200511,900414.0,224689.0
101448.3048,102945.0501,100720.6703,101052.3584,20200512,838898.0,221985.0
101342.8736,101601.2095,99761.1115,101119.3577,20200513,825984.0,216306.0
101203.5123,101498.215,100223.6152,101152.2309,20200514,635864.0,212818.0
100702.4545,100754.1362,99123.1651,99423.6801,20200515,770968.0,231918.0
98953.2327,100323.2022,98214.3592,99853.1579,20200518,766796.0,224795.0
99928.5245,102160.6204,99928.5245,102081.0448,20200519,674365.0,224737.0
102550.5421,103075.2544,102025.7081,102586.4496,20200520,561898.0,223686.0
102549.8812,105734.3399,102319.9685,105120.6878,20200521,927762.0,250686.0
105698.1226,106129.01,96124.8291,99842.9148,20200522,1347867.0,210912.0
100297.8559,101537.732,100127.3885,100692.3894,20200525,684298.0,201189.0
100805.771,101779.0777,100651.6091,100943.3282,20200526,442138.0,211073.0
101328.122,101438.3201,99692.6234,99972.223,20200527,737266.0,212879.0
99930.3008,101011.9351,99376.761,100678.3719,20200528,671359.0,210543.0
100515.0982,101214.2443,99840.0663,100063.0717,20200529,653008.0,210536.0
100148.6922,103921.9871,99939.4939,103197.9309,20200601,739171.0,228892.0
102733.5114,103227.2412,102077.956,103171.7422,20200602,520232.0,226325.0
103615.815,104467.1885,102994.756,103462.6526,20200603,709115.0,228932.0
103850.3848,103856.3106,101827.1095,102196.8191,20200604,734922.0,227081.0
102444.9129,104073.0988,102337.265,103825.9569,20200605,670769.0,234156.0
103988.1337,104462.9494,103290.9938,103811.2237,20200608,695947.0,234640.0
104158.5359,105467.2257,104158.5359,104714.6309,20200609,739530.0,242281.0
104471.2968,104471.2968,102714.5647,103233.4011,20200610,721611.0,238117.0
103873.4442,104338.7938,101520.2717,101895.0813,20200611,839338.0,246677.0
101514.1285,102208.976,100830.5339,101814.6332,20200612,410395.0,238249.0
102164.7054,102381.0172,100343.8834,100390.7208,20200615,500415.0,247563.0
100656.4688,103683.2452,100593.3993,103673.14,20200616,520597.0,229045.0
103851.9582,103926.1219,102625.7978,103557.999,20200617,467700.0,232700.0
103446.1836,104161.1519,102719.9183,103317.485,20200618,486893.0,229710.0
103025.186,104584.8883,102694.3934,104278.7467,20200619,565242.0,233484.0
104173.9597,104320.3873,101836.1684,102062.2263,20200622,578300.0,240478.0
102234.4078,102833.1924,101411.5345,101671.8931,20200623,506228.0,236776.0
101882.282,102218.767,101527.0853,101806.0335,20200624,364244.0,224549.0
101768.6444,102975.6595,100730.5658,102705.0378,20200629,441966.0,218067.0
102362.2543,103225.2451,102197.4432,102977.9612,20200630,444631.0,215959.0
103149.7479,103235.2836,101584.2573,102047.8006,20200701,504540.0,234294.0
101525.3894,103062.6444,101397.1999,102998.6308,20200702,567788.0,229266.0
102993.7066,105744.6207,102790.289,105575.5775,20200703,830049.0,268329.0
105694.0831,107251.0501,104436.889,106884.8678,20200706,985819.0,285158.0
107214.7772,107880.2117,106376.5335,106889.8578,20200707,819527.0,279406.0
107114.5423,108196.5302,106586.6191,107359.3725,20200708,804699.0,279950.0
107332.273,107636.014,105950.7019,107456.5172,20200709,845765.0,283119.0
107516.5167,108433.4583,105002.4258,105309.329,20200710,1066375.0,266356.0
105658.774,109048.2198,105523.3201,108363.1751,20200713,1084223.0,277676.0
108038.128,109947.0794,107602.7952,108899.4902,20200714,957554.0,280763.0
108801.5247,109308.5422,107633.4934,108434.4593,20200715,780931.0,272870.0
108533.9492,108711.9971,105147.6022,106083.8383,20200716,1054685.0,255840.0
106491.1929,107228.9171,106054.1612,106239.0143,20200717,750716.0,245507.0
106392.4559,106499.3071,104287.5987,105520.6768,20200720,856249.0,246781.0
105551.3385,106618.9264,105246.4921,105888.7079,20200721,709064.0,251621.0
106207.5643,108333.486,106207.3423,106576.7069,20200722,893593.0,244298.0
105943.6441,106074.4948,104659.2567,106009.8824,20200723,783523.0,257074.0
106910.5285,109091.2392,106233.7151,107536.5064,20200724,1200878.0,242570.0
107606.823,110691.9415,107468.1246,110036.8428,20200727,1189365.0,278770.0
110018.7789,112054.1085,108403.2558,108732.4118,20200728,967851.0,269335.0
108492.4525,110461.4608,108309.0699,109492.0135,20200729,750435.0,267597.0
109581.1961,111886.0191,109365.8797,111241.1291,20200730,1080682.0,289583.0
110443.2696,111253.9629,108905.1332,110498.6365,20200731,1130468.0,269073.0
110445.9946,110600.898,108275.2506,109024.2904,20200803,987452.0,280005.0
109505.3143,111539.15,109475.764,110880.1645,20200804,933977.0,278039.0
110875.4111,113035.3063,110404.6425,113016.5178,20200805,1145044.0,312562.0
112929.2244,117241.776,112735.8984,114583.987,20200806,1922068.0,316739.0
114808.195,116491.8781,113679.9128,115116.152,20200807,1212925.0,312607.0
115198.4674,115677.8397,112164.8367,113218.5099,20200810,1174864.0,297355.0
113609.6164,114559.5362,111932.4621,112156.5963,20200811,934480.0,294022.0
112629.5468,113503.216,110607.2679,112321.832,20200812,1129488.0,273188.0
112205.0545,113205.1599,111887.6685,112574.3133,20200813,875416.0,272061.0
112488.735,114797.6676,111863.6374,114114.5509,20200814,817632.0,275368.0
114340.6084,116056.1657,113912.6441,115961.1992,20200817,786777.0,283468.0
116079.04,116864.2118,115419.4855,116187.5958,20200818,683086.0,268175.0
116571.1526,117460.6598,115673.3946,116283.7134,20200819,837709.0,267224.0
116994.955,117355.2882,114526.4809,116040.5184,20200820,896224.0,260779.0
116659.0486,116956.6543,114800.5458,115396.6346,20200821,754256.0,258275.0
114879.7061,117355.2928,114817.5103,117204.7405,20200824,824536.0,274291.0
117416.5946,118095.4416,116469.4967,117304.7748,20200825,815042.0,273245.0
117523.3649,119788.6885,116882.3841,119572.8351,20200826,982113.0,323285.0
119411.3157,120607.1308,118927.7671,119364.9175,20200827,894359.0,305734.0
119395.747,120280.0955,118497.2794,120264.1269,20200828,913359.0,306291.0
120911.0315,121392.525,119973.1952,121189.4144,20200831,837580.0,309291.0
121150.6905,123271.3874,120242.2902,123007.916,20200901,836674.0,332931.0
122849.6268,122948.1464,121016.2318,122099.9979,20200902,795368.0,312322.0
122190.4167,123807.7925,119623.4188,119932.5687,20200903,1165317.0,309791.0
119163.0835,120154.1342,117886.1277,119195.4259,20200904,1008202.0,286019.0
119544.5599,120414.5007,118678.2742,119047.4122,20200907,856649.0,285550.0
119301.4329,119948.0294,118605.6305,119570.8931,20200908,732933.0,281243.0
118482.849,118512.5208,115694.2786,115803.2596,20200909,984089.0,262944.0
116379.5328,116986.8311,115475.4435,115745.2752,20200910,704280.0,268761.0
116182.2033,116865.2008,114746.1716,116094.2949,20200911,819142.0,264896.0
116519.489,118891.4901,116201.885,118766.4577,20200914,717457.0,276574.0
118664.58,119344.9347,118405.5644,118772.4462,20200915,609736.0,267604.0
118864.678,118893.2422,116961.6089,117562.4432,20200916,738729.0,253466.0
117643.6308,118110.3525,115374.7533,115634.1859,20200917,756200.0,262670.0
115667.0825,117455.0175,115402.4828,116777.1883,20200918,663104.0,256994.0
116280.8654,116475.0273,113949.424,114195.4638,20200921,799418.0,268222.0
114254.5312,114507.0753,110664.1111,113300.7578,20200922,891399.0,254291.0
113699.1216,113923.9283,111140.1183,112840.8682,20200923,815246.0,246850.0
112233.5915,113245.9947,111093.2493,112088.1427,20200924,776416.0,237905.0
111450.6214,113589.5068,111450.0344,113521.5946,20200925,790159.0,231337.0
113145.7959,113721.864,111795.9915,113402.5429,20200928,789573.0,230100.0
113550.7777,114014.4573,112798.4634,113813.4238,20200929,640278.0,223678.0
113610.6104,114576.7719,111679.2778,111706.645,20200930,747478.0,217871.0
113570.6577,116056.4992,113427.1599,115880.0795,20201009,333069.0,215318.0
116193.4511,117565.7938,115624.715,117049.4566,20201012,616203.0,232732.0
117223.9875,117538.2766,116368.3333,117051.9234,20201013,566869.0,232323.0
117039.5984,117298.622,116120.7544,116947.7695,20201014,697221.0,232071.0
117325.1233,118962.1433,117200.7039,117833.6724,20201015,699508.0,240990.0
117978.4128,119573.4433,117388.0549,119406.639,20201016,722666.0,243380.0
119662.2577,120855.9295,119217.5503,119396.9645,20201019,822196.0,250353.0
120022.7203,120317.2815,118936.5063,120142.6727,20201020,549956.0,252478.0
120424.6039,122031.7143,120365.1067,121634.754,20201021,766153.0,276834.0
121624.8559,121657.7099,119253.9649,119768.1937,20201022,578493.0,256269.0
119753.7896,120191.7739,119153.3766,119761.8434,20201023,510161.0,255473.0
120000.0024,120607.8868,117622.1508,117851.9276,20201026,590711.0,247241.0
117834.6908,119421.7638,117525.1211,119322.8946,20201027,489499.0,257853.0
119321.9651,125084.8698,118729.8842,124898.4934,20201028,1021115.0,342603.0
123049.6656,123130.6862,120271.2649,121526.1651,20201029,917053.0,302304.0
119561.4801,120630.346,116454.9181,116975.2286,20201030,1001647.0,271204.0
117140.0155,117628.2751,115399.4768,115585.5755,20201102,667978.0,271932.0
115760.4354,116660.0338,115568.3613,116091.4273,20201103,532896.0,273408.0
116587.5029,117499.8783,114769.8787,116232.6223,20201104,725756.0,267593.0
116693.8344,117313.8693,115515.0274,116328.5478,20201105,643476.0,266843.0
116685.8248,117624.6195,115785.6073,115926.2764,20201106,677294.0,273993.0
116689.0295,118123.1124,114099.2298,117855.3124,20201109,962764.0,276026.0
119021.1088,119269.5853,116943.2839,117820.1418,20201110,741015.0,270886.0
117854.5895,119244.9818,117374.3738,118112.5633,20201111,747394.0,282730.0
118350.9102,120214.2831,117496.6272,118941.9534,20201112,800294.0,293557.0
118860.1212,119982.1883,118046.9905,118482.1691,20201113,678946.0,292019.0
118614.9144,120800.8099,118427.5094,120148.9518,20201116,858405.0,305513.0
120201.4757,120296.2207,115973.6521,116089.8007,20201117,930095.0,300691.0
116829.2191,116860.7572,115693.9435,116255.0619,20201118,627589.0,295100.0
116372.7151,117026.1989,115194.1066,116490.276,20201119,675673.0,288937.0
116371.5337,117928.9135,116357.4663,116937.4361,20201120,651211.0,284781.0
117349.9803,120012.8236,117255.262,119791.8251,20201123,827069.0,290337.0
119158.2685,121427.9615,118639.5269,121200.4502,20201124,794391.0,306643.0
120604.2202,121626.0321,119612.427,119704.7038,20201125,832212.0,305992.0
119809.7321,120806.3976,118633.8504,120781.1029,20201126,812685.0,306632.0
120067.2077,123119.2398,120028.1289,122874.7007,20201127,1037678.0,341844.0
122606.3748,123588.1572,120485.7867,121989.4049,20201130,1005587.0,325532.0
122358.6873,122745.561,118767.82,119341.8045,20201201,932270.0,312896.0
119762.264,120826.616,119352.6423,119815.2505,20201202,821965.0,310690.0
118998.8905,119183.4617,117317.4886,117670.1918,20201203,830027.0,313354.0
118265.4174,118368.5516,116606.6442,117905.674,20201204,802417.0,305052.0
118096.0326,121221.7467,117907.6769,121119.1799,20201207,952037.0,311611.0
120674.6705,122051.4346,120272.5678,121624.2077,20201208,869972.0,314953.0
121623.4066,122494.0606,120664.2657,121716.9583,20201209,826492.0,309108.0
121708.1738,124878.8518,121708.1738,123603.2772,20201210,1116768.0,330560.0
124366.1134,130841.4176,124166.8215,129194.4898,20201211,1552324.0,347804.0
128774.3453,132861.774,127592.0406,130900.4269,20201214,1144580.0,359022.0
131891.6356,131960.731,129782.2443,131412.9805,20201215,757680.0,363082.0
131467.267,134026.7956,128350.5693,129384.1019,20201216,1089296.0,338204.0
129563.3196,130776.5018,128787.1323,130506.819,20201217,784563.0,336903.0
131051.0927,132156.4835,129076.4904,131684.2387,20201218,1119013.0,342059.0
131307.7237,133428.9513,129337.7279,132959.8708,20201221,1216215.0,356051.0
131477.2161,131568.7241,125079.9807,125730.3972,20201222,1206516.0,323724.0
126378.6589,126573.8463,121161.7693,123951.7982,20201223,1200516.0,311625.0
124042.2844,125842.5648,123979.6489,125131.0807,20201224,822317.0,308777.0
125283.7413,128103.5717,125280.9751,127506.0656,20201225,907950.0,310636.0
127433.5172,128761.4825,126389.9416,127747.0289,20201228,938216.0,309887.0
127909.9645,129331.8257,126319.9748,126764.9048,20201229,931531.0,311853.0
126516.4909,127213.1793,124549.7888,125241.5777,20201230,1008725.0,309977.0
124724.2112,125231.4187,123551.6858,123560.5854,20201231,915309.0,311876.0
123283.4213,128889.6354,123193.5944,128201.6181,20210104,655186.0,320461.0
128171.44,130149.597,128023.768,129571.7513,20210105,964056.0,325790.0
129427.8615,130665.6369,128294.097,129473.0563,20210106,878446.0,319874.0
130161.1292,133869.2802,129214.7578,133289.3335,20210107,1125122.0,341045.0
132347.2064,134389.178,130970.9063,132489.5069,20210108,1037895.0,329333.0
132415.1313,132828.0323,126890.9448,127518.1876,20210111,1220047.0,308319.0
127179.3005,130160.7164,125778.2086,129897.3384,20210112,1051359.0,300896.0
129862.5109,131558.2135,129316.0836,131039.8972,20210113,1046627.0,314090.0
130664.412,132110.1737,129005.1449,132022.7456,20210114,1076144.0,331538.0
132388.1426,136277.7613,132047.3239,132364.9657,20210115,1221751.0,344833.0
132759.4615,135089.468,131723.729,134882.1478,20210118,932046.0,335795.0
134470.3855,134685.6558,132688.7974,133444.6179,20210119,728921.0,321570.0
133628.4901,136407.3013,133245.7168,133946.9608,20210120,962823.0,325914.0
133863.5182,136697.5702,133040.3311,135585.4861,20210121,922752.0,349360.0
135742.3026,136249.9774,132781.307,133231.9892,20210122,987833.0,320684.0
132516.7876,137034.5975,131976.3446,135801.419,20210125,1035732.0,334443.0
135418.887,136088.462,133841.3372,133880.8874,20210126,865765.0,316302.0
134667.5436,134899.3808,133177.1514,133667.5165,20210127,871292.0,299130.0
132658.9463,132658.9463,130632.8379,131224.3164,20210128,1016466.0,282017.0
131037.4062,133004.7352,130219.3434,130491.0175,20210129,918201.0,267093.0
131040.3855,133163.9464,130994.8002,132642.6082,20210201,1027289.0,261904.0
132570.3733,132705.7826,130713.1339,130980.2863,20210202,864464.0,256316.0
131104.8827,131632.8684,128850.4677,129605.7904,20210203,924299.0,261682.0
129914.2555,130795.9561,129181.3708,130476.1194,20210204,785820.0,260258.0
130262.1027,133221.0444,129920.8376,132818.6213,20210205,845592.0,262369.0
133311.4415,134407.6767,132758.7552,133535.9866,20210208,656469.0,246720.0
133462.6461,135705.9596,133312.0477,135220.5522,20210209,582989.0,249242.0
135443.9244,136395.2507,133859.7405,136147.3051,20210210,585988.0,246057.0
137399.6,139609.0582,137314.5559,138510.3631,20210218,314045.0,255077.0
139669.0594,144757.7665,139669.0594,143994.9873,20210219,716765.0,303756.0
144338.9979,149293.6691,143408.2023,146227.4414,20210222,978730.0,303340.0
145966.2063,147439.8314,143339.7458,145006.3844,20210223,894999.0,285502.0
143304.4267,144046.5894,141343.837,142374.9725,20210224,838247.0,268323.0
143549.89,147623.7686,142279.9176,145084.3901,20210225,950610.0,266521.0
145131.2627,145507.1666,139474.9545,140505.1447,20210226,973384.0,247445.0
139108.4832,141720.5199,138106.8626,138700.2878,20210301,841034.0,242577.0
138565.7002,139488.3123,136059.4159,138114.8321,20210302,890402.0,243951.0
138632.9332,139847.2059,137216.2919,138253.5543,20210303,817165.0,250742.0
133916.084,134052.0428,130498.4414,130498.4531,20210304,808712.0,262003.0
123903.4904,123903.4904,120249.8577,121575.0755,20210305,1386735.0,244441.0
122637.5205,125157.2059,121088.0805,121954.6558,20210308,1127545.0,243133.0
121452.6082,123735.2522,118681.0719,119015.1912,20210309,1031240.0,249981.0
119471.6011,121523.3886,118866.0022,119709.661,20210310,981222.0,248318.0
120557.6329,123264.1829,120320.3015,122465.9909,20210311,1038315.0,244239.0
122868.4038,123340.4202,120410.6407,120874.1071,20210312,993411.0,256321.0
121113.0924,122058.1488,118759.2011,121845.5109,20210315,1176153.0,252222.0
121732.2974,122485.1689,120124.6958,120410.1622,20210316,824727.0,248072.0
120998.1263,121869.6777,119702.9886,120123.6487,20210317,783671.0,260963.0
120439.2537,122107.542,119490.5157,120475.995,20210318,823357.0,254389.0
120317.6364,121196.86,118291.8874,120555.5113,20210319,970115.0,231783.0
120749.9726,123280.0487,120749.9726,122654.2523,20210322,942024.0,228131.0
123307.2241,124705.1389,121996.1583,124663.3801,20210323,890835.0,226996.0
124144.122,124379.9611,120204.531,120789.8791,20210324,850438.0,227641.0
121184.8461,121793.2311,119519.4569,119869.487,20210325,753513.0,237222.0
119663.0581,123664.9667,119659.294,123157.9491,20210326,839766.0,220506.0
123002.7988,124135.3649,122499.8818,123697.7763,20210329,769139.0,222106.0
123275.7696,124288.8884,122239.3108,123481.7553,20210330,814801.0,225979.0
123678.853,123824.9597,119921.7992,120609.2852,20210331,1058004.0,235858.0
121398.735,121733.0496,120542.0539,121016.9167,20210401,696498.0,220568.0
121281.5266,123887.2705,121275.9115,123425.0742,20210402,782240.0,224189.0
123444.9835,126398.8955,123444.9835,125068.5987,20210406,443278.0,235629.0
125567.7991,126512.731,125036.3595,125980.1366,20210407,630075.0,238647.0
125749.6246,126955.74,124059.8925,126645.1242,20210408,858186.0,249740.0
126938.2916,127693.1185,125734.3915,126146.6456,20210409,684879.0,242025.0
126346.5551,126753.811,121959.8527,122288.3854,20210412,925483.0,238068.0
122536.8352,122821.9823,121130.8863,121729.8838,20210413,736983.0,239607.0
122293.0283,122436.8608,120896.0533,121544.5789,20210414,677519.0,244019.0
122198.8086,123023.8014,120762.6232,121384.4331,20210415,695453.0,252056.0
121317.2096,124056.9521,121172.2792,123483.4249,20210416,782424.0,232985.0
123773.1396,123961.1596,120390.4091,121433.7059,20210419,779615.0,251021.0
121337.3935,122093.1246,120380.586,120997.8132,20210420,701529.0,252717.0
120968.6968,121671.4075,119362.8842,120889.4805,20210421,873428.0,254316.0
120602.6638,121668.5987,119169.5456,119812.6645,20210422,843695.0,266516.0
119870.9422,121041.8982,118814.4255,120283.0836,20210423,902805.0,255714.0
120760.0976,123297.2125,120394.0433,123130.038,20210426,963307.0,242002.0
123133.7787,126992.6063,123133.7787,126416.5321,20210427,960324.0,264681.0
126033.3428,127344.7878,125211.9842,127211.4933,20210428,826074.0,264291.0
128540.5229,130884.2997,127829.3589,129735.4851,20210429,947800.0,269743.0
130205.4657,131308.7553,127907.1524,131190.1109,20210430,944269.0,253375.0
132744.3728,133828.7891,129872.0494,132016.3768,20210506,491900.0,248052.0
133120.5126,134094.1717,131825.3271,133466.4724,20210507,914619.0,252379.0
133826.1906,135385.9154,132052.6015,133002.4438,20210510,1031362.0,247868.0
133257.3635,133530.8622,129522.8824,131658.1825,20210511,970579.0,231447.0
132068.7286,133787.1727,131290.6502,132824.6736,20210512,872233.0,235304.0
131522.2292,132151.5577,127862.6062,128692.1648,20210513,965047.0,226257.0
127775.2087,129192.9162,126113.1916,128618.5859,20210514,860371.0,217959.0
128622.1084,131748.5776,128417.125,130642.7465,20210517,829151.0,225631.0
130739.9722,134478.8504,130292.8795,134164.6235,20210518,699768.0,239134.0
134118.8822,134127.9879,132069.6302,132614.2786,20210519,778598.0,236325.0
131562.7714,131616.2391,127034.1496,128205.0147,20210520,862300.0,214289.0
127908.3305,128189.5801,124155.6804,124184.3302,20210521,802030.0,217286.0
125884.12,126053.3337,122605.6423,123904.7597,20210524,796093.0,210161.0
123929.9398,126466.147,123920.6193,125223.4065,20210525,559873.0,203876.0
125240.3239,126874.9924,124554.0808,125376.6176,20210526,582073.0,198636.0
125466.2029,127390.5279,124795.4961,126368.8754,20210527,672235.0,194687.0
126727.445,133004.6406,126518.7731,132238.2093,20210528,996817.0,212157.0
131107.3809,133336.9601,130939.4734,132710.0802,20210531,807719.0,217089.0
132565.817,134782.4191,131558.2989,134747.3728,20210601,770778.0,233443.0
133794.8072,134277.1561,131635.3852,133433.3013,20210602,672057.0,223431.0
133228.3583,135487.0014,132646.5497,132973.3336,20210603,822006.0,243560.0
131692.4982,132106.724,130020.6929,131191.5809,20210604,588229.0,233003.0
131943.6713,133077.1907,129320.2452,129423.5602,20210607,506799.0,223196.0
129542.0977,131795.7577,129148.233,129960.4396,20210608,481740.0,216178.0
129932.1323,133212.9709,129754.7168,132580.4617,20210609,575871.0,235355.0
132763.2948,133279.9903,130397.0918,130903.7503,20210610,604977.0,218176.0
131123.5476,135014.3677,130955.3678,134986.7805,20210611,626590.0,252488.0
135129.6911,135700.6889,131141.2597,132225.8336,20210615,356924.0,227631.0
131572.0212,132729.6425,127666.7211,128073.9734,20210616,617437.0,217838.0
128287.6924,129537.5378,126487.5132,127599.0128,20210617,633431.0,214492.0
127259.8053,129159.4324,126275.3432,128113.5953,20210618,715242.0,216227.0
127857.4313,129598.4179,126734.4433,128684.2831,20210621,605967.0,209892.0
128592.4186,132437.8567,127603.0025,132420.7658,20210622,657394.0,229113.0
132248.4531,133905.9703,131776.1606,133272.6627,20210623,571039.0,228591.0
133768.5315,135745.5037,133367.8985,134513.1399,20210624,675667.0,241070.0
135284.219,138714.4554,135082.571,137223.3013,20210625,775318.0,261351.0
137791.8063,138442.889,136281.4285,137432.1157,20210628,734331.0,248101.0
136849.4575,137404.1893,134526.2491,135359.0247,20210629,705645.0,231360.0
135581.3925,137857.7499,135051.711,137812.4946,20210630,552602.0,227738.0
137166.2022,137349.5103,133716.2893,133903.3465,20210701,543493.0,218964.0
134475.9335,135883.8367,133381.0,133826.9324,20210702,521164.0,207769.0
135209.1455,137378.497,134982.2679,136661.9968,20210705,591419.0,222168.0
136393.9583,138481.8965,135779.9279,137782.7338,20210706,521371.0,228198.0
137632.6601,137748.3464,133043.4503,135260.4048,20210707,664450.0,211718.0
135407.3726,137205.736,135146.7564,136764.1776,20210708,594632.0,206680.0
136103.8904,139905.6023,135593.5926,139554.6694,20210709,714165.0,259708.0
139953.5083,140720.3134,137598.2146,138720.8998,20210712,555473.0,235152.0
138621.2837,140686.1259,138491.2173,140143.5865,20210713,543641.0,250304.0
139664.5606,140108.5609,137748.2402,139605.8227,20210714,636893.0,231488.0
139586.9785,139868.2087,136866.6493,138759.763,20210715,624166.0,224750.0
138757.7089,143276.8912,138349.4011,141045.2555,20210716,729848.0,238889.0
141250.0045,143404.6854,140875.8383,142083.1335,20210719,575997.0,245695.0
140766.4922,140767.0664,137170.254,138574.0508,20210720,668278.0,215763.0
138535.258,139558.8519,136119.7715,136550.7049,20210721,513619.0,205780.0
136771.4009,139066.0452,136729.6562,138643.2232,20210722,473852.0,198043.0
139836.2347,143701.1195,139490.1653,143021.5984,20210723,648289.0,224088.0
143232.3578,146642.3654,143039.4408,145541.5922,20210726,622311.0,242559.0
145509.66,147861.2815,144008.8328,144634.1455,20210727,662591.0,240163.0
145109.1274,148396.9174,143857.8046,146432.4499,20210728,738969.0,244201.0
146502.6355,147582.6501,145067.0376,147349.9945,20210729,569739.0,245737.0
147572.0434,148600.0879,145196.7227,146720.5445,20210730,772696.0,232980.0
146952.6482,147634.2982,143594.3084,146090.0893,20210802,742800.0,219908.0
146225.0335,146254.6273,141685.0116,142104.9355,20210803,661009.0,206443.0
142138.611,144005.4614,141757.309,143354.8373,20210804,619977.0,203060.0
143059.465,144098.2998,141683.943,142405.4479,20210805,671153.0,202480.0
142940.8116,145334.9683,142902.9586,144995.8042,20210806,604927.0,209225.0
144612.7946,144811.0384,139476.9318,140044.4835,20210809,735805.0,206171.0
139125.3368,140155.9461,137916.8467,139951.2066,20210810,545177.0,204720.0
139265.1995,141393.4899,138997.8636,140165.6158,20210811,552857.0,201413.0
140828.546,147117.2014,140748.3612,146373.6295,20210812,849038.0,227540.0
145945.5602,147188.0435,145183.7281,146469.3954,20210813,734304.0,236087.0
146726.0366,147556.1976,145373.0573,145884.9073,20210816,762508.0,233324.0
146005.9632,147256.0275,145088.9343,145474.6262,20210817,657282.0,222235.0
144448.7564,145044.7108,141892.6756,141910.4628,20210818,815627.0,217920.0
142013.0551,142366.397,140201.8346,140843.0373,20210819,697163.0,209424.0
138904.8425,140885.675,137938.601,139580.8869,20210820,839950.0,217942.0
139337.8018,142513.2326,138288.268,141072.312,20210823,845978.0,216658.0
141654.0334,143112.8436,140576.3132,141784.0241,20210824,699076.0,217746.0
142350.8727,144063.8886,142081.3947,143776.0371,20210825,661188.0,228141.0
144167.3015,144491.2572,141406.8267,141423.7361,20210826,670563.0,235626.0
141456.3425,142028.9323,139420.3496,141629.2007,20210827,746177.0,232837.0
141531.085,147417.737,141401.1892,146877.6573,20210830,780130.0,256526.0
147317.6915,149232.4129,146590.5143,148254.5897,20210831,759821.0,279918.0
147848.7397,148534.853,146236.1928,147576.524,20210901,765496.0,293043.0
147759.517,147808.5337,145424.2884,146267.3889,20210902,768964.0,262922.0
145249.4146,146874.8108,144594.5188,145064.5791,20210903,767255.0,251643.0
145862.2802,148828.7698,145076.3848,145612.9477,20210906,883555.0,249167.0
145732.1484,146820.81,144415.3963,144710.1174,20210907,689908.0,239136.0
145235.1132,148127.8627,144344.4082,147620.4252,20210908,797623.0,255207.0
147338.102,151882.1431,146300.2472,150203.17,20210909,894039.0,271804.0
150423.5161,154532.388,149781.4632,152463.0696,20210910,789513.0,275496.0
152406.0802,154362.1789,148207.2173,148369.2318,20210913,866958.0,256974.0
149127.6474,149128.1913,145727.2128,145959.2675,20210914,785352.0,230071.0
146492.0534,147260.1524,144992.598,146243.0985,20210915,720244.0,226403.0
146982.6185,149248.0842,142326.9592,144408.1387,20210916,990344.0,220729.0
144724.0167,145374.381,142489.7083,142834.921,20210917,669740.0,216953.0
140888.4644,144552.3231,140458.4587,143110.5041,20210922,384829.0,216573.0
143250.5563,144999.8429,142361.9242,144382.1035,20210923,750020.0,215775.0
144221.8822,146988.5491,142311.3423,144416.6461,20210924,896151.0,205231.0
144218.6127,145965.0924,140589.4456,140823.803,20210927,841384.0,211355.0
141197.8255,142302.052,137970.5085,138531.7267,20210928,716060.0,218626.0
138748.1783,139824.7332,138124.8948,138951.4293,20210929,615334.0,201844.0
138977.2567,139395.086,135454.0978,137282.7252,20210930,694418.0,185422.0
137843.4158,142666.4974,137804.2753,141305.2062,20211008,353238.0,188638.0
141750.6439,145868.3219,141468.6273,145045.226,20211011,575786.0,196050.0
145288.688,145699.3346,142637.3788,143675.3287,20211012,601785.0,197396.0
144571.9049,145018.3136,141333.8296,142776.7094,20211013,683974.0,197699.0
143497.8335,145757.666,140883.6687,143768.8651,20211014,747467.0,203323.0
143940.3597,146590.528,142947.0705,146267.9573,20211015,778627.0,205698.0
147883.6336,150970.6041,146111.8699,150178.7492,20211018,825596.0,207074.0
150157.5735,150711.8497,148570.8057,150142.4976,20211019,730740.0,208604.0
150992.7834,152452.4907,146266.1282,148554.59,20211020,871093.0,206532.0
148776.4217,160184.3305,148762.8823,154720.7871,20211021,1293826.0,225131.0
153475.4824,155055.2828,147628.1626,150008.3138,20211022,1096966.0,203967.0
149837.413,150462.1807,146010.1893,148661.9411,20211025,833428.0,194288.0
149138.7288,152444.369,149027.2507,151548.8669,20211026,759147.0,213623.0
151379.29,151948.1908,147177.8712,147408.0218,20211027,801814.0,199837.0
146656.0326,146656.0326,142782.4471,145374.7878,20211028,868278.0,199997.0
144940.9648,146083.0896,142717.4659,143724.2809,20211029,665509.0,191003.0
142604.9396,146733.2845,142418.4836,142773.862,20211101,662799.0,193519.0
144373.1171,145801.2423,141286.5968,143230.5379,20211102,532166.0,203053.0
143883.865,146297.6079,142751.7774,145489.4986,20211103,557276.0,206746.0
144993.0437,145209.3176,140826.4231,142275.4124,20211104,576511.0,210324.0
142338.0937,143149.9058,139330.663,141522.0851,20211105,479316.0,205002.0
141621.2174,144039.3666,140836.7143,141982.1599,20211108,381550.0,230591.0
142837.3463,144728.0697,142501.825,143936.7865,20211109,302546.0,235136.0
144073.9111,144227.161,141272.7658,142472.6558,20211110,357681.0,247158.0
142295.0898,145771.541,141493.2636,145377.8835,20211111,389439.0,251916.0
144896.0118,146742.7681,144736.4137,145078.0275,20211112,335150.0,254025.0
145339.8457,147549.4435,144201.9183,144281.4275,20211115,391168.0,261954.0
144902.2451,145037.5176,142353.2714,142837.1022,20211116,333221.0,249161.0
142806.9367,143087.3935,141483.7356,142303.8125,20211117,311553.0,247188.0
142237.8543,142454.3452,140212.7387,140336.9544,20211118,376923.0,269016.0
140477.5581,146627.2191,139776.8236,146339.9565,20211119,481282.0,278013.0
145435.6128,147741.8517,145381.7482,147405.228,20211122,352711.0,280282.0
147627.2458,151741.6427,147404.8516,151065.2766,20211123,486495.0,314823.0
150862.4836,152631.4958,150142.8631,152587.3375,20211124,426619.0,314623.0
153619.2265,156219.0789,152819.4678,154328.7495,20211125,664197.0,354446.0
153978.3467,154149.9336,149500.3628,149634.9072,20211126,552788.0,320685.0
148063.6442,150604.376,146573.4294,148995.9494,20211129,564942.0,302734.0
148976.2427,149379.3302,146827.0662,147578.5468,20211130,458849.0,281914.0
148098.7101,150048.2337,147254.8194,148856.0627,20211201,406258.0,309596.0
149038.3196,149395.4017,146804.3311,147198.9705,20211202,459303.0,294007.0
147712.3201,151434.8622,147103.3631,148709.351,20211203,477178.0,314894.0
148748.0139,149635.2637,144518.0952,145603.4439,20211206,486849.0,307799.0
146291.8954,147238.4002,145747.8424,146698.1747,20211207,255828.0,290413.0
147624.0971,149484.3412,147294.5212,148100.1475,20211208,357510.0,297065.0
148692.3788,149083.3049,145874.6787,146055.1709,20211209,355508.0,294974.0
146352.5569,146447.2331,144739.3347,145111.9188,20211210,266010.0,289845.0
145416.9901,145608.2517,143525.6348,145058.0754,20211213,327719.0,288654.0
144847.9631,144952.3937,142052.8291,142634.3576,20211214,360155.0,299883.0
142945.2504,143403.4497,141178.1966,141181.0695,20211215,315415.0,299779.0
140413.1943,143258.4092,139907.0641,142788.1617,20211216,393547.0,289039.0
143103.7141,145736.4121,143024.1169,145173.8087,20211217,348212.0,273082.0
145317.7249,146487.7389,141791.0193,141937.2258,20211220,396766.0,270699.0
142354.6767,144516.5999,141730.5827,143758.7256,20211221,278229.0,258502.0
143668.2713,145657.6685,143668.2713,145422.2494,20211222,269071.0,268174.0
146169.3322,148653.2367,145883.8861,148625.2399,20211223,314701.0,276347.0
147887.589,148492.9875,147347.4831,148431.3042,20211224,248645.0,271968.0
148392.9279,149162.0133,146932.7491,147654.8766,20211227,364878.0,279298.0
147921.4727,149551.2631,147380.3377,148775.3734,20211228,305366.0,274376.0
148894.6814,149339.307,146309.8171,148957.4062,20211229,331191.0,282491.0
148863.3289,150908.551,148712.7725,150041.9046,20211230,371980.0,288831.0
150090.1614,151701.5059,150038.1802,151535.3478,20211231,319153.0,296290.0
151849.9661,153027.5671,150055.5144,152110.2548,20220104,207051.0,295153.0
152025.2847,154525.0448,150842.3976,151785.1607,20220105,422433.0,308473.0
151809.3061,152249.1311,149568.4294,149589.3659,20220106,295986.0,292547.0
149753.3066,152959.8303,148943.9796,151909.2383,20220107,348792.0,303254.0
151850.2319,154407.374,151499.0237,154067.6698,20220110,342045.0,315832.0
154060.7649,159056.0036,152593.1189,158002.5687,20220111,527940.0,367254.0
158045.0231,162199.1895,157674.2833,161452.2787,20220112,469966.0,356574.0
162365.5132,164734.1247,160185.2941,161139.4815,20220113,571155.0,370257.0
161949.5687,166270.3798,161202.4684,166232.8437,20220114,558846.0,371284.0
165923.7904,166034.5001,160130.1162,161944.9109,20220117,616584.0,347970.0
160902.9778,164372.4758,160784.1723,163391.851,20220118,486487.0,339667.0
162688.0937,164267.1162,160596.2385,162888.1402,20220119,517192.0,334103.0
163376.8076,175503.0314,163372.0184,175496.6463,20220120,733234.0,366636.0
174011.8343,177532.4184,172724.3432,176111.796,20220121,742198.0,344655.0
175400.9397,180085.215,172319.9196,172892.2132,20220124,892743.0,356056.0
170267.3097,170800.621,162671.9958,162687.9226,20220125,784918.0,320038.0
163707.833,166070.7521,161685.0963,164652.9837,20220126,619344.0,300534.0
165562.903,167366.3999,163160.415,163174.5256,20220127,362569.0,273207.0
165117.8485,165903.8295,162503.7348,162637.1441,20220128,340554.0,250607.0
166634.2156,172694.2476,165681.0905,169174.7681,20220207,256657.0,252655.0
169619.2262,174072.7618,168764.6206,170781.8761,20220208,304633.0,253514.0
170389.2365,171838.6307,164770.8714,168480.4819,20220209,361557.0,259753.0
169232.7267,173035.8189,169231.8317,172142.321,20220210,288908.0,256553.0
173175.2317,174577.0367,169177.8721,170349.2111,20220211,383444.0,269272.0
171078.9859,175565.5503,168143.7557,174404.6068,20220214,416488.0,268598.0
174098.5026,174209.5896,166953.3733,170725.3217,20220215,450033.0,272468.0
170870.8156,172181.5796,169679.9702,171364.7011,20220216,295969.0,256073.0
171695.7321,172620.0439,169904.3266,171033.0549,20220217,314389.0,262715.0
171956.9226,176208.8842,171944.688,175577.8086,20220218,413499.0,282555.0
175395.2732,178266.3363,173776.4772,177370.7959,20220221,396061.0,290325.0
176981.2437,179159.6627,175920.693,178233.4891,20220222,404369.0,303431.0
178771.2882,179245.7908,174391.8921,174988.8396,20220223,510237.0,311071.0
175633.0987,181260.4707,174024.9211,178819.7019,20220224,499173.0,313630.0
181274.4311,183793.9539,172099.2515,173598.9401,20220225,637336.0,306799.0
173515.2909,178545.4541,171425.5213,176634.1305,20220228,461065.0,276987.0
176042.4848,176302.4008,173119.8388,174803.5579,20220301,313836.0,265736.0
176084.9581,179429.9539,175957.0261,178943.1982,20220302,348286.0,281055.0
180998.9288,189262.6177,176662.1716,186842.5228,20220303,444118.0,285984.0
188884.5638,190608.8487,183810.3446,185640.7921,20220304,495812.0,289843.0
187784.914,209405.3058,187136.1189,209384.9216,20220307,690737.0,298044.0
226781.0034,226935.6901,226781.0034,226863.572,20220308,29622.0,279883.0
264619.4457,265291.7327,264209.3216,265245.8181,20220309,129338.0,215215.0
259844.3029,259844.3029,212020.2718,212027.7889,20220310,7676.0,11940.0
220089.1935,220089.1935,218911.9187,219013.6265,20220311,43048.0,217774.0
191293.4647,217289.0386,191271.52,210796.4967,20220314,470119.0,166978.0
210642.9482,226060.4113,207949.3263,212872.2085,20220315,302870.0,149628.0
212048.468,232258.7576,209501.8322,231119.4405,20220316,276931.0,146465.0
223051.0435,226237.1471,213701.7971,215013.5769,20220317,221978.0,139195.0
214209.9212,219776.1003,212072.0132,215210.2466,20220318,161450.0,132767.0
211955.592,215607.7878,201344.2541,201982.2081,20220321,184263.0,137485.0
198514.4717,206169.6395,197832.5567,202756.0443,20220322,152778.0,134372.0
202023.4697,210234.0026,201679.7195,207807.8384,20220323,182887.0,129637.0
221956.0683,240914.0498,221956.0683,240901.8835,20220324,128755.0,118328.0
274602.8019,276173.2872,242143.6591,260043.2439,20220325,376089.0,118287.0
239577.4144,247949.8574,215146.4132,222689.8637,20220328,353633.0,109354.0
224411.9449,226676.7741,214944.284,222043.8157,20220329,212781.0,98169.0
217943.7915,229109.0903,212394.2929,228675.671,20220330,239254.0,97948.0
225874.2685,227559.296,213014.4851,216591.2522,20220331,219209.0,89620.0
218782.8829,221499.7041,215071.4195,216641.152,20220401,138739.0,81305.0
219442.7464,223090.5068,214206.7651,221746.1138,20220406,83346.0,78840.0
221509.553,221895.0652,211542.9034,212252.8142,20220407,136703.0,87043.0
213452.2719,219286.0213,212680.1024,216783.593,20220408,107824.0,80020.0
216286.4303,216492.8597,205771.195,209668.5012,20220411,128410.0,89246.0
207218.1361,211987.9212,204702.3913,211252.0825,20220412,106587.0,81081.0
210468.2099,224751.324,210468.2099,219399.1691,20220413,148919.0,90656.0
219077.6361,223095.082,216481.9249,222051.6807,20220414,114503.0,86367.0
221415.5091,228851.0341,221415.5091,227427.5172,20220415,121856.0,90888.0
228605.2115,233984.7656,226011.5636,230155.4139,20220418,122211.0,89091.0
232689.998,243711.0287,230758.6968,237653.5025,20220419,159145.0,93359.0
237994.638,241442.7712,230136.3292,231297.0535,20220420,147095.0,93767.0
232809.6691,235169.696,230261.5247,233153.2821,20220421,100853.0,89461.0
233098.6809,238339.7086,233098.6809,235504.886,20220422,96047.0,90219.0
236493.1718,236655.7706,216851.455,218072.466,20220425,181248.0,91061.0
218599.3639,220685.2257,210263.9295,219366.7876,20220426,139597.0,84432.0
217897.7073,228313.6018,217897.7073,226628.1454,20220427,130436.0,86457.0
225891.4051,228869.865,223560.9227,225838.7866,20220428,105978.0,79700.0
226155.8361,231356.358,221818.9718,230010.7331,20220429,118552.0,78921.0
225401.524,225862.9902,216629.3421,221167.0135,20220505,63717.0,73327.0
219850.835,220554.2768,209779.6603,212127.4211,20220506,116927.0,83458.0
211208.2614,212144.6378,203943.5127,207323.4301,20220509,134787.0,86656.0
200965.0938,201565.8848,193993.6185,200213.3823,20220510,143276.0,89500.0
197401.3808,205527.4018,195662.4033,203645.4002,20220511,117931.0,88663.0
200852.1142,206087.7762,196597.4541,198083.2527,20220512,128712.0,92680.0
197701.6713,204193.8437,192158.243,200896.9031,20220513,160015.0,95262.0
197778.5998,201650.4606,193914.9434,199132.8331,20220516,138660.0,95594.0
194481.0398,200307.1965,194313.3868,200135.3954,20220517,126904.0,96610.0
199522.9263,201699.2513,192844.9517,194572.1466,20220518,141086.0,97506.0
194836.6524,203618.5316,194422.5656,200537.0068,20220519,139539.0,98632.0
199464.9091,210176.8615,198301.7954,207317.1297,20220520,152281.0,100293.0
206243.9321,208146.3195,200583.3103,202109.133,20220523,122790.0,95491.0
202286.5308,205009.1446,199881.2562,200603.442,20220524,104744.0,92691.0
200162.4225,201297.9535,196706.3309,198492.773,20220525,114247.0,92810.0
199469.1512,200651.4054,195650.9856,198547.9288,20220526,110925.0,87837.0
201163.7421,207968.5258,201163.7421,206156.4856,20220527,122722.0,94243.0
208429.0243,217010.4856,208069.5898,216117.3523,20220530,146813.0,99969.0
217178.1746,218585.917,213085.1696,214601.822,20220531,107929.0,93135.0
213690.5677,213690.5677,206428.4815,210114.8701,20220601,106798.0,92977.0
209299.4903,215979.2633,209299.4903,212930.5734,20220602,102985.0,88413.0
215503.0909,220908.8286,213698.8568,215688.7984,20220606,63154.0,88126.0
217668.6639,222036.1836,216975.2941,216979.4985,20220607,85839.0,93800.0
216339.1691,223381.0764,212606.4682,223289.6729,20220608,104994.0,96148.0
221166.0168,221845.1648,214677.9647,215708.0228,20220609,96046.0,92151.0
214293.4083,216447.0074,210726.6455,214352.4444,20220610,97941.0,93761.0
213594.0491,213792.6714,203118.4341,203683.3414,20220613,114672.0,96551.0
202752.8188,202752.8188,197591.1294,201844.9899,20220614,103898.0,90601.0
199898.0597,200734.0654,194725.5923,197007.7985,20220615,110871.0,93721.0
197824.3855,203238.8314,197678.5468,198168.4927,20220616,116384.0,92534.0
196629.6676,197722.4148,192446.2136,194151.0039,20220617,124071.0,98464.0
193580.5696,196746.9211,190844.0472,192216.5977,20220620,132655.0,95218.0
192469.1712,200876.9723,192327.3479,195620.7075,20220621,139588.0,101394.0
195321.4578,198445.0977,186447.4175,188200.1846,20220622,139129.0,103690.0
188150.7741,189355.8701,179119.1108,182136.4014,20220623,180423.0,120281.0
181515.8416,184704.3458,164237.7886,168384.7757,20220624,202350.0,117676.0
168934.5299,177868.1239,159393.3256,175032.4363,20220627,245971.0,119736.0
175333.5801,177804.9792,168207.9204,177088.5021,20220628,195231.0,107247.0
177492.5443,177799.8015,167641.4403,170382.1209,20220629,182791.0,107362.0
176266.2205,178629.5191,173974.5596,174781.0262,20220630,144765.0,95914.0
171437.7505,173712.1605,161637.6354,163619.4782,20220701,162257.0,108608.0
165574.2919,170130.1933,162262.911,164674.4313,20220704,154544.0,103452.0
168004.5007,171601.565,165615.8848,166844.8443,20220705,131414.0,107480.0
163926.4134,167427.5419,158432.9955,166872.1319,20220706,173770.0,115270.0
165077.7681,165493.2236,155886.13,161886.8766,20220707,184192.0,119000.0
163564.5531,166369.4086,158209.7096,158385.0794,20220708,140082.0,115363.0
158618.6323,165768.2123,157076.0829,164685.307,20220711,160206.0,121612.0
163923.0692,169245.5022,162034.9316,163707.2487,20220712,137830.0,114799.0
164270.9274,167939.2495,161985.2555,166636.7648,20220713,144606.0,125425.0
165181.8481,165744.7686,154349.1446,155186.1505,20220714,213616.0,134710.0
155074.2669,155074.2669,139718.0469,140498.8521,20220715,218599.0,141619.0
143555.0862,150600.4738,141501.8962,149794.8366,20220718,241742.0,140472.0
151630.872,157041.4203,149601.2093,151017.7991,20220719,194619.0,132389.0
155787.9204,162875.0514,152099.6033,161876.2502,20220720,197533.0,140321.0
161592.0791,164485.1856,159931.4038,162864.6692,20220721,174888.0,135868.0
162589.8681,165889.9951,160559.316,163899.0436,20220722,155517.0,138109.0
163730.441,169348.8676,162684.9703,165697.2713,20220725,162188.0,134067.0
167454.7241,175193.3807,165797.3289,175193.3807,20220726,164381.0,139724.0
173905.8187,174270.7426,164794.1043,167541.6715,20220727,200923.0,140320.0
167406.0089,170893.5499,163735.6596,168340.0703,20220728,200839.0,128998.0
167198.7552,172415.9528,163573.4749,170144.7376,20220729,176909.0,121452.0
170603.2397,181693.4821,170384.7342,178295.3615,20220801,211776.0,132389.0
179907.4283,180109.4613,171076.0979,175076.0714,20220802,182558.0,116646.0
171213.654,173145.8,168622.1153,171866.1949,20220803,153178.0,118164.0
171726.2664,172634.3185,168443.0535,169652.2692,20220804,128146.0,114396.0
169827.5253,176979.1059,165539.9452,174921.0801,20220805,191196.0,128743.0
172274.3434,172706.2077,166283.4245,167716.7325,20220808,183859.0,118211.0
166933.9731,167521.7735,163818.1016,166510.6749,20220809,152835.0,120473.0
165908.245,167858.5419,162919.994,164086.6945,20220810,139573.0,117015.0
167540.3309,175985.4542,167046.1798,175037.9055,20220811,195038.0,127820.0
176172.6292,181078.9327,176172.6292,178797.6686,20220812,163622.0,120452.0
177625.7985,177657.0178,170914.5447,172072.4694,20220815,160323.0,116931.0
168263.5815,173039.4851,167961.9717,171365.1941,20220816,145764.0,111386.0
172975.0497,174717.7334,169622.6369,170182.9181,20220817,145378.0,109574.0
170486.9431,172495.7317,166746.7157,167150.6974,20220818,175580.0,114788.0
168525.9311,169724.2351,166712.4362,168734.1143,20220819,150864.0,105557.0
167057.6613,176353.8531,167057.6613,175590.9397,20220822,181654.0,119345.0
174819.6164,175780.6653,173224.5974,174163.9866,20220823,141853.0,108417.0
173027.5623,175312.1791,168299.7407,171040.8811,20220824,213855.0,109808.0
170663.8241,175275.6624,168012.5263,175029.4239,20220825,219375.0,107210.0
173307.4738,174345.0244,171430.3273,173043.1153,20220826,185320.0,103281.0
172703.9365,176457.6059,163263.0821,164117.741,20220829,288724.0,102118.0
164456.6176,165813.0123,161226.9668,163563.7324,20220830,197623.0,95443.0
164755.0155,170735.0529,164549.4988,168965.6431,20220831,227054.0,93649.0
168685.1329,169844.8037,161967.2086,163177.8836,20220901,230768.0,89244.0
162968.9123,162968.9123,157198.9423,159579.0842,20220902,236371.0,88713.0
159511.9507,168591.5938,158922.1864,167224.0613,20220905,269759.0,87000.0
167250.945,172741.2874,167250.945,172570.784,20220906,213726.0,99442.0
171615.781,171898.2083,170451.7922,170784.2408,20220907,16138.0,100692.0
170571.6369,175282.4883,168722.6955,173061.6139,20220908,181579.0,126343.0
172502.91,187316.0897,171445.3313,186563.7616,20220909,226087.0,149208.0
189884.8881,194715.6917,186161.9342,189508.1586,20220913,123060.0,137290.0
190768.7279,191321.3414,184520.6052,186767.5179,20220914,179174.0,147240.0
185874.681,191777.2526,184800.9781,186600.7322,20220915,202934.0,145558.0
183760.3424,185086.5146,180663.9097,184032.9933,20220916,171427.0,137826.0
185472.7457,194652.6373,184672.1684,186590.0517,20220919,244447.0,156004.0
188847.0781,194914.9339,187862.8282,191572.0567,20220920,192354.0,151061.0
191427.444,199295.3229,191349.9198,198445.8257,20220921,212234.0,162895.0
195925.5034,197245.4617,189420.567,193967.4414,20220922,250307.0,153941.0
194795.9932,195654.8726,189304.7273,189985.5816,20220923,180088.0,137243.0
185739.902,189261.1429,183047.4623,184397.2436,20220926,191175.0,139861.0
181737.2451,185936.0904,179493.7148,184183.2171,20220927,203024.0,130341.0
182542.5285,183543.4606,174933.3941,176383.922,20220928,211733.0,130363.0
176720.147,181524.3009,176523.578,178897.8174,20220929,166254.0,119424.0
182845.2513,186464.9518,180610.1242,182680.7995,20220930,163687.0,112165.0
181530.6416,181546.9979,174489.003,177066.7617,20221010,81864.0,103672.0
177958.6257,183091.877,177958.6257,181515.5608,20221011,121504.0,112104.0
181993.7996,182409.8976,174852.8272,177131.4414,20221012,138914.0,107702.0
176338.8174,181884.527,175788.3573,176548.0625,20221013,160877.0,113638.0
174999.5232,183566.2633,173963.3543,182397.5597,20221014,163627.0,115702.0
180919.1174,181282.7591,177139.2533,179008.4259,20221017,144675.0,109552.0
178727.0492,179015.1665,175310.2106,176861.0883,20221018,126222.0,107596.0
176538.5599,181529.8077,176511.2111,180914.2723,20221019,141589.0,113166.0
180085.995,186540.5009,178934.4876,185035.3396,20221020,155922.0,121741.0
184766.1954,185301.3562,178055.449,178245.9238,20221021,157056.0,115415.0
178544.2789,185429.0088,178202.9952,184071.4359,20221024,167917.0,124065.0
183916.951,187092.6495,182087.9301,186058.085,20221025,146966.0,119061.0
185695.997,187712.4182,184320.4448,185806.7276,20221026,140385.0,120821.0
186121.9284,187276.4583,182104.2751,183676.7133,20221027,161798.0,121613.0
184192.6892,187352.758,180030.4273,181008.5828,20221028,187508.0,124948.0
182568.9191,184608.1221,175884.862,177073.5535,20221031,175959.0,112342.0
178106.6163,188979.7748,176129.3873,187356.6958,20221101,196787.0,134029.0
187594.9641,192246.7259,185701.8452,190165.4872,20221102,162323.0,132686.0
190804.7404,192700.3081,188344.0342,189772.8773,20221103,144350.0,138011.0
188494.6069,192159.6689,186175.6501,190338.0271,20221104,173103.0,141074.0
192764.0092,195344.6932,186726.5464,188390.5774,20221107,186616.0,141017.0
186910.0473,190474.0694,186159.012,189967.2227,20221108,134263.0,132483.0
190337.0998,191825.8002,188065.9288,190794.6878,20221109,130735.0,137424.0
191550.2738,199311.875,191363.5191,198396.5773,20221110,193079.0,156778.0
196600.1909,206489.8553,196301.985,204054.7921,20221111,196011.0,154502.0
204298.9287,206694.5545,196962.1773,198410.1777,20221114,204564.0,150729.0
200252.3593,205383.2622,200087.4286,204119.4389,20221115,157684.0,142391.0
206057.6552,207679.1631,202315.0087,204399.1647,20221116,163578.0,147139.0
202750.9402,203657.0719,196564.4503,200122.5522,20221117,179460.0,136905.0
199035.7826,200089.5058,194536.2741,197962.1671,20221118,148042.0,136321.0
196604.0887,198674.7692,191976.2311,194549.5123,20221121,157510.0,133741.0
193366.006,197981.8582,192156.0767,195431.8325,20221122,136642.0,132465.0
196941.0135,200836.1536,195749.5691,196370.5645,20221123,158503.0,143373.0
196369.8778,200191.3461,194535.4869,196181.6127,20221124,146994.0,138688.0
197016.3828,198972.6429,194239.7719,197587.925,20221125,152885.0,141804.0
197330.3903,197833.4388,189168.7661,190017.6986,20221128,212333.0,150566.0
191712.4645,195763.5913,190690.555,194425.0551,20221129,165319.0,137963.0
196042.7514,199762.7077,512.9797,199187.8255,20221130,173681.0,149055.0
199254.6877,202271.4266,203.0611,201419.0909,20221201,149861.0,145213.0
201415.6045,201802.5949,199322.897,201381.2912,20221202,124031.0,149446.0
200555.8808,209989.0903,16364.0482,206714.2751,20221205,201752.0,164772.0
205313.5907,207386.2288,121567.929,205603.4773,20221206,146154.0,153145.0
205260.3147,210655.1326,117432.5298,206178.2666,20221207,173181.0,162033.0
206668.6895,217662.4115,115963.4743,217055.201,20221208,212249.0,174944.0
219241.9243,222287.4088,214807.2149,219617.4498,20221209,247696.0,171577.0
218509.5596,221535.7982,242.7567,215931.8157,20221212,197472.0,163631.0
217383.7812,222716.4352,217135.8974,221980.6691,20221213,203715.0,170837.0
219410.0527,219960.9084,215052.2115,217613.6201,20221214,208489.0,161773.0
216686.2691,216794.423,212956.3093,215335.8287,20221215,180599.0,154365.0
215666.7456,219744.7585,211666.0775,213634.6077,20221216,217593.0,160194.0
214483.0606,217530.5806,210971.2883,211286.6813,20221219,212729.0,151492.0
211474.518,217130.0636,208770.1494,212758.8838,20221220,199189.0,153185.0
216260.0904,217266.8545,213883.1789,215147.5776,20221221,185263.0,146956.0
215669.8704,222263.51,215008.0368,218664.0669,20221222,258822.0,159632.0
215873.8416,218013.3356,214340.2851,217053.2906,20221223,190508.0,146154.0
217025.957,219934.5911,216227.3748,218115.4283,20221226,161120.0,141345.0
218489.3312,227306.4857,216090.6497,226886.0914,20221227,223126.0,155052.0
225865.2033,228945.0091,225204.2855,227310.3398,20221228,168747.0,150432.0
227921.6484,229959.0971,225327.7049,227804.4501,20221229,184921.0,148443.0
226280.162,230760.5439,225022.7849,230412.5911,20221230,219369.0,140184.0
228936.5799,228942.1797,223566.2582,227200.8824,20230103,141433.0,132139.0
230163.0946,233186.6857,227604.5903,227743.078,20230104,213947.0,134931.0
224640.3237,224868.2706,218039.2795,218322.5362,20230105,243838.0,126169.0
218686.1158,220000.4808,205858.297,208418.2065,20230106,377405.0,126286.0
208523.8262,212107.2625,206872.4947,209756.4374,20230109,264244.0,118601.0
207628.674,208328.1249,201388.1185,202793.3449,20230110,292533.0,124433.0
204477.9519,207635.2448,202248.395,206763.8734,20230111,248329.0,117597.0
206331.298,206973.8815,197291.7598,200606.2657,20230112,237142.0,118050.0
201031.7304,207461.9906,200203.3609,205183.3366,20230113,291585.0,108984.0
205064.5818,205395.5817,197790.6042,200085.7859,20230116,261843.0,111113.0
201212.8819,203573.7823,198797.1797,200978.5323,20230117,225494.0,104603.0
200923.5524,203023.7768,197927.212,201422.2918,20230118,212224.0,105470.0
