482.169,482.3782,478.9174,480.7548,20200102,17780.0,28914.0
479.8433,499.7884,477.7168,497.9454,20200103,134100.0,32687.0
501.3799,516.0115,496.7368,513.2556,20200106,130964.0,32149.0
509.4302,510.4569,496.8104,499.772,20200107,98562.0,32563.0
498.4186,523.1112,495.9459,505.4791,20200108,148965.0,33898.0
498.7558,499.7766,477.1629,478.9832,20200109,158033.0,33357.0
480.3353,480.7504,474.1592,476.9134,20200110,107157.0,31431.0
477.8762,478.2377,471.8174,474.9535,20200113,88992.0,32208.0
473.913,474.6087,460.4771,463.2253,20200114,105550.0,34520.0
465.4375,468.86,460.7954,461.1379,20200115,78433.0,36794.0
461.6319,463.2334,456.8309,461.3738,20200116,81765.0,36932.0
459.3234,465.7813,459.2412,462.0459,20200117,79075.0,35486.0
463.2503,468.0273,461.7094,464.2202,20200120,72308.0,33318.0
463.4783,464.6817,458.9122,459.8207,20200121,54767.0,31319.0
459.1375,463.1036,456.7742,458.9438,20200122,64521.0,29687.0
458.32,458.4266,443.3599,446.8309,20200123,78599.0,26952.0
414.4363,414.616,414.0903,414.0903,20200203,2520.0,26760.0
396.1938,400.8856,381.602,399.9042,20200204,45192.0,28763.0
393.8288,402.1403,393.8288,398.4205,20200205,39749.0,35393.0
406.3474,409.6877,403.2521,408.4358,20200206,43998.0,41011.0
405.0949,405.7363,402.0698,403.8083,20200207,32354.0,45454.0
394.3963,401.1266,394.3928,399.3743,20200210,34920.0,50596.0
396.5794,399.8887,396.1054,397.1857,20200211,43934.0,58227.0
397.7273,402.8065,397.7273,402.59,20200212,51163.0,63388.0
404.855,409.917,404.855,405.4878,20200213,46296.0,64222.0
409.3283,409.3924,406.0029,408.2219,20200214,34064.0,63015.0
410.1771,411.6798,408.6908,411.2197,20200217,33438.0,64325.0
410.9139,411.3541,407.2955,407.7248,20200218,33843.0,64007.0
410.7433,415.8629,408.8423,414.7776,20200219,45807.0,63833.0
419.9159,423.0072,418.0088,420.7447,20200220,38582.0,61988.0
419.9136,420.1824,414.992,416.5569,20200221,32442.0,61970.0
406.4751,406.4751,401.9103,402.7372,20200224,42750.0,60717.0
400.1295,402.8043,398.0937,402.3735,20200225,44653.0,62637.0
393.4333,393.4333,386.2703,386.3533,20200226,60008.0,66401.0
377.3198,377.3198,370.59,373.349,20200227,74728.0,70053.0
364.2584,366.1043,357.8329,358.6348,20200228,79377.0,70547.0
354.3237,370.5459,354.3237,367.0864,20200302,117602.0,75405.0
382.7156,383.5183,371.9032,376.2067,20200303,82251.0,72574.0
375.2929,377.3184,373.1245,374.6661,20200304,61543.0,76109.0
373.4043,375.482,372.2123,373.7121,20200305,52918.0,81144.0
365.7339,366.5446,355.4794,358.3321,20200306,91630.0,85278.0
338.9914,338.9914,338.8684,338.8715,20200309,752.0,85112.0
308.4158,308.7354,308.3939,308.7341,20200310,6265.0,86586.0
286.7071,296.2108,277.3385,279.5194,20200311,237670.0,97437.0
275.2649,276.6213,260.7144,266.7055,20200312,161548.0,102109.0
262.6533,274.9333,256.875,273.0383,20200313,152628.0,102948.0
262.7727,269.3114,253.8281,254.2228,20200316,151216.0,104486.0
254.3631,256.6389,247.5245,252.6871,20200317,150618.0,108831.0
239.3193,248.1445,239.3193,242.4952,20200318,125350.0,111835.0
227.7841,241.1046,221.5437,237.271,20200319,190213.0,112165.0
249.7898,253.4588,245.5248,253.4538,20200320,144528.0,112150.0
226.3468,251.0563,226.3468,250.6209,20200323,183803.0,117308.0
258.8928,264.7106,256.4584,262.7641,20200324,151392.0,118039.0
264.4023,270.1679,264.4023,268.0178,20200325,107966.0,115580.0
269.034,269.034,261.8844,263.3381,20200326,103340.0,116982.0
264.9473,264.9703,257.8733,260.0422,20200327,119838.0,120000.0
253.9068,257.9152,249.3815,257.6286,20200330,161038.0,127681.0
260.2029,276.2796,259.6015,271.4074,20200331,178465.0,126905.0
269.6824,272.4442,266.5344,269.1403,20200401,130223.0,124423.0
272.0427,296.3786,270.6832,296.2706,20200402,236701.0,127538.0
303.4757,303.8021,283.5693,290.7215,20200403,245842.0,125673.0
303.7694,304.9118,299.9312,304.514,20200407,147103.0,125178.0
299.4305,303.465,293.6634,300.355,20200408,140931.0,126392.0
306.1825,309.1771,304.4285,308.1602,20200409,127799.0,128657.0
296.6126,303.0092,294.4005,298.1566,20200410,112380.0,132012.0
305.5963,312.8629,293.9216,294.3852,20200413,199777.0,140370.0
296.7048,298.87,289.0374,290.801,20200414,157955.0,151761.0
284.3228,289.9511,281.2329,287.11,20200415,179702.0,159853.0
286.6027,290.5853,275.5139,275.5497,20200416,245072.0,172246.0
279.2329,280.5545,260.1614,270.5906,20200417,329119.0,184680.0
261.2954,263.038,252.7673,260.593,20200420,245870.0,188352.0
251.6908,258.4743,247.3071,248.713,20200421,339412.0,187159.0
229.2411,235.9907,229.2002,229.6036,20200422,46196.0,185398.0
229.5212,260.2097,227.0752,251.9233,20200423,390325.0,181377.0
254.315,261.2342,252.1633,256.0969,20200424,288590.0,179898.0
250.1531,251.7051,242.9266,243.5156,20200427,329901.0,182933.0
240.0413,250.0192,235.1957,245.9107,20200428,390364.0,185863.0
252.5255,264.9809,251.9591,259.9628,20200429,401718.0,178305.0
271.0324,273.8861,262.8714,263.6268,20200430,306327.0,177989.0
297.7048,297.7048,275.2003,276.8143,20200506,218525.0,172376.0
271.2795,278.2447,268.3062,274.7998,20200507,319364.0,172197.0
283.6532,284.7738,266.3525,275.5917,20200508,406002.0,169041.0
274.4714,277.2415,269.6767,274.3355,20200511,379840.0,170031.0
274.9208,275.1989,267.0331,268.942,20200512,237654.0,173281.0
272.3956,272.3956,265.3206,267.4164,20200513,269379.0,178904.0
268.5809,268.5809,257.7928,262.9576,20200514,309974.0,186426.0
263.2838,277.286,262.4583,275.0179,20200515,367845.0,186838.0
275.3001,283.0867,271.2981,282.0782,20200518,387096.0,185926.0
284.975,291.7048,278.704,282.0494,20200519,494794.0,183832.0
282.9429,285.5433,280.8456,283.6109,20200520,264947.0,185175.0
286.4795,292.8013,285.9908,292.4422,20200521,310613.0,186997.0
293.056,293.4838,277.1787,281.9443,20200522,404413.0,184415.0
281.5569,288.6814,280.6276,287.1156,20200525,297887.0,183561.0
286.8051,292.0158,286.1333,291.6372,20200526,194898.0,186721.0
292.0335,293.5927,287.9489,290.9184,20200527,257246.0,184166.0
290.0823,292.6925,288.4229,290.9805,20200528,306945.0,179336.0
292.0115,295.7988,291.3352,293.1576,20200529,249678.0,176872.0
294.5968,300.163,294.4905,298.698,20200601,212364.0,158860.0
299.1979,300.5852,297.1958,299.5066,20200602,166228.0,157497.0
300.4807,310.0738,299.6127,309.415,20200603,278174.0,156064.0
305.4573,306.6243,298.4339,301.5963,20200604,269822.0,156800.0
302.1933,306.0488,300.8349,305.902,20200605,192308.0,157516.0
312.1078,317.9782,307.8311,316.1079,20200608,321949.0,151537.0
311.607,314.1837,307.6665,311.0095,20200609,238203.0,151113.0
308.0166,312.1592,307.2225,308.2031,20200610,189391.0,152293.0
308.6206,310.2105,301.4208,303.5796,20200611,235319.0,154578.0
298.4327,299.478,285.6769,289.5278,20200612,360644.0,156683.0
294.2299,299.6713,284.845,286.5964,20200615,359642.0,159685.0
287.1054,302.3045,286.6569,301.5482,20200616,328473.0,156004.0
305.3506,310.1142,301.9324,305.1824,20200617,326642.0,153050.0
305.12,306.8436,302.3968,306.0172,20200618,198352.0,153974.0
306.0878,310.8337,304.9134,309.7469,20200619,164851.0,152773.0
311.9765,313.2627,305.5761,308.6587,20200622,256558.0,148931.0
308.1679,313.2179,307.9386,310.2093,20200623,212503.0,146446.0
311.804,312.703,308.7109,311.1412,20200624,165057.0,140826.0
303.6334,304.0842,296.077,298.3351,20200629,118558.0,145818.0
302.0282,307.469,301.4924,304.8299,20200630,154293.0,142149.0
305.9854,308.2026,303.7276,307.6308,20200701,147574.0,130712.0
306.6409,313.1838,305.3854,311.732,20200702,183114.0,131558.0
312.8863,314.4615,310.2202,312.0139,20200703,149790.0,128727.0
311.583,314.3338,308.4424,313.7123,20200706,127531.0,125830.0
313.3449,314.8125,310.8886,311.5813,20200707,139390.0,126038.0
312.949,317.6896,311.4198,313.8959,20200708,151448.0,124683.0
314.9647,315.9503,313.6646,314.9576,20200709,119039.0,123464.0
315.1485,315.6662,306.9224,308.679,20200710,193722.0,126972.0
310.162,314.2109,310.1254,312.814,20200713,147834.0,122101.0
312.5225,314.0594,305.9488,309.9645,20200714,160672.0,125067.0
308.8007,313.828,308.0771,312.6336,20200715,139331.0,120874.0
313.9862,315.1064,304.6705,307.1464,20200716,236626.0,128093.0
308.8411,310.625,306.2834,306.9317,20200717,139860.0,131750.0
306.9055,308.5158,299.5582,300.3786,20200720,160605.0,138647.0
300.6788,308.9578,300.0526,306.3716,20200721,149578.0,134085.0
310.7842,311.9949,307.1164,308.5113,20200722,131954.0,131562.0
308.1414,309.0312,305.2616,308.4389,20200723,112536.0,130786.0
306.6238,309.2974,302.1041,303.358,20200724,135615.0,133018.0
304.4225,305.7571,301.034,302.5089,20200727,123553.0,132380.0
303.8873,304.3611,296.977,299.922,20200728,151654.0,136658.0
298.9281,300.8257,297.1212,300.0527,20200729,117302.0,137559.0
300.4202,303.8021,299.8229,300.1825,20200730,120812.0,135498.0
298.3135,300.4991,289.7256,296.1308,20200731,233110.0,139585.0
298.752,299.3131,291.0706,292.8169,20200803,165746.0,136247.0
294.2366,297.0029,292.9958,294.617,20200804,137599.0,133856.0
292.4894,296.6665,290.6839,293.4267,20200805,149330.0,132195.0
300.14,300.676,291.4863,295.9923,20200806,212480.0,131069.0
296.697,297.8922,293.7168,295.5593,20200807,123355.0,132241.0
295.7502,299.8875,293.3951,298.0903,20200810,129886.0,129846.0
298.1014,300.3766,296.9452,299.2766,20200811,116624.0,127169.0
300.8934,301.1513,293.5185,298.5193,20200812,172524.0,128990.0
299.4795,300.3126,297.4239,298.044,20200813,87026.0,127398.0
298.7267,298.8419,295.7808,297.5261,20200814,78162.0,127684.0
296.9479,297.2561,295.1601,295.8588,20200817,94589.0,131414.0
295.0497,298.573,291.5766,292.0313,20200818,152130.0,142732.0
292.9321,299.2185,291.5671,297.0652,20200819,135221.0,133816.0
296.5936,298.5081,296.4758,297.3973,20200820,80629.0,132623.0
297.6082,297.752,293.337,295.2767,20200821,100900.0,133550.0
294.2719,299.2489,291.5843,297.7688,20200824,146880.0,124226.0
299.1597,303.7924,297.9487,302.7531,20200825,102949.0,122101.0
303.9113,305.5056,302.5991,304.19,20200826,99720.0,123918.0
303.9794,305.2487,303.3183,304.9733,20200827,65217.0,123517.0
304.4298,306.2036,302.0126,304.1397,20200828,100784.0,124806.0
304.0429,309.9634,304.0429,308.7667,20200831,102262.0,127475.0
310.6691,311.3962,306.1448,308.3272,20200901,87796.0,115683.0
308.2778,309.0248,305.6776,306.44,20200902,77106.0,119538.0
306.3106,306.3106,298.8466,300.2735,20200903,131565.0,128645.0
297.9116,301.3533,297.2035,299.2496,20200904,106348.0,129023.0
299.8767,300.175,288.4249,288.6514,20200907,182422.0,138155.0
289.214,291.3219,285.3419,286.204,20200908,110979.0,139774.0
279.3865,280.2901,267.3434,267.9824,20200909,189030.0,140177.0
270.3835,274.4128,266.3922,270.7409,20200910,251398.0,132834.0
268.6388,273.4913,267.1913,267.8561,20200911,195734.0,139803.0
266.2968,272.3518,265.0287,269.9992,20200914,136763.0,138187.0
268.6231,270.6539,267.24,269.0879,20200915,92737.0,139417.0
271.8481,279.8076,270.2345,278.3694,20200916,176169.0,133191.0
278.0733,281.217,276.6049,278.2828,20200917,145543.0,129447.0
279.1006,286.8528,278.4223,285.7962,20200918,146313.0,127264.0
283.226,288.6507,282.8776,284.9953,20200921,141243.0,126095.0
283.6783,284.8539,267.7349,273.9481,20200922,242478.0,125340.0
275.8891,277.9336,271.8447,274.5742,20200923,138727.0,123292.0
277.6861,280.5244,271.5015,273.3302,20200924,190747.0,116541.0
273.5069,280.3365,273.3535,278.4787,20200925,146525.0,109051.0
277.516,280.5413,271.422,275.3276,20200928,159415.0,109915.0
278.2846,280.0449,275.8543,278.8999,20200929,118062.0,102120.0
279.2715,279.4895,267.795,268.8219,20200930,192947.0,105402.0
277.9246,281.2098,276.2857,279.327,20201009,69176.0,101567.0
278.4854,281.0565,274.6736,277.9548,20201012,118838.0,105023.0
277.4291,278.5299,272.5876,275.5016,20201013,141145.0,110465.0
276.4203,276.7328,272.0669,273.5191,20201014,130568.0,114032.0
275.3665,279.6626,275.1334,277.4096,20201015,137670.0,109211.0
272.8613,281.6571,268.3265,276.4021,20201016,217352.0,110834.0
276.5616,280.9587,275.1596,277.3297,20201019,151825.0,112093.0
276.903,280.0859,273.8809,276.8507,20201020,142910.0,116207.0
276.4068,278.5599,275.036,276.508,20201021,134288.0,117658.0
276.1832,277.8545,271.0502,273.6908,20201022,178523.0,125161.0
273.8329,275.3222,272.1664,272.8297,20201023,129019.0,123630.0
274.0937,274.0993,263.5885,264.0151,20201026,181006.0,133692.0
264.5175,265.8351,261.9068,264.8986,20201027,149167.0,133579.0
264.149,267.5137,258.5392,260.967,20201028,173288.0,133145.0
256.7569,256.7569,245.601,247.4511,20201029,254767.0,136369.0
237.2488,244.4522,230.843,234.8113,20201030,360414.0,134730.0
238.6414,240.1313,227.8031,232.2607,20201102,269404.0,129443.0
235.7196,244.0679,234.9147,241.6838,20201103,237113.0,125356.0
247.163,252.7354,244.4769,251.8412,20201104,255901.0,119968.0
252.0856,254.0861,245.7544,247.1915,20201105,202514.0,117096.0
249.7858,252.6187,241.102,244.4995,20201106,196561.0,119265.0
243.3527,251.7187,242.7377,250.2242,20201109,236789.0,120508.0
263.0095,266.3429,256.6405,261.5724,20201110,249560.0,115220.0
263.3836,271.8675,261.5142,271.2509,20201111,195739.0,115311.0
271.7414,273.4029,265.1138,267.6263,20201112,209633.0,112783.0
266.7845,270.8399,263.4428,264.312,20201113,195320.0,114895.0
264.0052,267.911,261.7818,267.2315,20201116,186035.0,115243.0
271.4277,272.3756,265.4624,266.7973,20201117,169091.0,116577.0
266.1759,269.0447,263.4406,266.7733,20201118,179997.0,118992.0
271.1847,271.3581,264.6659,268.0428,20201119,142368.0,119400.0
267.7603,270.9273,266.8418,268.2017,20201120,120247.0,119128.0
268.6017,275.0442,267.89,274.9836,20201123,164704.0,121962.0
274.8572,289.421,272.3974,288.7436,20201124,246021.0,133072.0
288.8571,302.3308,287.0909,299.0194,20201125,319525.0,133453.0
298.2093,306.2508,296.4106,298.738,20201126,242947.0,134738.0
296.2477,301.8211,294.8011,299.2944,20201127,189404.0,131896.0
300.9335,303.312,289.3311,293.2041,20201130,235392.0,130469.0
295.4858,303.8087,295.024,299.6392,20201201,214399.0,123549.0
300.2733,300.5947,292.743,297.0715,20201202,176697.0,123232.0
297.9691,304.2738,296.8154,300.0433,20201203,202008.0,122157.0
299.6192,314.7746,295.7062,308.7198,20201204,306110.0,125828.0
307.8372,310.9447,304.4567,307.9288,20201207,185396.0,123235.0
306.7298,310.1283,296.4122,298.3379,20201208,193776.0,119165.0
299.6853,302.6039,296.1627,300.235,20201209,168804.0,114071.0
300.5689,305.3654,297.8299,298.7971,20201210,188254.0,110727.0
301.8993,313.7002,301.3211,305.6014,20201211,302085.0,107269.0
305.679,310.7262,304.4335,310.3056,20201214,162165.0,103719.0
309.6901,315.04,301.4684,306.5553,20201215,198674.0,103744.0
308.3902,310.6912,305.4965,307.4426,20201216,135847.0,101570.0
308.094,320.6147,307.538,318.9802,20201217,202441.0,105804.0
317.3923,323.1198,315.8983,319.1728,20201218,157631.0,102668.0
319.5393,325.6295,310.7597,313.7508,20201221,245322.0,99169.0
312.8536,313.9413,299.8756,300.6482,20201222,243483.0,93757.0
304.7376,306.8826,292.8054,297.2454,20201223,231482.0,89043.0
300.1938,313.8213,299.6178,312.6708,20201224,248464.0,87334.0
310.4253,316.2316,308.3913,315.2337,20201225,159315.0,83876.0
314.2661,318.3501,309.8704,312.455,20201228,139518.0,83573.0
315.3499,318.0872,307.8374,311.3112,20201229,172316.0,83680.0
312.6681,314.6588,307.0231,311.5791,20201230,175906.0,82481.0
312.7958,313.1752,308.0005,309.7509,20201231,165060.0,84680.0
310.3404,327.4315,309.5337,325.8946,20210104,140157.0,89184.0
320.2387,325.8625,314.7242,317.5364,20210105,225466.0,90161.0
321.6205,332.6793,317.3461,329.7345,20210106,245435.0,95983.0
326.5843,342.9204,326.5843,340.8094,20210107,230610.0,104022.0
339.7961,345.1195,334.2483,343.414,20210108,208562.0,108336.0
344.2309,350.5403,332.3842,333.0275,20210111,272508.0,100161.0
334.5696,345.9141,331.2867,344.0675,20210112,210534.0,97131.0
346.3264,353.1564,342.0028,350.1211,20210113,178099.0,100629.0
348.246,349.7461,340.9424,343.6482,20210114,199175.0,98334.0
343.3115,348.7377,338.1179,342.1962,20210115,220572.0,93911.0
341.4163,342.2747,330.8252,336.6083,20210118,209781.0,91922.0
336.1937,341.8488,335.5095,338.0991,20210119,123262.0,90540.0
339.2398,346.8225,338.7767,345.3611,20210120,145742.0,92877.0
344.8488,346.659,340.5189,343.2468,20210121,137533.0,91600.0
342.8123,344.6996,335.6074,335.7361,20210122,156267.0,93808.0
333.4609,340.0684,328.7751,335.9122,20210125,199538.0,90044.0
334.4078,336.4448,331.5962,332.0694,20210126,134867.0,88773.0
335.9239,338.8872,334.3024,338.4764,20210127,112891.0,86559.0
336.1042,342.0118,332.9297,336.9122,20210128,174110.0,85193.0
337.7717,344.1711,336.9051,338.795,20210129,162896.0,83403.0
340.4684,343.6669,334.8242,341.0542,20210201,172971.0,80394.0
341.5709,352.1806,339.8257,351.685,20210202,162778.0,86786.0
355.7467,356.0168,349.2822,351.9641,20210203,153578.0,82035.0
353.2185,364.4991,353.0506,362.3656,20210204,187376.0,86549.0
361.2338,365.9142,357.3075,364.0386,20210205,145114.0,85717.0
364.7057,372.6262,364.4553,369.5122,20210208,148811.0,82985.0
369.9669,381.5887,369.2638,379.4384,20210209,127842.0,79294.0
376.9705,378.0165,368.9393,372.8599,20210210,112538.0,73245.0
390.8708,405.7901,390.8708,399.6594,20210218,68636.0,76507.0
398.7254,401.1052,381.4473,389.5902,20210219,144443.0,77392.0
389.7069,395.719,385.9538,390.7713,20210222,104787.0,79533.0
392.246,420.6419,391.6858,414.571,20210223,231606.0,90334.0
411.1074,413.9172,402.776,408.0392,20210224,186368.0,88082.0
414.1842,424.4344,410.2588,420.6501,20210225,223893.0,92821.0
420.6715,421.8208,406.4776,409.729,20210226,215036.0,91354.0
407.4374,418.5348,402.4836,413.7843,20210301,218983.0,89808.0
411.6984,412.8897,391.0265,392.5248,20210302,222500.0,88796.0
400.0115,402.8081,392.2469,398.0922,20210303,168028.0,87068.0
400.004,407.9684,395.9895,405.2342,20210304,208898.0,85719.0
404.9607,429.1347,402.6279,428.2559,20210305,334439.0,89879.0
429.9512,449.4383,428.8722,444.4492,20210308,237789.0,90003.0
438.1039,438.8241,426.1425,428.3258,20210309,242845.0,87192.0
432.0074,433.0199,412.373,417.6499,20210310,255815.0,85319.0
423.3986,425.4006,416.2267,422.0243,20210311,217169.0,85011.0
423.9831,430.8452,423.6146,424.265,20210312,190331.0,87117.0
425.6741,434.8149,422.4343,428.928,20210315,181174.0,88846.0
424.2475,424.3241,416.0504,417.0647,20210316,170804.0,86495.0
415.6368,423.0385,411.8506,421.7327,20210317,180742.0,89569.0
415.6554,417.2365,409.1791,412.903,20210318,198475.0,89093.0
410.1908,410.5413,381.1773,381.1774,20210319,335177.0,94238.0
381.6566,395.3401,379.8206,392.1029,20210322,266814.0,90462.0
391.0352,397.6904,390.8718,392.6938,20210323,159205.0,90545.0
382.8764,389.9452,375.677,380.701,20210324,268482.0,95523.0
384.4727,397.0403,383.3115,385.8268,20210325,272846.0,91575.0
382.9441,389.3556,377.5035,387.1167,20210326,280339.0,90423.0
388.2198,399.7194,388.1248,391.0562,20210329,272452.0,84115.0
399.0445,404.9874,393.2776,401.1171,20210330,241287.0,80179.0
396.1268,403.1145,394.9105,402.3238,20210331,193629.0,76656.0
398.7494,402.282,387.9419,396.5737,20210401,215597.0,73832.0
396.7762,412.3475,391.8899,412.2048,20210402,298537.0,77131.0
394.2379,397.1362,388.1885,391.9676,20210406,117722.0,80594.0
392.3113,397.8562,388.0474,389.7466,20210407,179951.0,81649.0
391.789,392.7162,384.1637,387.091,20210408,212413.0,82787.0
388.545,392.5957,386.1554,389.5237,20210409,176864.0,81358.0
389.0524,394.7576,385.0335,385.5866,20210412,183184.0,82875.0
390.2063,396.1784,388.6075,394.2356,20210413,195586.0,79624.0
395.8133,400.2077,391.8089,400.0765,20210414,160542.0,79838.0
399.3449,414.9895,399.3422,414.3717,20210415,209014.0,80533.0
411.6864,418.4941,411.0732,416.5839,20210416,180975.0,82064.0
416.2075,416.5232,409.0837,412.3669,20210419,161279.0,82673.0
413.8184,418.7076,411.1422,415.0643,20210420,153916.0,80361.0
414.1358,415.1758,401.4847,404.1355,20210421,211067.0,79150.0
399.0171,404.292,393.3129,396.6611,20210422,229238.0,78751.0
398.6168,401.4544,395.7429,400.4232,20210423,148585.0,77120.0
397.4345,406.5844,396.3642,397.8364,20210426,180149.0,78586.0
396.046,405.6471,393.0261,403.4541,20210427,167867.0,79238.0
403.7963,408.9894,401.7499,408.708,20210428,146454.0,80644.0
410.2512,416.5859,408.9296,415.1445,20210429,146224.0,81641.0
422.3451,423.2091,414.7565,418.92,20210430,168820.0,75207.0
422.1804,431.4323,422.0401,427.777,20210506,68325.0,76072.0
427.0836,427.815,420.2042,425.8684,20210507,133757.0,78525.0
420.1017,430.7023,418.5351,428.2581,20210510,174984.0,78759.0
426.1059,427.9063,417.243,419.9359,20210511,153254.0,78682.0
417.3139,427.9624,416.0993,427.9624,20210512,184940.0,81787.0
428.8177,435.6245,422.8019,424.6165,20210513,196760.0,78318.0
421.7354,423.4303,410.8762,414.5106,20210514,190263.0,80623.0
418.9745,429.9759,418.4167,426.4874,20210517,173705.0,77085.0
425.0295,437.6363,424.2995,436.3918,20210518,157634.0,84700.0
436.2284,436.2905,419.5807,421.117,20210519,222694.0,77134.0
417.3525,417.4442,405.6525,411.6866,20210520,206813.0,78017.0
409.6658,410.9265,400.4246,400.564,20210521,184067.0,80470.0
406.9608,415.571,406.1749,414.0821,20210524,167765.0,72915.0
415.0115,425.4784,415.0115,424.5453,20210525,141048.0,68184.0
422.8146,427.009,422.4908,425.1127,20210526,131217.0,67829.0
420.9954,425.5151,419.7477,420.191,20210527,142327.0,71042.0
419.8201,432.8482,419.6124,427.5584,20210528,164888.0,78841.0
430.2792,431.9031,423.2502,426.7553,20210531,135772.0,76483.0
429.4869,449.3618,426.0703,437.8476,20210601,131920.0,83291.0
442.4307,444.6212,433.3253,437.1749,20210602,154080.0,80799.0
439.3308,448.7345,437.9763,445.9885,20210603,133504.0,87741.0
443.7017,444.6127,436.6337,442.8424,20210604,162842.0,82125.0
443.9028,450.9609,438.5424,440.4722,20210607,175204.0,83332.0
442.2701,445.8666,435.7411,440.381,20210608,131680.0,79009.0
440.4364,452.121,438.9753,450.2999,20210609,147280.0,88017.0
449.3847,451.2685,440.2092,443.6419,20210610,150988.0,77313.0
447.2506,450.6444,437.2151,450.2446,20210611,188566.0,79580.0
454.3593,459.0118,449.0204,451.7101,20210615,92477.0,81343.0
454.5777,462.5745,453.2954,459.5537,20210616,168162.0,88965.0
458.5038,461.1342,452.8225,456.1739,20210617,194417.0,87782.0
455.3182,458.6699,440.8356,441.2287,20210618,230275.0,77854.0
440.1018,455.8908,439.9324,450.4562,20210621,162064.0,75759.0
448.1117,460.034,445.1198,460.034,20210622,162612.0,78246.0
458.4522,465.2714,455.3335,464.237,20210623,152238.0,83126.0
465.1272,468.2166,460.5761,463.7006,20210624,146191.0,81777.0
458.8387,469.3587,458.837,464.6369,20210625,160302.0,83824.0
466.038,471.4327,458.3086,462.8278,20210628,194580.0,81571.0
464.2535,464.796,454.6878,455.6131,20210629,154568.0,80006.0
459.5888,461.8831,457.8033,458.5909,20210630,111521.0,77536.0
461.3867,464.2804,455.056,460.1832,20210701,154040.0,77856.0
469.9013,472.5059,464.5824,468.8173,20210702,179790.0,81701.0
469.8548,472.767,465.6798,472.3702,20210705,144664.0,85408.0
471.3228,479.4783,467.359,475.3131,20210706,139917.0,86014.0
469.9062,470.1427,451.2269,453.827,20210707,251076.0,84703.0
455.8245,456.4215,440.4787,441.6014,20210708,225003.0,85890.0
442.9464,449.4408,439.2453,447.8564,20210709,185260.0,86077.0
450.0193,456.1139,449.0471,450.4479,20210712,130992.0,82434.0
447.7632,457.5568,446.5948,456.6736,20210713,113010.0,80206.0
454.1709,464.6349,453.8017,463.6921,20210714,143775.0,79007.0
463.9417,464.3552,442.4834,443.1838,20210715,221882.0,82478.0
443.1701,447.74,436.7128,437.9371,20210716,181283.0,88161.0
442.1441,442.6497,431.0261,435.3593,20210719,210534.0,83012.0
427.7236,427.7236,410.6779,415.3791,20210720,270887.0,88293.0
408.5673,418.6526,408.3815,413.9407,20210721,184619.0,89791.0
417.8408,427.7678,417.8408,426.6751,20210722,157186.0,84432.0
426.3796,441.197,426.3796,438.5818,20210723,169169.0,80856.0
438.3689,445.2436,437.7206,440.0284,20210726,147772.0,80423.0
443.571,452.2803,443.3159,446.4335,20210727,146331.0,79501.0
448.1548,453.9017,444.0038,451.0145,20210728,134483.0,77713.0
452.127,454.1593,449.0615,453.407,20210729,96998.0,78266.0
452.7592,458.5495,450.7014,453.0414,20210730,113726.0,76639.0
455.2636,460.8098,445.1789,450.5044,20210802,145187.0,76040.0
450.0866,453.1074,436.5039,436.839,20210803,160857.0,79373.0
430.0042,437.9964,426.818,437.55,20210804,174841.0,79660.0
431.0393,434.693,422.1567,423.1705,20210805,190276.0,83933.0
425.8616,437.0014,424.211,434.8915,20210806,134386.0,80455.0
434.7173,440.2461,417.6371,419.9501,20210809,206216.0,85271.0
417.9827,426.3679,415.1986,425.9606,20210810,163540.0,85857.0
424.2911,434.3001,424.0193,434.1827,20210811,159822.0,83552.0
427.8019,436.276,423.796,431.7595,20210812,177199.0,82784.0
430.4173,435.2832,426.735,429.9409,20210813,141953.0,83809.0
431.3329,435.4927,422.8719,424.3616,20210816,142238.0,84921.0
419.549,426.6248,417.071,420.5797,20210817,151845.0,81358.0
421.54,426.1924,417.4906,423.2218,20210818,154620.0,78000.0
423.7869,425.1567,406.7585,406.8698,20210819,201291.0,81215.0
403.8825,407.1256,399.2036,405.9363,20210820,178186.0,81196.0
399.096,408.9151,396.413,405.6921,20210823,181730.0,80887.0
409.2246,424.229,409.2178,421.4644,20210824,181604.0,78728.0
421.0932,431.2886,421.0932,428.092,20210825,145681.0,74128.0
430.9495,434.4643,428.7654,431.8572,20210826,142764.0,67442.0
431.1956,438.289,427.2413,436.6311,20210827,167200.0,67779.0
438.3728,439.56,435.2396,436.7374,20210830,140189.0,67326.0
438.0786,440.2993,435.2871,438.8324,20210831,115336.0,68078.0
436.5677,444.5938,435.0343,444.5938,20210901,141211.0,67230.0
442.3726,443.7357,432.6196,443.5358,20210902,193113.0,67061.0
447.5178,456.6321,447.5178,453.6897,20210903,151338.0,67553.0
455.9849,456.8206,443.4726,444.7711,20210906,139077.0,67419.0
448.965,454.1833,447.2202,452.7794,20210907,114436.0,67417.0
447.522,450.4299,443.8473,448.7421,20210908,154713.0,65355.0
451.523,454.5248,448.1974,451.4642,20210909,126718.0,64323.0
447.7797,452.048,439.5788,447.2384,20210910,188834.0,61379.0
451.2096,460.7758,451.2096,458.8518,20210913,129772.0,66194.0
459.7777,464.9389,456.4687,462.3744,20210914,107511.0,66861.0
463.0271,466.707,456.4693,464.6327,20210915,110380.0,66811.0
468.6621,480.497,468.6621,471.1137,20210916,163121.0,63013.0
469.3263,475.737,466.0659,472.0114,20210917,107544.0,58845.0
466.7814,473.6934,465.2888,471.4269,20210922,54365.0,58447.0
470.2428,480.0631,469.9081,477.4809,20210923,107569.0,58560.0
477.0683,488.3664,475.14,486.337,20210924,133678.0,60810.0
484.0939,498.6381,481.7755,492.5118,20210927,139179.0,59787.0
495.5649,507.1111,494.5014,505.3607,20210928,139443.0,62589.0
502.4069,505.9208,485.0635,487.8754,20210929,162054.0,55396.0
491.9487,498.6856,489.7575,492.7041,20210930,114292.0,48741.0
516.8436,527.0363,516.7412,525.9995,20211008,74346.0,54772.0
523.31,530.5785,519.1695,527.8817,20211011,133860.0,57699.0
530.1195,532.243,525.3738,527.6542,20211012,112310.0,58294.0
527.4148,533.1942,520.2294,524.2727,20211013,168697.0,55873.0
521.5434,528.9388,515.4499,527.9234,20211014,131008.0,55893.0
528.9614,533.9901,522.4186,532.3629,20211015,140390.0,59951.0
532.3591,544.7843,527.6935,540.9424,20211018,156938.0,64625.0
541.2628,541.8746,524.709,528.7103,20211019,151207.0,63528.0
528.1667,528.7593,519.8266,522.7401,20211020,140564.0,57820.0
521.6207,537.0199,518.0843,527.6845,20211021,131658.0,56583.0
526.6507,531.4148,516.5742,518.7029,20211022,189455.0,50717.0
527.3874,534.8567,521.8891,530.7676,20211025,144239.0,54578.0
533.3936,535.5867,528.8671,529.8857,20211026,123921.0,53580.0
533.3281,533.9217,525.8082,526.83,20211027,139641.0,51791.0
526.9403,529.4884,504.8493,516.523,20211028,258269.0,56970.0
515.9273,524.8208,512.1547,524.0941,20211029,157024.0,57033.0
519.2841,524.6553,515.0984,519.1858,20211101,150775.0,56866.0
526.1736,533.549,525.9534,532.6123,20211102,129790.0,59747.0
530.0763,531.4255,518.6056,522.4375,20211103,148669.0,59028.0
516.8512,518.1924,505.1803,508.4273,20211104,169138.0,62177.0
523.8915,528.1559,500.3632,505.6094,20211105,247302.0,64247.0
506.5768,529.5498,504.8766,527.5497,20211108,190917.0,61268.0
524.2935,526.2319,519.7224,521.8116,20211109,116844.0,60434.0
523.0682,535.881,520.8562,534.1734,20211110,138836.0,64557.0
529.5342,533.1892,515.0157,516.3816,20211111,177046.0,60515.0
513.404,519.8558,510.9488,511.9929,20211112,159625.0,61171.0
506.5783,515.6403,503.823,505.1179,20211115,154715.0,62607.0
502.157,517.4356,500.6445,515.5985,20211116,162898.0,57975.0
515.6396,517.0595,507.0154,511.3105,20211117,148575.0,58242.0
510.8592,511.337,490.5068,490.6385,20211118,189979.0,58749.0
493.6095,509.014,493.0306,505.8333,20211119,159094.0,54981.0
484.7481,496.2552,484.5218,487.0678,20211122,201763.0,53387.0
486.9086,495.9884,484.366,490.6198,20211123,165386.0,53602.0
494.2291,513.3924,493.8381,512.1531,20211124,187102.0,55362.0
509.6025,513.7185,506.866,507.3772,20211125,120696.0,50296.0
509.2639,509.7356,493.8882,494.5992,20211126,122649.0,52418.0
484.9375,485.5584,462.6694,472.7194,20211129,323459.0,55692.0
474.0895,479.0775,445.9239,447.2082,20211130,314062.0,61270.0
451.9241,453.922,428.0259,450.8779,20211201,334127.0,59523.0
454.8499,455.204,435.2449,439.9479,20211202,292168.0,60923.0
434.9145,447.7807,417.4003,444.7945,20211203,397205.0,62512.0
448.5144,455.5133,441.4819,449.322,20211206,264968.0,61559.0
450.6023,464.5631,446.5817,461.5619,20211207,206817.0,61555.0
466.8231,477.3735,464.6513,470.6763,20211208,226238.0,62223.0
473.6105,479.0417,468.4686,475.3866,20211209,182390.0,60465.0
469.0077,474.2634,463.6894,463.9639,20211210,196860.0,59414.0
469.9544,482.0646,467.526,480.6893,20211213,206199.0,57927.0
471.8545,473.1472,463.1223,468.3153,20211214,202827.0,53252.0
466.9441,468.4092,456.4014,459.6048,20211215,221330.0,56413.0
460.3854,471.7075,456.8746,469.2972,20211216,193642.0,53872.0
466.0093,473.5375,466.0093,467.8365,20211217,170067.0,54731.0
464.4127,467.3587,446.1098,449.5791,20211220,238100.0,57077.0
444.5941,455.8748,437.7981,453.4633,20211221,242676.0,56319.0
453.528,468.3115,453.528,464.4923,20211222,196537.0,56496.0
463.3591,474.6177,461.8458,471.4521,20211223,157269.0,58197.0
471.8947,477.4915,469.9699,477.3983,20211224,130130.0,61163.0
474.3118,483.1044,470.2007,471.9976,20211227,111456.0,62040.0
472.1259,492.8196,471.5611,492.4302,20211228,197604.0,70270.0
494.1607,496.0597,487.7321,491.1675,20211229,187267.0,70384.0
488.8818,498.8256,487.2225,496.4604,20211230,226469.0,69746.0
493.9694,499.4689,488.6442,496.9433,20211231,176035.0,67512.0
493.1989,495.1947,489.3347,492.2626,20220104,67791.0,64796.0
494.3029,502.7217,493.4752,500.7538,20220105,180600.0,67227.0
501.5665,507.0397,496.2096,499.3475,20220106,166658.0,67872.0
510.004,516.9352,509.6993,516.8094,20220107,197648.0,73193.0
515.0366,515.2192,504.4894,508.5721,20220110,179382.0,67713.0
505.503,509.1689,501.9018,504.0917,20220111,148909.0,66381.0
508.6385,519.9606,505.6358,516.9037,20220112,180858.0,68827.0
516.9338,525.7711,516.9338,522.6424,20220113,139975.0,71703.0
522.0833,526.5871,519.811,524.9111,20220114,144998.0,76484.0
526.2549,535.4296,522.522,532.3244,20220117,185355.0,74304.0
530.1081,542.3926,527.2781,540.816,20220118,126166.0,80228.0
538.2203,549.4364,536.5335,542.0728,20220119,193040.0,79495.0
542.6626,549.2917,537.2602,542.9058,20220120,167990.0,81422.0
541.8158,549.0988,525.8031,533.9398,20220121,214901.0,79632.0
534.9104,545.2544,532.5561,541.3201,20220124,192292.0,77899.0
538.3561,538.8765,520.9794,531.6608,20220125,280833.0,74103.0
528.7199,537.6439,526.2122,536.8656,20220126,189701.0,67200.0
541.042,546.9639,537.9736,540.7184,20220127,163659.0,67457.0
548.6309,548.9305,533.3466,535.2483,20220128,181736.0,61528.0
555.8143,569.9851,555.6794,566.1862,20220207,73503.0,69112.0
562.4258,563.0405,554.6321,559.9298,20220208,150539.0,72688.0
550.5469,553.6979,545.5639,546.8177,20220209,161718.0,72939.0
546.4197,555.3812,544.3573,551.7215,20220210,150928.0,73217.0
555.1541,562.4534,546.8613,548.0615,20220211,197651.0,73564.0
557.4613,578.851,554.9299,574.0961,20220214,189920.0,79979.0
563.2621,575.0634,561.4487,574.7527,20220215,183920.0,81733.0
560.8592,565.5781,551.4558,559.0127,20220216,232452.0,79683.0
564.2305,570.8,547.9916,562.8296,20220217,203599.0,80300.0
561.9314,566.9619,556.5021,563.9764,20220218,233465.0,81320.0
556.647,575.1853,553.5636,566.1841,20220221,276741.0,81614.0
569.5016,593.3344,569.0428,592.4973,20220222,210323.0,85888.0
589.4347,591.8667,580.164,584.9149,20220223,207853.0,83291.0
585.194,617.8272,583.548,614.4586,20220224,336245.0,84963.0
628.111,629.6573,599.9838,603.5431,20220225,340141.0,78828.0
591.1999,611.3456,579.0457,610.6931,20220228,326329.0,75117.0
600.0523,615.0297,599.3142,612.6649,20220301,223680.0,75017.0
632.8516,653.3618,621.3526,653.1143,20220302,319533.0,85199.0
665.4898,705.1154,653.8456,704.7474,20220303,302739.0,80224.0
709.256,713.1329,668.6116,679.8459,20220304,350366.0,77400.0
691.8837,743.4614,687.4965,743.2396,20220307,181022.0,79702.0
743.2566,785.1983,717.9235,770.8677,20220308,387121.0,75485.0
765.4656,806.8562,754.2174,791.699,20220309,346878.0,75489.0
750.2333,760.5624,685.8808,686.7198,20220310,284193.0,69996.0
698.3644,717.7264,651.8344,673.6062,20220311,379174.0,68343.0
671.5592,686.4523,659.5042,673.55,20220314,245444.0,63779.0
665.3056,666.4335,611.1874,620.8378,20220315,345540.0,61993.0
616.8177,637.0447,602.7076,629.5705,20220316,328466.0,64871.0
626.5073,632.7828,603.8128,617.2558,20220317,277390.0,62756.0
634.733,668.0241,634.733,667.8103,20220318,236066.0,59870.0
652.9672,682.7394,647.6222,673.6885,20220321,239488.0,61191.0
679.2877,718.957,678.8747,708.0082,20220322,229889.0,64462.0
699.8366,707.0858,686.1161,693.2159,20220323,259598.0,62127.0
710.7508,738.7067,710.7508,715.3847,20220324,255825.0,62071.0
722.7579,725.6842,701.9879,712.2706,20220325,248093.0,56465.0
698.5534,723.8922,690.9291,696.694,20220328,302001.0,51561.0
690.1281,690.1281,666.7442,670.0214,20220329,284207.0,55415.0
639.0446,680.9302,633.0155,680.9302,20220330,317466.0,55088.0
679.074,690.7766,652.8477,664.6365,20220331,260729.0,55224.0
657.0652,674.5518,642.5663,643.9308,20220401,286306.0,50244.0
658.4292,674.9276,655.9184,672.2543,20220406,80118.0,53042.0
674.7515,675.6448,624.8444,628.9752,20220407,323835.0,59029.0
628.5048,632.5514,604.8238,626.6573,20220408,294029.0,61607.0
626.8836,638.8223,616.3176,625.244,20220411,240414.0,58945.0
611.7808,637.6271,609.0104,636.5341,20220412,241207.0,62685.0
637.1155,655.295,637.0202,651.1785,20220413,217401.0,63235.0
660.6644,674.0446,653.7652,665.9822,20220414,203905.0,62926.0
664.2024,692.7269,661.5943,691.1404,20220415,192646.0,64839.0
691.0926,704.1124,684.7905,694.8896,20220418,146223.0,68364.0
696.1331,709.2185,690.7452,693.1884,20220419,203383.0,63909.0
685.2657,685.7615,664.8538,674.8589,20220420,245790.0,60840.0
674.5663,681.8388,658.3925,680.4381,20220421,246322.0,60946.0
673.946,690.7873,666.7477,672.6122,20220422,257846.0,61234.0
674.0345,675.3365,632.2424,635.4423,20220425,254718.0,56860.0
633.1627,647.2531,620.1129,642.7952,20220426,249500.0,52778.0
643.0131,664.9859,643.0131,663.4059,20220427,278325.0,54402.0
654.5512,659.3496,638.9687,651.1143,20220428,270183.0,53498.0
653.4685,679.342,651.6756,672.3967,20220429,233624.0,51237.0
685.3933,697.3393,685.0362,692.7328,20220505,62590.0,50467.0
699.1943,710.6261,682.2757,696.5674,20220506,262752.0,53661.0
699.6289,714.6545,691.0617,701.5836,20220509,281976.0,55102.0
693.718,700.3977,644.9903,655.4304,20220510,336637.0,57788.0
661.0493,666.4953,640.7955,661.6187,20220511,318093.0,59605.0
662.7233,686.5579,662.7233,676.7809,20220512,296240.0,58684.0
676.4358,701.4639,675.1415,692.988,20220513,252410.0,60855.0
703.1863,712.2013,691.9628,698.7884,20220516,238158.0,63068.0
704.6188,727.8738,702.4805,721.9756,20220517,234434.0,67641.0
720.4451,726.0285,700.4568,702.9654,20220518,254064.0,63070.0
709.9202,711.9934,680.2928,693.3838,20220519,330132.0,60126.0
668.6957,701.2737,666.8357,695.6992,20220520,296966.0,59782.0
694.1799,706.4564,689.0138,703.2492,20220523,231607.0,61499.0
702.8765,703.7471,683.3811,685.2918,20220524,244361.0,62823.0
694.8479,709.7295,691.5136,706.4046,20220525,244561.0,63423.0
707.2822,712.6295,698.9385,710.9069,20220526,212815.0,61707.0
711.2863,739.0638,709.7228,726.213,20220527,218057.0,65835.0
725.039,739.2927,720.7652,729.9126,20220530,199266.0,66657.0
731.1039,755.3894,729.629,752.7967,20220531,158352.0,70875.0
751.9824,758.3328,720.1742,730.0074,20220601,292848.0,65494.0
732.6356,739.3849,707.7294,711.1832,20220602,268052.0,64831.0
749.8192,752.9004,739.4787,746.1042,20220606,80850.0,68022.0
742.6274,751.2222,737.9681,749.7681,20220607,182301.0,69327.0
745.0486,755.2263,739.479,753.618,20220608,210057.0,71196.0
756.4339,778.3834,753.0442,765.9391,20220609,229087.0,74449.0
766.2443,771.1955,757.5413,763.2064,20220610,183716.0,72990.0
766.1502,766.7854,743.9277,748.559,20220613,281367.0,72981.0
750.7926,770.2458,742.6967,768.0256,20220614,292210.0,75696.0
771.6589,779.2448,749.1936,750.483,20220615,282381.0,74611.0
751.0258,751.832,735.3248,739.2269,20220616,285149.0,74685.0
731.4951,736.8437,714.7277,735.4026,20220617,333956.0,73287.0
729.8457,730.7532,685.1719,689.9079,20220620,401279.0,67551.0
690.3216,710.8228,687.5461,705.08,20220621,194957.0,66626.0
707.0151,716.9307,679.8594,680.3814,20220622,281365.0,71404.0
673.4158,700.1448,669.888,691.276,20220623,339335.0,76105.0
694.8042,702.5414,667.7049,672.6847,20220624,355654.0,74444.0
686.4495,699.8867,673.7834,695.9674,20220627,319620.0,71745.0
697.2345,723.0789,688.7784,721.9675,20220628,289782.0,72448.0
722.8847,729.8502,714.9319,721.1186,20220629,269413.0,68927.0
735.6168,739.6445,712.6107,712.6107,20220630,257466.0,67404.0
713.3108,715.1798,685.0311,687.6408,20220701,312249.0,67449.0
706.0948,709.613,693.9732,706.9642,20220704,268450.0,72789.0
713.5329,724.3616,708.9386,711.2332,20220705,182884.0,75924.0
703.2696,703.5911,644.1311,659.1751,20220706,516032.0,81892.0
656.5903,657.6337,622.4444,632.205,20220707,464138.0,81070.0
639.4196,670.7494,639.3703,664.2299,20220708,362064.0,81967.0
665.4931,681.003,663.0877,669.0279,20220711,352660.0,82733.0
660.8745,675.7466,656.9661,664.716,20220712,306101.0,83577.0
652.333,654.3929,625.6028,642.719,20220713,352210.0,79936.0
632.5468,642.4519,625.7388,630.9038,20220714,333504.0,83332.0
628.0406,631.9756,602.6642,619.1743,20220715,406356.0,87255.0
634.846,656.4611,626.2647,655.7516,20220718,361407.0,83491.0
656.7732,669.5679,656.7732,659.5952,20220719,267395.0,82273.0
650.0744,668.1678,643.2319,657.7542,20220720,286861.0,85307.0
655.811,664.5226,651.4834,654.0673,20220721,245402.0,85921.0
640.8095,652.9834,638.2643,652.0441,20220722,300476.0,84423.0
639.2702,654.2367,627.9366,630.3638,20220725,301600.0,84981.0
643.6527,668.0585,638.6675,665.3208,20220726,251979.0,89648.0
666.7614,669.2139,641.9199,647.3273,20220727,245800.0,83915.0
651.4245,678.3514,643.7666,677.6158,20220728,271770.0,83807.0
678.6342,679.2472,662.9816,672.2081,20220729,251414.0,81995.0
680.5413,696.0099,671.9509,676.9338,20220801,246859.0,77631.0
668.4234,668.5893,648.9669,666.2744,20220802,308018.0,70878.0
665.9718,676.2843,661.4178,665.458,20220803,262123.0,70999.0
678.4895,679.2107,642.9316,645.5576,20220804,285150.0,71471.0
645.9805,647.0064,631.0137,637.6417,20220805,208246.0,74066.0
631.5253,649.6234,626.3612,646.528,20220808,228255.0,71935.0
635.5466,657.294,635.293,652.4031,20220809,189742.0,75518.0
661.9707,664.9115,650.1422,653.2189,20220810,183124.0,74948.0
655.9093,670.4536,642.8115,667.7072,20220811,223545.0,78180.0
675.3584,680.6104,668.0656,678.4196,20220812,152561.0,80898.0
671.9053,675.1118,664.326,668.7171,20220815,168322.0,78239.0
643.5684,661.663,643.4681,659.2288,20220816,190881.0,77091.0
662.1804,666.803,651.2917,658.7396,20220817,197084.0,78314.0
655.6693,674.9682,654.9672,671.8187,20220818,198107.0,82150.0
682.1155,693.8748,676.958,683.8496,20220819,196479.0,82844.0
679.614,698.9511,679.614,688.2968,20220822,174500.0,81636.0
691.5606,703.8212,676.2177,702.5927,20220823,207142.0,81849.0
704.5267,721.1091,702.2078,719.9217,20220824,193245.0,87801.0
719.8495,735.6864,715.7037,727.4145,20220825,235646.0,86608.0
726.2574,732.4736,713.8791,717.9258,20220826,180328.0,78362.0
708.2533,715.4911,697.0693,710.7658,20220829,228570.0,75266.0
713.381,726.3861,710.7755,718.7215,20220830,172093.0,80534.0
707.1746,709.7223,692.4197,699.1232,20220831,190388.0,77301.0
683.7096,692.9028,672.7408,674.6899,20220901,202156.0,75622.0
671.0627,673.8,661.9053,668.359,20220902,184933.0,77448.0
674.0651,678.5356,663.5558,677.5727,20220905,183994.0,78234.0
682.5209,688.0591,673.1696,676.329,20220906,134219.0,77351.0
667.382,671.7479,664.3444,668.8495,20220907,17158.0,75965.0
657.9101,657.9101,630.4686,631.2165,20220908,220285.0,78056.0
634.8583,639.1715,628.3394,632.8802,20220909,184842.0,73882.0
657.1408,659.3752,647.4864,648.1235,20220913,109380.0,63370.0
644.2996,650.2132,634.1683,643.0947,20220914,183077.0,62921.0
645.8943,673.0562,643.99,668.3843,20220915,222937.0,65896.0
663.3416,663.4376,653.3399,654.8054,20220916,177861.0,61965.0
653.1038,653.9056,630.6367,630.8125,20220919,208488.0,63101.0
622.2074,643.1843,619.298,635.9135,20220920,156786.0,62469.0
638.4814,648.756,626.1825,648.376,20220921,199535.0,62263.0
645.7276,648.7226,632.2038,640.3309,20220922,189742.0,60758.0
647.0913,652.8079,638.9806,640.5494,20220923,169154.0,62144.0
630.2652,630.6698,601.5076,604.3614,20220926,219869.0,65600.0
610.313,616.3573,596.5871,602.4582,20220927,181858.0,64731.0
603.9308,613.0811,598.8713,602.7004,20220928,180153.0,64807.0
612.9858,631.484,611.3609,626.0273,20220929,176500.0,59948.0
630.859,631.8116,620.9176,624.8991,20220930,138645.0,55490.0
689.3435,691.8614,682.3112,690.5469,20221010,69698.0,54959.0
691.2357,697.718,686.2104,687.3922,20221011,126600.0,58446.0
684.5758,686.3697,669.7664,678.6637,20221012,131926.0,57975.0
673.6977,676.2747,666.0679,670.5258,20221013,125497.0,57426.0
664.5618,682.4646,664.4732,679.2946,20221014,146960.0,58287.0
672.4171,673.7485,661.9885,665.1102,20221017,154733.0,54350.0
665.6756,670.814,658.0404,668.7392,20221018,129832.0,53945.0
665.5251,666.0509,648.3615,653.7156,20221019,165955.0,52748.0
657.4417,668.7448,652.2748,664.4453,20221020,169446.0,56918.0
663.7317,671.7612,656.1442,656.7333,20221021,153210.0,56048.0
657.7017,672.68,656.5842,658.2834,20221024,168035.0,55866.0
655.2301,668.5006,654.5944,664.6393,20221025,158522.0,56635.0
663.5416,670.271,658.1607,658.8412,20221026,140668.0,58030.0
665.462,677.7796,663.6905,671.5669,20221027,162968.0,61608.0
678.0767,683.714,675.4689,675.7364,20221028,134657.0,64251.0
677.0819,678.8071,666.242,669.4123,20221031,149353.0,58724.0
667.3192,682.6577,663.5707,681.0908,20221101,163617.0,57595.0
685.2007,692.3667,679.4761,687.4751,20221102,123864.0,60845.0
683.8924,692.1502,677.6489,690.8024,20221103,130000.0,63601.0
687.5573,698.3227,683.0012,697.2731,20221104,131528.0,63885.0
704.2016,708.4589,698.3787,703.0029,20221107,114779.0,64741.0
704.9869,709.2631,700.6332,703.0238,20221108,107453.0,64991.0
702.199,704.1367,675.5038,680.5933,20221109,153821.0,58620.0
675.0489,678.8266,659.2079,661.8892,20221110,139754.0,57147.0
659.3283,673.5349,659.2744,669.2695,20221111,172072.0,57903.0
672.3012,675.5633,656.0242,657.2148,20221114,160613.0,59401.0
657.4694,663.1645,640.0859,644.6556,20221115,163198.0,62741.0
644.4487,646.6843,636.7727,639.4326,20221116,161463.0,64219.0
642.7515,643.5718,624.1426,627.9244,20221117,153196.0,68265.0
624.3554,628.3646,615.3777,616.8942,20221118,158604.0,68302.0
608.9245,609.9218,592.8477,599.1666,20221121,206598.0,73154.0
599.3234,601.1355,571.5798,593.1206,20221122,240076.0,74990.0
599.1702,605.7188,594.5001,596.4281,20221123,142709.0,72812.0
586.6688,587.118,570.2871,570.6816,20221124,199146.0,79111.0
573.0885,577.3991,568.1358,573.5141,20221125,136681.0,77032.0
579.7688,579.9011,543.1289,550.3377,20221128,195030.0,78402.0
544.948,584.9745,544.948,575.1567,20221129,221245.0,74411.0
575.7134,581.0001,565.1021,573.0161,20221130,197957.0,75164.0
576.5,586.6591,573.2677,574.8506,20221201,177567.0,70751.0
582.2146,588.442,569.439,575.6407,20221202,168662.0,69095.0
575.3,582.8241,559.6728,562.2488,20221205,217991.0,70423.0
569.0,577.6298,541.0309,548.2223,20221206,241068.0,72108.0
536.0,542.2184,518.231,520.0655,20221207,269945.0,74618.0
518.7,530.1552,508.1125,517.3482,20221208,293332.0,77989.0
518.6,523.8609,502.2421,507.5145,20221209,309865.0,81254.0
501.8,514.6539,498.0,507.7981,20221212,289444.0,80177.0
504.6854,529.5134,502.8447,528.5049,20221213,238065.0,80512.0
527.2354,535.909,524.0646,530.9788,20221214,196455.0,76639.0
533.2453,544.184,533.2453,538.4938,20221215,178358.0,71475.0
542.4371,544.1514,532.2284,537.7929,20221216,205085.0,70352.0
530.9049,541.5963,521.6351,535.5013,20221219,232133.0,67136.0
535.661,545.7895,533.3839,537.8301,20221220,175752.0,65857.0
537.5904,544.6979,530.9215,544.0409,20221221,171560.0,67225.0
550.5096,554.0216,546.3717,548.6037,20221222,141527.0,66143.0
554.1478,556.6939,542.9269,546.9214,20221223,155893.0,62142.0
551.5712,567.2178,550.9602,561.801,20221226,143469.0,62213.0
561.9447,570.4323,558.4671,568.6453,20221227,80967.0,60764.0
567.0575,572.7064,561.5769,562.0015,20221228,131143.0,62380.0
563.0298,564.3829,550.6847,555.665,20221229,147556.0,60261.0
556.5684,566.3445,550.9307,566.179,20221230,150694.0,56503.0
570.4216,573.8413,565.7292,569.802,20230103,62683.0,54584.0
565.2799,567.4003,539.5225,542.0464,20230104,201621.0,54382.0
531.5454,533.9253,522.5181,524.2965,20230105,168418.0,61432.0
526.7622,532.1973,520.2141,529.3153,20230106,166786.0,61125.0
524.7723,533.969,522.5822,526.6131,20230109,170133.0,64618.0
532.9713,534.7179,519.7809,522.6923,20230110,149305.0,68718.0
525.6616,528.4857,517.867,520.8083,20230111,160758.0,71910.0
525.5458,536.9484,524.8184,532.544,20230112,187385.0,73082.0
536.6389,541.2039,532.6983,541.0057,20230113,168073.0,76908.0
539.4642,546.1158,538.5116,542.8506,20230116,139657.0,74102.0
544.6324,551.693,540.6001,548.4841,20230117,112942.0,66774.0
552.257,566.4927,552.257,564.1497,20230118,132023.0,64928.0
