136437.1844,137068.3059,135352.233,136368.5686,20200102,30215.0,47170.0
136883.5716,137348.094,136098.4136,136145.3605,20200103,58139.0,49040.0
135317.586,136102.2432,134672.5659,135681.5246,20200106,90369.0,50897.0
135618.0916,136008.8307,135390.2989,135997.3914,20200107,59442.0,53910.0
136066.3322,137185.3246,135928.0959,136435.5728,20200108,58266.0,54262.0
136536.4567,138456.8847,136474.3707,138413.2528,20200109,48560.0,54372.0
138136.9036,138684.4742,137799.6408,138076.1849,20200110,36464.0,53639.0
138273.3004,138659.2467,137565.9047,138652.5203,20200113,31744.0,53640.0
138860.0912,139392.5317,138112.9975,138701.4174,20200114,35702.0,53769.0
139061.7841,140228.5844,138612.2269,139859.509,20200115,39185.0,54117.0
139811.5203,141016.2532,139365.4345,139812.9579,20200116,42446.0,49386.0
140749.0245,140966.3801,139959.8442,140770.2116,20200117,44327.0,50612.0
140807.6366,140948.7031,138694.292,140039.6645,20200120,48240.0,49991.0
140214.5189,141165.6484,139010.4575,139117.2388,20200121,61197.0,49130.0
138818.4923,140693.1783,138630.7033,140212.9114,20200122,36220.0,44989.0
140514.8073,140533.9134,137271.3605,137473.8127,20200123,36710.0,36475.0
133385.6702,133385.6702,130417.0458,130844.8299,20200203,15515.0,37547.0
131249.0952,132813.0813,129816.98,131860.3433,20200204,19489.0,40815.0
130959.8373,132409.4493,130959.8373,131808.352,20200205,16022.0,43484.0
132348.7434,133865.3418,132145.6263,133440.1049,20200206,13657.0,48618.0
133929.1541,135304.2346,133310.7024,134014.8378,20200207,23551.0,51226.0
133768.2045,134535.7278,132858.9022,133987.6272,20200210,14589.0,52849.0
133991.6221,135214.3389,133689.2982,134852.2937,20200211,11164.0,54071.0
134475.0099,135201.8897,133990.5209,134176.338,20200212,8968.0,54744.0
134040.96,135019.0275,133968.9093,134668.9873,20200213,7205.0,55711.0
134925.6451,135045.141,134361.1885,134612.3158,20200214,7479.0,56508.0
134886.5638,135615.6876,134106.2127,135563.5628,20200217,11173.0,57531.0
135510.5433,136656.6397,134912.6492,135513.932,20200218,17667.0,59034.0
135274.0927,135993.5273,135002.3523,135733.593,20200219,7557.0,59301.0
135410.9949,136236.7266,135360.2279,135943.0363,20200220,8655.0,59289.0
135879.0961,136128.8171,135102.8376,136118.6581,20200221,11933.0,59856.0
135849.7497,137430.4255,135746.2706,137137.2224,20200224,17126.0,59447.0
136520.1361,137000.2181,135965.147,136789.974,20200225,18574.0,56243.0
136846.6972,137424.4231,135812.9081,135912.0844,20200226,20354.0,61198.0
135923.4354,136765.8314,135370.7146,136209.012,20200227,22945.0,64728.0
135283.7018,135283.7018,131578.5211,131755.4206,20200228,32796.0,67782.0
131635.3741,134616.3797,131424.6143,134472.3765,20200302,32590.0,70016.0
135099.8173,136406.8776,134841.6259,135673.1462,20200303,30484.0,71765.0
135514.2624,136364.525,135215.6703,136321.8039,20200304,34078.0,74473.0
136407.7269,137484.2269,136280.8318,136740.9322,20200305,29028.0,73750.0
136977.0599,137105.7452,135244.3474,135514.7184,20200306,24802.0,73559.0
134523.5496,134523.5496,132879.1194,133274.7873,20200309,39302.0,71176.0
134729.0275,136358.7219,134495.2955,135304.1752,20200310,29923.0,70119.0
135121.9314,135922.7853,134824.7162,135611.6775,20200311,26578.0,71886.0
135164.8406,135244.9391,133300.0472,133886.2968,20200312,35529.0,73899.0
131374.3238,131996.6025,126999.5967,129876.4887,20200313,40066.0,75780.0
129661.7288,129854.7911,126131.654,127064.1182,20200316,47298.0,78603.0
126031.9245,126409.3129,122966.6706,123555.6542,20200317,52228.0,77901.0
118850.1491,120253.4706,117356.3657,117356.3693,20200318,56229.0,79699.0
113892.6609,114709.5108,108182.8149,108188.6306,20200319,11456.0,76934.0
111330.1359,114978.2898,104455.3512,114539.4458,20200320,85113.0,74610.0
110154.8483,110163.0575,103199.2052,107172.288,20200323,86022.0,74908.0
110280.9307,114182.5628,110280.9307,113846.2239,20200324,119422.0,69333.0
114149.6321,116735.4912,113190.1863,116669.9608,20200325,96318.0,66885.0
117596.7468,117877.2864,115058.5884,115312.8944,20200326,100511.0,75507.0
116347.1673,118611.7349,115747.8215,118611.6836,20200327,84787.0,76917.0
117389.5726,118743.6583,115101.2068,118116.1858,20200330,58220.0,76787.0
118578.9065,120415.599,117935.3009,119705.8949,20200331,68612.0,77683.0
120141.3028,121845.4618,119640.2878,120474.6604,20200401,80106.0,75201.0
121603.1179,121645.8063,117732.1653,119576.5392,20200402,106798.0,72224.0
118492.1178,120472.9325,118273.4101,119925.3416,20200403,79211.0,70683.0
121098.902,122438.3112,120158.348,120632.4976,20200407,62756.0,70751.0
120611.5077,121419.9501,119253.1604,121268.154,20200408,54974.0,74118.0
121905.0471,122180.9129,120764.5042,121762.853,20200409,47239.0,75352.0
122198.0469,125914.1541,122012.2139,125598.1408,20200410,60906.0,76140.0
126032.991,127924.4045,125581.2927,126395.443,20200413,58888.0,75436.0
126928.4575,128065.824,125113.7073,125768.6367,20200414,69007.0,74590.0
125972.1324,126837.882,125185.0715,126210.1093,20200415,54499.0,73865.0
125192.1225,125443.5318,124153.5191,125218.3422,20200416,48981.0,74018.0
125696.6993,127865.6487,125696.6993,127237.7129,20200417,57533.0,74449.0
126416.7063,128446.1916,125888.6895,127222.9876,20200420,64656.0,73052.0
127363.6313,127363.6313,124540.0664,124595.0662,20200421,74193.0,71337.0
124181.6696,124181.6696,121284.6615,122297.4624,20200422,53054.0,70110.0
123559.2998,128080.3447,123559.2998,127410.89,20200423,72545.0,71348.0
126774.2055,127522.0477,125623.8849,127212.4392,20200424,66552.0,69370.0
128084.6423,132631.1726,127710.3607,130673.572,20200427,93297.0,65943.0
131087.5089,131087.5089,128013.1506,128382.9893,20200428,68768.0,62536.0
128424.7902,129087.7521,127771.7581,128189.5467,20200429,53454.0,59412.0
128521.9316,128827.3239,126623.7022,127519.2772,20200430,41943.0,56709.0
127221.5482,129492.4624,127221.5482,128627.0878,20200506,46280.0,59784.0
127973.6231,129646.8257,127409.116,128597.4606,20200507,50935.0,63090.0
129108.2131,130722.9966,128891.5028,130058.2956,20200508,52472.0,65640.0
129975.8716,131336.3787,129292.8874,130967.9816,20200511,63671.0,66236.0
130235.0076,131233.3756,129508.0041,129809.9168,20200512,50905.0,65281.0
130470.9031,131021.4899,128886.0723,129929.403,20200513,55671.0,65676.0
129852.8618,130222.2118,128846.9867,129296.3106,20200514,50621.0,65569.0
129337.5277,129337.5277,127505.6033,128839.8455,20200515,50060.0,65440.0
128381.3971,130375.7491,127239.6113,130341.5023,20200518,49472.0,63397.0
130476.9515,131389.5396,129690.3253,130126.4139,20200519,44289.0,61668.0
130274.4843,134586.5223,130266.2317,134215.3893,20200520,65302.0,63264.0
133825.2486,135519.4912,133208.876,134183.7887,20200521,63605.0,60562.0
134329.9027,134418.7963,131229.6224,131291.5208,20200522,68734.0,55076.0
131991.9894,134518.9865,131827.5934,132904.073,20200525,59628.0,49953.0
133344.1574,133555.7564,131836.6208,133169.1552,20200526,73322.0,43409.0
132934.2333,134125.0731,132697.8363,133365.8837,20200527,85190.0,43809.0
133751.9885,133934.2843,132339.5285,133933.05,20200528,68815.0,45262.0
133421.3722,134986.5721,133421.3722,134707.2579,20200529,57017.0,45662.0
134548.0827,135623.8067,133673.5344,135373.2226,20200601,60628.0,45684.0
135338.9362,135797.6695,133993.1358,134723.4781,20200602,47038.0,47057.0
135760.1922,137012.4841,135222.2702,136785.6146,20200603,51694.0,47759.0
136089.5199,136558.0727,133604.157,133903.3138,20200604,57475.0,45797.0
134590.1319,135208.9181,134047.5832,134909.3434,20200605,51203.0,44835.0
136054.582,137556.6572,136048.6107,137142.0777,20200608,58611.0,44621.0
137105.3237,138507.4651,136559.7202,138396.8275,20200609,51191.0,45519.0
138034.5827,138683.882,137139.6381,138368.8309,20200610,50442.0,44640.0
138504.874,139547.4292,136689.8604,137349.917,20200611,54320.0,43147.0
136624.6023,137519.6803,135600.8954,137155.9254,20200612,52827.0,41683.0
137351.1025,137695.8838,134622.7938,134871.9536,20200615,57395.0,41282.0
135458.8291,138168.9358,134718.3512,137992.5983,20200616,60180.0,40577.0
137886.355,138556.0248,137445.6144,138415.3394,20200617,48457.0,40615.0
138132.2827,138802.6165,137646.1603,138507.6516,20200618,39274.0,40313.0
138493.3943,138534.5652,136639.6117,137413.037,20200619,45360.0,37820.0
137739.3941,138810.7906,136454.1438,137023.0691,20200622,47216.0,36138.0
137542.4267,138477.1533,136759.1737,138238.9961,20200623,47733.0,32781.0
137935.0462,138412.8641,137548.1615,138219.8393,20200624,31728.0,30252.0
138037.5683,138351.7687,136830.9541,137348.3681,20200629,40952.0,29586.0
137097.6557,138905.2321,136890.2459,138674.1948,20200630,51274.0,32316.0
138462.3274,139000.7359,137483.9492,138513.8437,20200701,56407.0,36330.0
138317.1038,138567.3611,137525.7118,138380.2897,20200702,45887.0,36104.0
138274.209,140252.2248,138128.5951,139778.8218,20200703,51942.0,38813.0
140096.685,142614.7792,139230.103,142373.487,20200706,47382.0,41629.0
142480.8699,142527.0222,140444.7683,141046.707,20200707,43756.0,40161.0
140471.1171,141645.4932,140361.0153,141114.3672,20200708,41867.0,39151.0
141157.961,141454.5377,139728.8999,140876.5387,20200709,50815.0,37997.0
141621.3013,142508.2656,138670.722,138906.0326,20200710,66962.0,36939.0
139102.7415,144462.6266,138772.3449,143865.0703,20200713,80911.0,37765.0
143723.349,143934.6272,141703.9375,142672.9017,20200714,63672.0,37157.0
142539.6643,143001.2603,141691.9781,142095.1104,20200715,54969.0,37044.0
142494.7397,142494.7397,139080.4782,139883.3377,20200716,69562.0,35854.0
140585.9107,142107.908,140493.6266,141169.8162,20200717,67541.0,34866.0
141217.9853,141334.1689,139723.5268,140308.4129,20200720,60034.0,34074.0
140197.7786,142413.1191,140178.4019,141451.3197,20200721,61269.0,34759.0
142080.1272,143748.494,141688.3725,142835.0552,20200722,66517.0,36806.0
142854.0617,142903.5006,140506.938,141295.3707,20200723,55571.0,33966.0
141799.9921,143508.7837,141513.8792,141878.7444,20200724,65793.0,28313.0
141528.0946,146957.1822,141360.985,146612.1831,20200727,78527.0,35825.0
146137.8001,154197.9596,145811.1005,148161.8764,20200728,112645.0,36762.0
148480.577,150614.2141,145659.1982,147453.8585,20200729,74198.0,40495.0
147133.1087,148091.0276,146514.113,147221.72,20200730,76334.0,42175.0
147010.3121,147108.7443,145207.9188,146635.8256,20200731,70019.0,42346.0
146114.6497,147475.7933,143563.6508,146507.2239,20200803,68302.0,43183.0
146082.1662,148263.6886,145122.6367,146107.308,20200804,75046.0,43262.0
146368.1804,147241.5143,145322.4205,146022.0077,20200805,69027.0,43512.0
145991.7279,147585.535,145182.0016,145998.2333,20200806,88191.0,42915.0
146135.9063,148654.9316,145865.2878,146645.8121,20200807,84341.0,42847.0
146798.7443,147368.9232,144511.6611,144964.2221,20200810,85460.0,42581.0
145768.2599,146586.3417,142781.9531,142999.2643,20200811,80328.0,43865.0
144304.03,144310.3703,141701.5362,143603.7863,20200812,78022.0,44056.0
143848.6911,144221.7774,141225.6272,141778.4674,20200813,63213.0,43868.0
141988.6843,143502.3821,141471.0749,142060.9269,20200814,62654.0,45140.0
142565.5712,144170.843,141690.753,142981.9761,20200817,62449.0,44861.0
142514.1093,143449.3422,141869.3798,142948.1716,20200818,61505.0,45100.0
142785.2451,143515.9594,141971.3473,142663.6048,20200819,68914.0,45226.0
142933.7925,144627.503,141750.095,142044.215,20200820,85275.0,44994.0
142266.727,144456.3683,141955.9292,144018.0187,20200821,68041.0,42381.0
143678.1304,143979.1577,140778.3882,141403.5112,20200824,67697.0,42410.0
140718.889,142093.8773,140703.7139,141313.4864,20200825,48381.0,39296.0
141295.9834,142062.7968,140644.7039,141620.9615,20200826,54652.0,41590.0
142146.892,143964.5512,141782.4076,143805.8253,20200827,61984.0,39804.0
143420.859,144641.4171,143364.0112,144452.9934,20200828,55820.0,40141.0
144325.5012,145963.2976,143611.5885,145276.8135,20200831,46543.0,40201.0
145557.759,146158.6401,144702.717,145855.8023,20200901,43747.0,42078.0
145744.6336,147022.4035,145448.3909,146611.8058,20200902,48197.0,43715.0
146494.6568,148712.0128,146406.9573,147302.9966,20200903,63579.0,44146.0
146924.7163,147226.856,144870.9603,146139.1535,20200904,55129.0,42800.0
146098.4904,147460.2371,145620.6068,145737.3004,20200907,54367.0,43076.0
146170.3017,148156.2619,145893.1336,147328.6874,20200908,59387.0,43914.0
147161.0505,147161.0505,144150.5895,144590.2112,20200909,63077.0,42619.0
144256.0918,145607.5849,143150.2554,143506.7099,20200910,60133.0,42804.0
144178.717,144178.717,141606.4559,142181.3616,20200911,56454.0,44515.0
142596.5375,145331.1216,142376.9162,144950.3639,20200914,50735.0,42570.0
145169.6587,145193.5089,143391.4725,143938.2528,20200915,50544.0,43631.0
143820.502,145099.7912,143789.1489,143927.5832,20200916,56712.0,42229.0
144158.2363,144851.8548,141841.949,141844.4612,20200917,50316.0,43361.0
142042.0757,144066.6419,141317.2189,143923.5045,20200918,55782.0,44266.0
143094.8154,145369.012,142152.6063,145299.8736,20200921,58015.0,42561.0
144908.6849,145000.8455,142867.7767,144076.0996,20200922,61590.0,40947.0
144053.3886,146775.5505,144053.3886,145096.0441,20200923,76438.0,41245.0
144454.1484,144454.1484,141370.8678,141580.4787,20200924,87894.0,40550.0
141057.367,141769.2805,139067.4461,141353.0822,20200925,89521.0,39829.0
140432.7778,142176.8922,138518.0731,141768.29,20200928,74465.0,43386.0
141156.669,143420.8645,141156.669,143301.9557,20200929,69743.0,42122.0
142700.7983,145656.0379,142700.7983,145465.5864,20200930,69612.0,40554.0
146551.4257,148612.8136,146384.4715,147223.8456,20201009,43412.0,42443.0
146700.8202,147784.5816,146297.5845,146394.0683,20201012,52757.0,46953.0
146943.0492,147275.5468,145865.764,146384.346,20201013,55106.0,47975.0
146249.2321,146587.5497,145649.2707,146073.3702,20201014,46327.0,47967.0
146141.2979,147110.0332,145873.2113,146230.6872,20201015,49021.0,47758.0
146191.7427,147102.0547,145521.7769,146328.1996,20201016,54634.0,47135.0
146424.408,147308.649,144873.9224,147031.8857,20201019,64533.0,47644.0
147864.8884,148400.3475,146575.0139,147320.0388,20201020,54725.0,46872.0
147499.9874,148122.2869,147106.9296,147118.1274,20201021,69503.0,47410.0
147657.2023,148328.8391,145567.8652,145713.8498,20201022,73102.0,44368.0
145982.9249,146470.7069,145380.1409,146134.5111,20201023,45180.0,38782.0
145855.2905,146337.1897,143244.0419,143244.0419,20201026,58006.0,36913.0
142464.4217,144725.0591,142345.693,144040.0252,20201027,43208.0,37759.0
144568.7665,145065.6362,143439.1724,144205.8064,20201028,46256.0,38795.0
143566.157,143859.0676,142497.9455,143656.1014,20201029,41843.0,38124.0
143257.7546,144022.1745,142135.4013,142743.1241,20201030,46325.0,37707.0
142178.5641,144311.7997,142043.1854,144085.2068,20201102,42906.0,37522.0
143941.5302,145917.8919,143451.6034,145818.1058,20201103,38239.0,38175.0
145664.9746,146529.1351,144758.146,145219.2853,20201104,39004.0,37808.0
145688.5886,146611.7727,145485.1366,146200.9422,20201105,38054.0,38698.0
146383.3411,147023.1868,145546.2517,146719.1058,20201106,41531.0,39176.0
146780.4258,147476.2289,145791.0975,146437.0676,20201109,49090.0,39197.0
146215.8684,147096.9719,145784.5371,145950.3531,20201110,45219.0,39247.0
146012.928,146588.2282,145318.9273,145509.0384,20201111,42878.0,39142.0
145336.3624,146524.1413,145127.1815,145451.2486,20201112,44035.0,38436.0
145896.6815,146729.1324,145160.9381,146445.8954,20201113,48483.0,39777.0
146407.971,148890.3493,145900.4359,148796.499,20201116,60145.0,43802.0
148903.3219,150423.5838,148128.1963,148508.5942,20201117,70313.0,44686.0
148661.3233,152522.3297,148627.9771,151544.0885,20201118,73050.0,50490.0
151495.5282,151544.1245,147008.5047,147009.5663,20201119,71618.0,44367.0
147091.9071,147719.7552,146209.1865,146737.8251,20201120,54855.0,41661.0
146971.2665,147190.3986,146065.0308,146847.2439,20201123,57982.0,41900.0
146746.5015,146993.5174,145401.3698,146435.112,20201124,47109.0,37776.0
146373.7855,146750.4417,145199.2865,145320.5664,20201125,48741.0,32449.0
145472.6012,146712.128,145315.9347,146644.7289,20201126,56699.0,36243.0
146483.222,149170.3576,146392.328,148563.8853,20201127,58680.0,41500.0
148673.5452,149750.2367,147889.6404,149627.3079,20201130,63969.0,45633.0
149446.1692,149710.4837,145617.5162,145928.1458,20201201,61083.0,44332.0
146351.5561,147354.3193,145758.153,146343.6074,20201202,44991.0,45290.0
146308.0008,146571.8858,145234.7732,145959.454,20201203,38444.0,45314.0
146126.0424,148064.2942,145983.8605,147938.3833,20201204,43736.0,46142.0
147503.6258,149006.9052,147175.6008,148818.5465,20201207,45547.0,47271.0
148604.8993,150103.3401,148545.4826,149527.888,20201208,46677.0,49266.0
149478.2195,150536.7912,148382.3594,149614.4986,20201209,47685.0,49660.0
149905.2899,151908.1878,149898.6124,151365.6727,20201210,53202.0,52959.0
151602.3109,153920.3701,148680.6897,150040.8555,20201211,78050.0,52693.0
150419.0985,152054.5401,149688.6172,150749.1658,20201214,51007.0,52216.0
151366.9646,153788.522,151186.3109,151519.3703,20201215,71782.0,51820.0
152386.2201,154518.6635,151914.7333,153397.8979,20201216,69070.0,52551.0
153416.4029,155169.4485,152885.385,154575.671,20201217,69636.0,54541.0
154489.2192,155377.8086,153058.109,154698.2594,20201218,63327.0,54280.0
155324.2671,155475.5408,151629.4529,152191.2693,20201221,74070.0,50131.0
152050.44,152577.6105,150821.0281,150875.7252,20201222,65351.0,46734.0
151209.7957,152504.1821,149254.5448,150584.4954,20201223,73927.0,44730.0
150737.4694,152014.6716,150508.7524,151592.1093,20201224,51115.0,43853.0
151483.2115,153855.0921,151483.2115,153330.2971,20201225,57994.0,43084.0
153317.6123,153985.9986,151765.9468,153435.5872,20201228,66806.0,43750.0
153422.5559,154048.5633,152293.1337,153228.2766,20201229,99595.0,49263.0
153321.3186,154230.9914,151596.3202,151826.1254,20201230,93951.0,51544.0
151819.8401,152490.2503,150544.8401,151123.6417,20201231,74299.0,52508.0
151561.9591,154428.1583,151117.5472,154330.3401,20210104,62560.0,55283.0
154605.0143,159868.3161,154431.0631,158904.0944,20210105,114333.0,63811.0
158148.9934,159243.3392,157171.1692,158696.3732,20210106,90809.0,64547.0
158365.7547,159439.1028,157340.0637,158691.9882,20210107,92123.0,66260.0
157991.1677,158719.3459,156560.99,158501.7046,20210108,107360.0,63281.0
158442.448,158510.7636,152675.3702,153807.678,20210111,120338.0,58472.0
153356.2872,154676.1416,151674.3718,153255.4941,20210112,90531.0,54872.0
153611.3637,154443.0028,152703.9726,153320.5385,20210113,86869.0,56507.0
153493.2526,154108.8285,152255.2441,153527.9811,20210114,57169.0,55754.0
153599.4618,154909.6637,153505.1859,153827.8284,20210115,56209.0,56190.0
153968.1335,157040.9966,153832.179,156890.7157,20210118,73864.0,54074.0
156826.8991,158436.8812,156639.4583,157899.3233,20210119,66340.0,56597.0
157883.6633,158729.3491,157382.0305,157933.3423,20210120,53087.0,56345.0
158284.0422,161642.5007,158257.0078,161593.9191,20210121,95345.0,64499.0
161239.7668,164133.4319,161209.6846,162583.5422,20210122,115043.0,67494.0
162105.0909,171094.2186,162005.6748,169608.5956,20210125,152968.0,73685.0
170019.3543,172920.2751,168435.2009,170662.2067,20210126,188009.0,76212.0
172523.9395,173790.5363,169340.044,171120.3371,20210127,207801.0,76080.0
171015.4504,172878.9748,169897.7672,170885.0644,20210128,195713.0,79283.0
171583.6388,174877.847,170882.7028,172198.7288,20210129,244538.0,80686.0
173305.0366,173483.4698,165292.5963,169691.3512,20210201,251587.0,73548.0
170159.9762,170395.5036,166876.3992,167099.7184,20210202,141372.0,73256.0
168143.6289,168555.8367,163208.2342,164242.3215,20210203,168586.0,68762.0
164814.5511,164865.1206,163002.3365,163906.21,20210204,97868.0,68884.0
163635.3009,165075.6187,162866.2427,163581.781,20210205,96542.0,70324.0
164588.5714,167297.3154,164215.0643,166313.5905,20210208,128836.0,68238.0
165959.2439,166042.1756,162421.7302,163564.6338,20210209,101859.0,65126.0
163635.3098,166185.6834,163427.9976,163831.8858,20210210,94422.0,60690.0
167758.2647,174526.5917,167758.2395,174414.4172,20210218,81239.0,65036.0
175512.3051,181543.6596,174999.5529,181543.5757,20210219,141968.0,76432.0
182562.1377,194600.9933,182028.4983,192781.6503,20210222,287569.0,75887.0
191794.7372,193818.6762,187211.8368,190635.805,20210223,278470.0,71761.0
190815.4289,191781.4872,186134.2086,188600.9957,20210224,248592.0,70996.0
188914.5898,199532.9244,187859.5808,191916.3817,20210225,303070.0,72606.0
193007.8523,194921.2216,183495.1162,184572.886,20210226,313222.0,64525.0
183254.35,186289.6222,181445.0114,182470.2,20210301,182300.0,56911.0
175284.1327,178542.9455,173449.8029,177370.2826,20210302,220939.0,59765.0
179045.7622,181522.3962,177599.6547,178249.3114,20210303,131215.0,58379.0
178518.8872,178833.6776,173065.4983,173581.7516,20210304,129529.0,55977.0
173453.2887,177611.9582,171506.4857,173605.2592,20210305,165372.0,54115.0
175227.6645,178789.278,170508.9672,170880.2307,20210308,151326.0,57251.0
172316.7371,174736.1272,170823.7082,170848.0367,20210309,98772.0,56003.0
171878.1171,177032.2985,171573.7241,174096.0791,20210310,141735.0,55561.0
174774.3567,180239.5545,173874.3229,179929.0808,20210311,144755.0,57929.0
182108.7219,182889.1101,178064.1226,180319.1255,20210312,147050.0,58901.0
180179.0852,180197.4672,174706.2117,176366.173,20210315,138109.0,56865.0
176361.3359,177719.0928,173925.4761,174747.4013,20210316,96716.0,54174.0
175189.1495,176829.523,174083.4313,176144.1817,20210317,84811.0,53524.0
177177.59,177983.0351,175314.944,176571.7101,20210318,81321.0,52990.0
177249.3164,178515.2899,174800.6556,174958.587,20210319,107903.0,51487.0
174637.102,179114.6297,174254.8843,177939.1457,20210322,107967.0,50873.0
177300.1568,179281.1342,175536.9242,176665.4028,20210323,104848.0,51923.0
177073.6313,178196.7375,172872.6482,173493.0278,20210324,108465.0,52979.0
173396.5004,174138.7087,171220.9081,171544.4669,20210325,86787.0,56590.0
171357.3422,175182.3258,169911.5711,174955.9661,20210326,115341.0,51241.0
174659.3052,176000.6612,173933.2563,175529.2283,20210329,97975.0,52886.0
175296.6952,176741.4751,174865.7975,175734.1927,20210330,79850.0,51420.0
175566.6589,176108.225,172678.4187,173773.4887,20210331,100621.0,54441.0
175033.0328,177447.7383,174151.5814,176523.268,20210401,96309.0,56313.0
176435.8771,183224.66,176420.3442,182527.5669,20210402,147637.0,61205.0
182454.0269,188108.051,182454.0269,184201.679,20210406,85933.0,60549.0
184718.1448,185902.2321,183593.5221,184672.9681,20210407,90344.0,59812.0
183924.8471,183929.5855,181398.2629,183144.4261,20210408,94204.0,58103.0
182909.7453,184553.5441,180866.291,181517.4037,20210409,77573.0,56223.0
181971.5287,181971.5287,176637.4887,178186.5593,20210412,100272.0,55472.0
178414.7417,178840.3782,176314.7945,177912.5645,20210413,84128.0,55503.0
178216.2531,179006.6923,176947.0743,177772.422,20210414,67881.0,56970.0
178224.2868,180478.8892,178213.4999,179914.4271,20210415,115697.0,57365.0
180775.7877,183680.5905,180616.108,183431.0103,20210416,107025.0,56724.0
183665.1643,186645.0027,183665.1643,185191.7966,20210419,99818.0,57031.0
185014.2917,185971.5909,182366.9691,185300.7952,20210420,89819.0,57144.0
185530.4887,185839.3534,182939.2618,183945.2045,20210421,87057.0,55333.0
184229.2176,185598.6292,182660.8633,183302.1729,20210422,104903.0,53501.0
183729.221,184174.3635,181924.2209,183831.0298,20210423,68696.0,52352.0
183966.4537,187303.4041,183340.1493,186719.9313,20210426,105109.0,50475.0
186445.3495,188948.5975,185319.0435,186448.2348,20210427,108862.0,51081.0
186550.5995,187718.557,184588.7214,185191.6237,20210428,99520.0,48809.0
188232.2634,193536.3905,187670.1551,192194.4569,20210429,164285.0,51751.0
192504.92,194522.777,190180.0851,194058.5616,20210430,112721.0,51724.0
197844.4018,200783.9614,196387.9472,197433.4657,20210506,68172.0,53297.0
199072.2434,200375.013,195671.4072,198070.7662,20210507,96113.0,54437.0
197166.7946,198292.4385,194321.5147,195772.1999,20210510,118640.0,53840.0
195746.908,195759.6103,192550.2039,194655.9477,20210511,91768.0,51650.0
195247.2761,197588.4997,194773.8167,196676.3605,20210512,92617.0,51153.0
196093.1717,197451.2442,190618.7776,192254.7295,20210513,110633.0,47971.0
193146.2691,194123.8266,190294.5504,192851.5173,20210514,97422.0,47051.0
193395.0828,197941.5631,193394.7582,197310.453,20210517,109430.0,50248.0
198115.0515,199888.9745,197652.9977,198623.4666,20210518,74145.0,49236.0
199289.2628,200336.9238,198146.5349,198648.4274,20210519,93534.0,50821.0
198046.8485,198046.8485,192401.3071,195260.0236,20210520,131545.0,46702.0
195446.1064,198654.3494,193714.6348,197215.0146,20210521,126055.0,49398.0
197061.6527,198375.071,191388.9771,192805.7221,20210524,124701.0,49454.0
194030.6413,197017.8894,193470.7104,196765.776,20210525,96250.0,51880.0
195738.4468,197854.2787,195155.2903,197220.9854,20210526,97747.0,54404.0
197555.9042,199111.0072,196922.1877,198554.3579,20210527,95232.0,60329.0
198681.6802,209459.1399,197962.5322,207532.0929,20210528,201767.0,69904.0
207104.4403,211404.69,205621.9277,208631.6393,20210531,168672.0,69005.0
208659.7972,208731.2276,203583.8766,205617.1217,20210601,106058.0,62326.0
205766.2292,207500.5925,204649.1843,207049.0263,20210602,104941.0,62361.0
207115.5807,207564.3142,204100.9913,204616.592,20210603,115801.0,63676.0
201147.7337,204440.7791,200861.1281,203657.9182,20210604,138281.0,61054.0
204597.6339,205818.7606,202996.313,203090.8396,20210607,105159.0,59779.0
204330.761,205203.763,202931.1528,204041.336,20210608,117529.0,60629.0
204949.4032,209006.422,204454.1801,207174.648,20210609,152444.0,65275.0
207038.1105,207918.1706,206195.227,206668.4855,20210610,79142.0,62939.0
207483.5574,212834.7404,206176.4247,211787.5497,20210611,123476.0,68620.0
211775.9935,212062.5174,204063.8575,205456.9609,20210615,81081.0,58665.0
206016.3461,207478.2069,203656.1663,204409.6602,20210616,88911.0,59411.0
205077.338,206928.1174,203460.1358,205624.2994,20210617,109318.0,59111.0
203872.9007,204865.2715,200229.1017,201232.241,20210618,163449.0,60228.0
200902.6043,201210.7181,196429.2536,199544.0893,20210621,152196.0,56861.0
199269.7632,202719.1618,198250.9089,202210.4586,20210622,96164.0,58389.0
201550.3486,207962.0665,201297.9126,207572.4083,20210623,109467.0,63490.0
207433.3052,209594.4928,206651.4256,208107.197,20210624,98740.0,63535.0
209269.1454,210901.4539,207866.9907,209713.7218,20210625,104015.0,64149.0
210093.8712,213151.0808,207665.8758,208732.2934,20210628,132602.0,61751.0
210321.5342,211480.1417,208673.5357,210176.9212,20210629,88132.0,62897.0
210186.5108,213615.5123,209539.2736,213480.0196,20210630,100320.0,65752.0
213318.8312,214025.8531,210064.5874,210729.1152,20210701,111872.0,64746.0
210976.3401,211883.397,209449.1819,210478.4183,20210702,81708.0,62128.0
211534.5887,215611.386,210627.4666,214491.6985,20210705,107165.0,69650.0
214810.1678,218333.5301,214603.1935,218108.5423,20210706,112358.0,74428.0
217368.3027,217406.38,212875.8457,215118.8632,20210707,122599.0,69245.0
215284.7794,216318.0369,213668.4016,215570.2341,20210708,87606.0,68525.0
215069.7171,218142.829,213804.0812,218005.6962,20210709,89009.0,72742.0
218277.7828,218593.4843,215171.2508,215614.1608,20210712,71767.0,68703.0
216499.8376,220725.869,216368.8184,219825.3412,20210713,93545.0,73409.0
219958.2214,219961.7696,217097.6887,219308.2181,20210714,81520.0,69661.0
220229.5649,222078.7326,218192.7726,221331.022,20210715,86756.0,72062.0
221146.909,227727.3218,220472.6385,226856.328,20210716,127063.0,72644.0
226653.8175,233092.0298,226523.6675,231299.1092,20210719,144766.0,73262.0
229493.0622,229497.0568,225027.708,226617.8402,20210720,115226.0,65190.0
227317.3948,228696.3697,221732.4324,223797.8988,20210721,104873.0,61412.0
224297.0409,224722.5829,223065.1056,224574.0418,20210722,69420.0,61225.0
225982.5162,234493.5763,225982.5162,233685.9278,20210723,131595.0,67097.0
233287.588,235795.8468,229906.4591,231008.4547,20210726,127849.0,61575.0
232873.7782,236868.7745,230394.4319,231951.4148,20210727,130661.0,58855.0
231787.8648,232388.0567,229284.7696,231265.7154,20210728,89159.0,56350.0
231765.6256,233617.0147,228126.2389,233078.916,20210729,98248.0,56708.0
232580.1868,234870.6418,231012.7101,233430.8513,20210730,105480.0,54659.0
234432.0272,236545.1408,231270.0759,233793.3266,20210802,131815.0,54301.0
233800.385,234965.8571,228732.6189,229054.9467,20210803,111178.0,50864.0
228290.9976,229948.3921,226638.9034,229220.1933,20210804,85011.0,49469.0
227960.865,231220.3597,227372.305,228629.5318,20210805,105336.0,48057.0
230001.0259,230887.0243,228598.4212,229408.3429,20210806,73369.0,47360.0
229345.4332,231818.6896,227950.3751,228449.0593,20210809,90078.0,46955.0
228458.7329,236064.9269,227533.0456,235802.1454,20210810,112972.0,54727.0
235948.2998,238909.1851,235369.7295,237445.6192,20210811,94123.0,54796.0
237714.5858,242978.1232,237702.196,241086.9212,20210812,102030.0,56415.0
240306.5632,240322.1237,235713.3622,237577.8992,20210813,97600.0,49957.0
237631.2342,238494.7886,235153.2804,236819.6817,20210816,70676.0,48290.0
237149.6497,243708.1093,237149.6497,242284.8442,20210817,93604.0,51705.0
241616.3805,242925.4614,239647.7343,240737.1836,20210818,84866.0,49383.0
239875.5434,242309.3921,238119.3535,239635.6351,20210819,105515.0,49043.0
225864.3618,232926.2396,224364.5383,230217.9228,20210820,186422.0,45995.0
230299.2855,232669.418,228118.197,231260.5305,20210823,111190.0,44825.0
233619.0281,235139.4612,231648.2161,234497.4729,20210824,75949.0,45191.0
235409.1448,239015.4049,234480.7538,237853.5877,20210825,82117.0,46236.0
237889.2159,241787.8682,237752.0268,237800.375,20210826,106566.0,49097.0
239572.2342,241552.2615,237461.2307,240759.9803,20210827,117518.0,55972.0
241191.5287,245018.1755,239397.683,244584.9384,20210830,115363.0,56589.0
244695.5433,248076.4496,244523.6301,246395.8476,20210831,100448.0,56303.0
247954.8816,248403.4117,244140.0016,245086.3202,20210901,84664.0,55429.0
244734.9238,248548.5392,243920.5608,248355.4652,20210902,79815.0,57379.0
247116.8257,247413.659,243351.2155,243887.6371,20210903,76372.0,53019.0
243569.5446,247394.4233,242137.314,243691.454,20210906,95380.0,51231.0
243712.4718,244617.6308,242614.3847,243259.4751,20210907,61270.0,50901.0
244276.1946,247073.7801,240887.0993,243012.086,20210908,109408.0,49855.0
244110.0596,250428.4287,243657.3381,249463.3412,20210909,96346.0,54324.0
249436.0951,255582.3264,249436.0951,253362.1132,20210910,104442.0,57047.0
253456.8488,259023.9106,253163.8682,253979.2372,20210913,111442.0,56713.0
254782.3178,256026.3682,251442.6767,252387.0306,20210914,88577.0,53263.0
253109.0403,255299.8927,250538.1266,254931.2316,20210915,94835.0,52688.0
254856.6015,259891.1957,253913.6041,257746.2894,20210916,108232.0,53902.0
258258.14,261096.5575,255584.5612,258518.3303,20210917,92587.0,52392.0
257515.5299,274521.5355,256584.6709,274441.0064,20210922,99025.0,58438.0
273143.438,276350.512,269809.6435,275268.0171,20210923,148792.0,56942.0
274845.7162,286829.2713,273152.2363,281319.3395,20210924,203857.0,58653.0
281401.5099,288954.5611,268057.801,268457.988,20210927,252474.0,52138.0
268359.2309,270929.0208,267012.8703,269154.2702,20210928,137023.0,48520.0
270748.3714,277857.1496,270102.93,272253.6913,20210929,131384.0,44970.0
273443.5178,273972.2736,267925.5729,268768.0586,20210930,92938.0,40506.0
270832.4599,282226.5836,270553.4744,278606.7028,20211008,61502.0,43136.0
279069.3779,285729.5574,277155.4072,282767.8546,20211011,100708.0,51693.0
283339.0397,283363.8334,275405.6895,276651.0689,20211012,81699.0,46656.0
278731.0972,279383.2103,270425.1067,274952.3921,20211013,81911.0,46867.0
276813.0726,279591.4613,269660.7311,277199.2116,20211014,109579.0,47563.0
278383.9641,282908.892,276657.4638,279637.6413,20211015,82433.0,46670.0
281912.5888,292696.826,280398.1996,292696.826,20211018,112548.0,49890.0
291854.1749,295052.0813,283965.2793,292165.1377,20211019,123419.0,49834.0
291675.6037,293096.2958,277834.3385,281994.9509,20211020,132023.0,50403.0
283365.4062,293540.7498,282938.4852,284299.823,20211021,130232.0,51875.0
284653.1336,285359.2218,277237.8493,281392.6686,20211022,148109.0,52534.0
282447.7685,289028.2349,278103.4216,279334.3254,20211025,161421.0,51836.0
281097.0982,282557.3981,274849.1598,278640.1631,20211026,134522.0,55181.0
278961.5702,282328.8979,275987.6483,276957.3748,20211027,123720.0,55050.0
277621.8733,277827.7031,257126.3668,257289.816,20211028,174800.0,60476.0
259313.538,266529.2427,253292.1322,264181.2235,20211029,219092.0,63261.0
266833.8365,274239.1175,264616.5247,271796.3401,20211101,159908.0,65496.0
271367.3675,276024.5195,267779.8531,269233.4571,20211102,143133.0,67962.0
270493.2671,273124.1747,266947.7756,272975.9625,20211103,125012.0,67645.0
272909.2936,274773.9337,266549.8903,270104.5734,20211104,119452.0,67972.0
272174.751,274488.9146,264046.1231,268121.7896,20211105,178353.0,74063.0
269633.1485,270576.9527,263036.5609,267243.1276,20211108,109809.0,73008.0
268297.9469,270225.9249,264956.9541,268878.0606,20211109,79708.0,70682.0
269106.9995,269970.3538,264372.7717,267796.5952,20211110,104118.0,71585.0
267012.9918,280407.5,266291.9652,279743.1194,20211111,119189.0,78906.0
277893.2225,282404.6788,277803.2001,280271.6117,20211112,82860.0,75038.0
279964.6012,280254.647,272034.6457,273320.9995,20211115,94476.0,74915.0
273564.9592,275139.422,271173.3569,273334.2112,20211116,59504.0,71049.0
273279.7122,274145.6513,271208.0596,272134.7739,20211117,58186.0,71835.0
272710.6815,276504.0432,272493.209,274276.7636,20211118,68726.0,71880.0
275910.8502,279920.614,274642.4516,277615.9396,20211119,76869.0,73325.0
276075.2841,284373.8823,275759.4397,280681.0912,20211122,68977.0,75028.0
280303.1364,283558.9319,278063.9416,278235.3539,20211123,78856.0,73440.0
280944.4543,281719.2833,278780.9506,281335.3004,20211124,81050.0,75702.0
281951.3557,287346.0838,281951.3557,285275.2846,20211125,93143.0,81164.0
286091.3145,286092.6375,280542.0967,281069.2043,20211126,75266.0,76350.0
280177.8708,282942.8585,278435.802,281374.4952,20211129,77627.0,75425.0
282130.4709,283715.7541,279451.4734,280739.9094,20211130,77578.0,75792.0
281252.5823,282290.1672,279596.0217,281946.9816,20211201,65525.0,74172.0
282132.0381,282961.4034,278600.6542,281489.3756,20211202,65111.0,72379.0
280953.5402,283055.0932,279073.353,282221.9209,20211203,69602.0,70302.0
282381.0602,282652.0749,271524.4118,273013.861,20211206,99421.0,72207.0
274896.6991,280085.1461,272995.7117,279840.8322,20211207,88206.0,69454.0
281783.734,282552.7326,278518.38,279033.9552,20211208,55242.0,66070.0
279873.4017,281278.7453,279122.0173,279962.2789,20211209,52751.0,66178.0
278937.0792,281737.7215,278621.5518,281508.3253,20211210,58290.0,68292.0
281410.7198,281640.6715,278585.8312,280287.9829,20211213,61053.0,65717.0
280552.8702,283474.5266,280261.9646,282631.2193,20211214,59712.0,69559.0
282146.0132,282148.3138,276587.6026,276803.4092,20211215,93857.0,70471.0
275381.9466,278208.7565,271485.2865,276175.4119,20211216,101265.0,65742.0
276309.4195,281222.0047,276309.4195,279857.1587,20211217,76328.0,66089.0
279448.0296,279783.3271,274644.3227,275848.1451,20211220,82167.0,63594.0
276452.591,279454.1259,276042.6613,278767.8902,20211221,70755.0,67086.0
278098.8615,281951.6834,278098.8615,280646.9764,20211222,71429.0,71214.0
280467.05,281745.823,279137.4397,281415.0031,20211223,76212.0,70646.0
281122.3866,286673.4996,281122.3866,286489.0365,20211224,113222.0,76210.0
285711.7973,289335.9076,284389.3577,285189.5005,20211227,106298.0,72886.0
285893.9894,287324.3601,284804.5494,287053.7986,20211228,82629.0,73795.0
287054.8969,288408.8805,285915.3539,287105.6388,20211229,75430.0,74062.0
287034.5407,291716.3109,286777.7236,291445.9291,20211230,96652.0,78761.0
291170.3607,293055.8969,289658.6112,292684.4664,20211231,72933.0,77180.0
291449.4473,292557.0317,285084.8851,286667.0969,20220104,73460.0,69956.0
287044.6502,293808.8832,286995.1188,292129.0871,20220105,101099.0,74959.0
292156.7062,293739.2892,291133.5791,292040.7216,20220106,69386.0,76057.0
291885.2442,295222.4477,289784.2328,294429.4707,20220107,89241.0,77013.0
295746.9331,296999.3825,293418.8543,295278.6507,20220110,81678.0,75794.0
295565.7982,296806.6564,291893.3043,296513.9239,20220111,90111.0,74219.0
296463.8634,313078.0608,295667.6087,306084.3569,20220112,202440.0,76047.0
305866.3326,309728.2744,302767.5194,303635.3095,20220113,154863.0,71205.0
304505.9865,305789.0478,300821.273,304864.2947,20220114,113494.0,70916.0
302248.4299,304985.5883,298965.0123,303871.7658,20220117,100042.0,76239.0
303371.5002,314513.3908,303088.7018,313163.0468,20220118,143776.0,83546.0
312505.628,315040.178,310911.848,313064.0308,20220119,103977.0,79170.0
313945.9777,333550.3443,313882.4114,325909.1096,20220120,218618.0,83075.0
324948.3452,329863.1791,320235.3091,325726.0649,20220121,159482.0,78175.0
326190.6133,334584.915,324890.6364,325758.0339,20220124,242918.0,86549.0
322989.7726,322989.7726,310128.8583,313503.4206,20220125,260794.0,74604.0
312850.4729,318927.8193,312694.3798,316444.5122,20220126,186898.0,68334.0
317477.5124,326903.4185,317477.5124,322681.5867,20220127,117065.0,70456.0
323426.0521,326613.5222,316634.2397,324468.5325,20220128,93268.0,60517.0
326824.7215,330193.8514,322404.2587,326579.3654,20220207,50472.0,59568.0
326684.4334,330225.3288,324960.2451,327577.853,20220208,62522.0,61970.0
327634.9253,329432.8701,321647.697,324928.9484,20220209,88794.0,61801.0
325814.8789,333492.8931,323883.5543,332580.4886,20220210,91831.0,64840.0
334462.0444,336076.5947,329807.1254,329856.5052,20220211,86635.0,63260.0
330184.1366,330422.6114,324904.8546,326494.3984,20220214,94021.0,62802.0
326947.9116,328798.9294,318999.9072,328459.4603,20220215,104346.0,64887.0
327820.732,329080.2859,325805.389,327624.9228,20220216,66529.0,61969.0
327724.3325,329979.8594,325680.8148,327514.2418,20220217,72939.0,64279.0
327868.6791,335083.7191,327824.5966,334794.4424,20220218,88759.0,67094.0
333053.5944,335640.8669,330314.7149,332930.0054,20220221,78565.0,65089.0
331763.6805,337002.8172,331212.8122,334186.5634,20220222,79442.0,64889.0
333659.0778,334648.0479,332370.1607,333760.2485,20220223,72040.0,63490.0
334366.4497,338690.5034,333914.5002,338106.005,20220224,125876.0,70060.0
338859.2087,344279.6895,333818.0644,335677.2188,20220225,116630.0,61818.0
335426.4269,338590.3304,330644.3461,337334.5295,20220228,96222.0,59400.0
337088.0293,341048.6001,337088.0293,340664.7155,20220301,74933.0,64695.0
340334.1017,341499.7415,337365.4161,339896.5073,20220302,75617.0,60856.0
341467.4587,344380.4512,338742.4395,341815.0885,20220303,80432.0,59516.0
341850.8257,344130.6935,339122.3813,341787.3307,20220304,84507.0,58813.0
343057.9473,359644.9189,340830.4518,357923.1835,20220307,120709.0,60235.0
357084.3311,391001.54,344860.2468,390646.6478,20220308,146452.0,51420.0
373574.3062,393671.283,350696.1217,356841.2266,20220309,174936.0,44025.0
357525.9462,358293.796,326695.399,337424.2386,20220310,146212.0,46067.0
336962.5286,344988.9387,336817.9494,343389.5392,20220311,71530.0,45143.0
340091.7544,341220.0467,327765.1787,331966.1202,20220314,63220.0,43226.0
332377.4444,334024.2057,320386.9194,322063.4474,20220315,72162.0,46589.0
322477.3901,334115.6547,321935.7557,332010.0845,20220316,54279.0,44363.0
330191.5471,331452.6628,324018.1646,326650.3601,20220317,43143.0,44739.0
326937.3212,339555.7272,325764.2446,338115.3246,20220318,59843.0,48432.0
335574.1676,343909.3646,333960.7616,335667.6243,20220321,62837.0,49686.0
334272.1311,338009.4947,333446.2117,335492.478,20220322,35908.0,48490.0
334973.384,338730.01,332062.7046,337566.2283,20220323,37735.0,49776.0
340159.4116,357995.4274,340069.1605,348722.2217,20220324,80294.0,54179.0
348360.4997,352077.0583,337228.9152,344143.5146,20220325,68047.0,50646.0
343184.2467,343298.23,335209.235,340671.4654,20220328,53444.0,47931.0
340335.7557,346008.9766,340335.7557,344609.9293,20220329,38300.0,48923.0
343877.8742,346309.049,339536.473,344053.6425,20220330,40086.0,48986.0
344397.9357,345028.6293,338343.2492,342297.8019,20220331,45776.0,49715.0
342649.5197,343655.5805,336285.914,338248.7687,20220401,37349.0,46854.0
341147.401,344837.0094,339608.5624,343273.2775,20220406,25784.0,46343.0
344976.0278,344976.0278,336427.2803,338206.0367,20220407,40085.0,46494.0
337813.2687,339463.8779,328472.5403,338457.3479,20220408,50741.0,46918.0
337408.9966,339227.8082,333001.1197,334702.6108,20220411,35312.0,44227.0
334796.4078,336989.5232,333498.4406,336840.212,20220412,27022.0,45008.0
335373.5687,335548.7204,329350.7814,330761.1436,20220413,48597.0,46880.0
331039.9733,338683.4052,331039.9733,336443.2486,20220414,38878.0,45303.0
335442.5655,336332.3718,332965.6058,335255.8735,20220415,27837.0,44612.0
336287.0865,336404.6088,330495.1498,332990.271,20220418,32580.0,43501.0
332827.0095,342435.5095,332608.884,335379.7393,20220419,47841.0,44389.0
334951.7124,339711.2381,334151.6479,334411.7342,20220420,36623.0,43454.0
333894.0692,336115.2182,331741.9163,333249.3849,20220421,32900.0,44207.0
333698.3958,335520.3286,332044.481,332740.5197,20220422,28428.0,43526.0
330548.1722,332181.0091,313758.5719,319456.3312,20220425,79440.0,50649.0
318636.6591,330178.9481,314991.3595,327582.48,20220426,72171.0,50052.0
327121.6546,332094.2072,325887.0643,329964.3597,20220427,64642.0,46900.0
327389.077,327981.6337,320703.0967,323119.3512,20220428,46683.0,44436.0
323747.5841,329241.1185,323572.526,327621.1104,20220429,38993.0,41788.0
324958.8417,327571.5028,321777.3431,324867.7762,20220505,30172.0,41168.0
325446.6262,328331.6087,321136.1568,321784.456,20220506,39839.0,43613.0
321363.7143,324742.6026,308004.718,309813.3612,20220509,63307.0,48411.0
306777.7928,306945.123,297011.8695,300800.9948,20220510,74585.0,50505.0
298117.2911,299620.5012,287390.7671,289213.7749,20220511,85012.0,54417.0
289158.9137,294758.3767,273726.3823,276636.0408,20220512,100405.0,56256.0
277509.7809,284686.9898,275286.546,282034.1563,20220513,92366.0,57393.0
282726.3904,285006.2631,274276.9347,281898.8367,20220516,91613.0,55378.0
282536.5308,282597.0183,273774.8973,274876.2891,20220517,78886.0,52701.0
277440.6806,279624.5105,265905.7761,266328.0942,20220518,86772.0,57991.0
268644.2549,278383.0217,267186.7304,277634.1584,20220519,93557.0,57669.0
278390.8117,282457.6047,276516.9732,278436.3212,20220520,73697.0,53205.0
278516.2188,281620.6451,275113.516,277839.7412,20220523,61581.0,52055.0
277643.1558,278767.6523,269859.7562,270821.0863,20220524,58087.0,52158.0
270745.7786,271015.5203,261714.7722,265621.223,20220525,81862.0,55832.0
265722.1481,265762.5008,248506.3295,250846.3333,20220526,118210.0,62699.0
252500.8506,259545.8568,250820.2973,255949.9993,20220527,115156.0,56031.0
255137.9328,272126.1454,254523.6989,270879.4727,20220530,130093.0,58370.0
271199.5498,272142.4848,266176.5337,267103.2221,20220531,78896.0,50709.0
267110.9738,272690.0238,263499.77,265906.2855,20220601,85307.0,53660.0
267053.2807,269892.8556,265780.7011,266838.1647,20220602,67056.0,49889.0
267636.5909,270729.3321,253869.9022,257172.1555,20220606,72038.0,53110.0
259583.6068,260914.3856,253063.6208,254580.3679,20220607,94735.0,53870.0
254454.9831,263579.5401,246310.65,262357.8082,20220608,136840.0,60169.0
260197.2973,264238.8207,259790.0365,262232.8089,20220609,87209.0,53850.0
261663.9382,264506.8946,259240.2556,261697.789,20220610,79953.0,55356.0
259636.5399,259639.3205,250409.3436,253353.5062,20220613,105793.0,59886.0
251018.5934,251095.2567,239499.2239,241808.843,20220614,122568.0,64709.0
236834.8892,247238.2707,233718.8804,244842.8322,20220615,126149.0,64116.0
247089.0347,256713.6947,247089.0347,254051.2218,20220616,131163.0,58334.0
252721.3135,252721.3135,240220.6509,243357.251,20220617,144721.0,59025.0
244313.0537,244936.6899,234687.5603,235549.7409,20220620,122080.0,56050.0
235344.1111,243349.5717,232852.1737,234070.048,20220621,134323.0,58752.0
235291.3504,239852.8303,223996.9728,225697.3382,20220622,153370.0,62908.0
223286.8073,226682.3705,218107.292,225689.0696,20220623,166353.0,62437.0
215746.559,218926.2451,202358.4502,202360.198,20220624,247479.0,69023.0
199574.9881,213814.0804,190701.3269,211125.7032,20220627,300059.0,86866.0
213754.6145,218227.8447,206812.9562,218044.1304,20220628,206397.0,73549.0
216810.9432,217528.8368,199302.3511,199499.1644,20220629,235491.0,87709.0
199926.0865,208105.3922,199517.8489,201690.9687,20220630,185160.0,75618.0
201567.0611,202849.6154,189534.8753,191198.9702,20220701,158597.0,83695.0
194026.7896,197337.9888,189144.5083,196386.0055,20220704,145578.0,83656.0
196846.47,200980.7682,190817.3357,191107.8324,20220705,141536.0,92249.0
187098.0128,191415.2057,179654.4068,186072.2267,20220706,171753.0,101876.0
186467.2382,189992.878,180032.5794,187644.7413,20220707,172794.0,108235.0
189943.7735,192581.2786,181433.0292,181433.0292,20220708,164051.0,116874.0
182668.7611,190680.4697,181779.6636,190573.1049,20220711,144535.0,112206.0
190019.5823,198537.4477,188791.5044,190087.8587,20220712,155879.0,116796.0
190761.8117,194506.5134,185054.2862,193587.9639,20220713,141812.0,109853.0
190419.3941,192638.8716,185815.2902,188628.6312,20220714,170236.0,121353.0
188700.7269,188700.7269,177695.5692,178444.1317,20220715,158541.0,113061.0
179437.0578,192744.5308,179130.0587,191606.6858,20220718,160939.0,117756.0
191323.3435,195068.9786,182895.7884,184244.0782,20220719,140238.0,111794.0
185228.0426,190666.1409,182435.1059,187429.4062,20220720,128142.0,114798.0
187444.3954,191950.0992,187188.0193,190504.9137,20220721,122212.0,111536.0
188911.7211,190644.7392,186017.4449,189408.332,20220722,125942.0,114523.0
187998.7569,194104.3934,186529.622,187632.0444,20220725,135265.0,108391.0
188867.9547,196815.5636,188383.5922,196394.4413,20220726,116643.0,112806.0
195495.6189,196535.96,188768.8663,190697.2675,20220727,125705.0,109565.0
189791.5733,194574.1334,187261.9242,193925.5545,20220728,120120.0,110144.0
190597.2815,194171.8608,186697.615,192978.9952,20220729,160788.0,117516.0
192629.6549,202394.813,192304.4779,199684.4077,20220801,178976.0,119902.0
199771.1931,200311.411,189721.2001,193510.8603,20220802,146083.0,109712.0
193357.1893,193620.5837,188682.4195,191482.6188,20220803,114875.0,108531.0
191342.8405,193767.8298,189941.2521,190138.5234,20220804,106246.0,109617.0
191878.7596,197410.5968,190652.1627,195982.3083,20220805,123659.0,112252.0
195509.8855,196057.0043,192709.9549,194995.9414,20220808,109044.0,109165.0
191816.4489,194773.1292,190451.1187,193425.9062,20220809,119704.0,114801.0
193197.4228,196812.9846,192254.3357,192904.3211,20220810,109991.0,105895.0
193645.2314,200507.7325,193483.8793,199662.5954,20220811,138280.0,114870.0
199221.7438,205474.5917,199221.7438,203080.641,20220812,121122.0,104186.0
201600.7784,201704.5813,195102.9404,196706.7855,20220815,125063.0,106914.0
195818.6044,199107.7669,194130.8907,197597.3389,20220816,92441.0,96694.0
198005.5514,200180.0673,196550.0042,197154.6623,20220817,104305.0,98798.0
197081.1959,197607.2145,195450.7214,195891.8329,20220818,90971.0,94120.0
197165.8807,197892.4489,195771.1507,196672.2473,20220819,97703.0,91260.0
196803.846,202395.7185,196664.6617,199067.1367,20220822,105043.0,90835.0
199069.6888,199593.0905,197460.1405,198762.4804,20220823,102187.0,90049.0
199049.9312,200808.1705,197582.7202,198740.8749,20220824,100394.0,88743.0
198626.6824,199801.1294,196665.9091,199324.7508,20220825,116367.0,87530.0
198405.0264,199163.9898,195462.8205,196741.802,20220826,103200.0,84922.0
197355.841,203399.5257,191893.569,192573.5736,20220829,201622.0,89260.0
194042.9679,196101.2602,191620.0705,192683.23,20220830,133660.0,86077.0
192381.6847,193314.7142,189302.5461,190026.5472,20220831,132844.0,82002.0
189341.4626,189341.4626,177153.4086,177665.2256,20220901,175605.0,94337.0
176361.6159,176565.5126,167897.0724,169735.6975,20220902,223202.0,97281.0
171443.4904,176401.8611,169218.4876,175298.6739,20220905,213299.0,94231.0
175006.4221,179433.0253,175006.4221,177347.0293,20220906,162426.0,89727.0
176608.0817,176775.1722,174405.7813,175304.5871,20220907,20804.0,89575.0
172353.713,175975.8594,170597.7552,174934.7074,20220908,185734.0,88434.0
175169.2408,178490.8038,174418.1729,176568.8907,20220909,180510.0,87244.0
176994.8662,181855.2513,176800.0728,178916.9167,20220913,116601.0,86466.0
178238.4647,178277.7822,169638.3363,171320.8604,20220914,213436.0,99111.0
171762.0957,177456.5739,171479.3324,174322.2596,20220915,218267.0,90357.0
172321.2337,174992.9157,171616.1997,173263.348,20220916,178913.0,88889.0
173384.7006,177948.0188,172804.1989,173478.2079,20220919,203841.0,89157.0
172400.3668,175579.8379,171568.1101,173737.2018,20220920,156796.0,86422.0
173842.1427,179471.1475,173699.509,178430.3487,20220921,214105.0,86893.0
177965.7381,182739.6263,176339.0952,180603.1792,20220922,227725.0,85641.0
180834.3013,182290.1208,178406.59,179315.6716,20220923,117837.0,101079.0
178260.8906,178260.8906,166456.3452,174124.8482,20220926,210547.0,106187.0
173928.6233,179501.8136,173541.5414,178700.3048,20220927,140747.0,94704.0
178451.0809,180700.0189,175505.6927,175876.7423,20220928,119357.0,93925.0
177103.5136,180264.4848,176824.6123,177823.1384,20220929,109767.0,85515.0
178477.9592,179005.9773,173818.4757,175101.1025,20220930,116033.0,86196.0
171489.3088,173646.7436,170522.5987,172810.6823,20221010,67439.0,81200.0
173758.977,176165.5783,173401.9037,174025.288,20221011,101100.0,87316.0
174596.4082,174694.904,171405.3672,173138.6539,20221012,106175.0,88034.0
171849.5176,173295.599,169455.2517,170139.7626,20221013,131679.0,96860.0
169474.2559,173668.2278,168341.9271,173030.939,20221014,135467.0,90074.0
172176.0347,172249.633,167965.8574,168887.6953,20221017,136625.0,93980.0
169376.1349,169650.6979,166242.9025,166591.8375,20221018,133059.0,95118.0
166787.2706,170478.6246,166583.0153,168197.2324,20221019,138099.0,88841.0
167991.6002,168831.3882,166756.4074,168096.5507,20221020,128422.0,88543.0
167843.6632,169532.2482,162257.9864,163269.3564,20221021,178269.0,102038.0
161839.8704,165540.5481,160735.9701,163716.977,20221024,168086.0,94881.0
162973.7455,165110.6583,162607.0846,164102.4066,20221025,147574.0,87484.0
163272.7094,166230.7521,162834.6686,163971.4358,20221026,133151.0,85957.0
164273.6561,165385.0426,162744.7431,163282.798,20221027,122967.0,87231.0
163091.0246,163799.5936,155975.9993,157100.6729,20221028,203686.0,101619.0
157972.4156,158511.2782,154149.7505,155640.277,20221031,153124.0,95159.0
155490.9588,157732.5898,152200.6038,157001.1128,20221101,171530.0,94804.0
157352.1989,159645.5356,156225.8863,157516.881,20221102,148064.0,92462.0
157584.4844,158302.5825,153544.8962,154703.6385,20221103,158723.0,96282.0
154774.8999,157854.3197,152898.9724,157249.3155,20221104,193110.0,95674.0
158816.1384,165277.0512,158816.1384,163746.7825,20221107,274314.0,87996.0
163639.2969,166744.2046,163187.161,165373.4486,20221108,199547.0,86482.0
165797.4301,169737.1481,165669.0041,169348.6624,20221109,215308.0,86304.0
169308.6696,169417.9818,165581.5606,167880.0042,20221110,200248.0,86315.0
167437.204,183590.8361,167437.204,180173.8022,20221111,345469.0,88047.0
178721.4698,180649.7531,174804.3356,176348.4256,20221114,253665.0,89346.0
177809.8519,185436.9095,176999.2881,183782.3375,20221115,192202.0,118939.0
188199.2088,189599.8168,185239.113,187233.9767,20221116,194186.0,109416.0
189032.0449,189480.2035,181494.9611,185651.9584,20221117,191595.0,110342.0
184441.1446,185760.4997,179974.841,184601.7782,20221118,177700.0,106553.0
182288.148,184021.7235,176000.5787,177400.629,20221121,166339.0,110033.0
177106.487,179425.2822,175791.6555,178034.5254,20221122,114430.0,100570.0
178540.6767,183845.9915,178540.6767,181664.9945,20221123,148001.0,105239.0
180952.542,185047.6572,178238.9195,182730.3962,20221124,136194.0,99650.0
183176.9466,185425.6951,182496.0906,183914.0416,20221125,122442.0,100123.0
183571.9995,183708.2963,179484.8921,181326.8457,20221128,131110.0,100750.0
182605.4194,186067.7172,182602.0457,184662.3909,20221129,127929.0,95641.0
184651.1522,187089.8721,183135.8368,184060.1873,20221130,118977.0,90724.0
184990.0683,189387.1896,184353.8906,186752.8552,20221201,116364.0,96112.0
186623.9381,188466.8831,185416.4474,187229.0175,20221202,99056.0,93251.0
187236.7863,195944.39,184542.0631,194613.3214,20221205,159017.0,106698.0
194930.0179,196945.8124,194053.5185,195137.124,20221206,111815.0,98474.0
195025.8328,200847.8789,192727.9919,193715.817,20221207,169736.0,105927.0
194118.8466,198116.4356,193708.4483,196632.774,20221208,133700.0,95886.0
197044.3838,199603.1986,195194.3236,198922.9828,20221209,136183.0,104229.0
197298.7637,197300.0849,188858.4745,190727.238,20221212,162277.0,109171.0
192115.396,196196.652,191462.2028,195207.6247,20221213,127863.0,97832.0
195912.2876,198604.1548,194515.0163,195426.0329,20221214,124320.0,103052.0
195120.6412,195126.4795,192113.255,194375.9582,20221215,111530.0,97353.0
193849.4271,196347.2722,189409.1256,191448.4121,20221216,153888.0,109106.0
191373.2022,195672.1277,187860.1864,187951.1615,20221219,166466.0,104458.0
189231.6173,194074.1937,189213.1869,191881.3239,20221220,175729.0,103225.0
192301.7799,196833.5063,192301.7799,194948.9115,20221221,133210.0,93705.0
195254.1726,198510.1659,194534.1471,195378.2079,20221222,112471.0,91743.0
194517.3557,198583.6515,193559.1058,196948.8288,20221223,123818.0,93061.0
197392.5102,200672.9538,196550.4744,197943.3348,20221226,121940.0,97209.0
197688.0432,205379.2825,195306.9271,205118.1997,20221227,151863.0,96794.0
206372.9579,210750.5119,205296.0132,209419.6888,20221228,153771.0,101366.0
208355.2879,209103.4451,205590.5787,207787.7232,20221229,114328.0,91837.0
206907.0066,212161.4666,206907.0066,212043.819,20221230,116961.0,92323.0
210383.4755,211246.3643,206070.7108,209165.7941,20230103,87039.0,88463.0
209024.0618,213240.3501,207731.6848,207874.0534,20230104,121761.0,95593.0
206844.9384,209420.6108,204896.6848,207589.106,20230105,118635.0,91472.0
208578.0581,209903.0927,201353.7624,206703.8687,20230106,179813.0,105260.0
205543.8325,207588.8924,203810.5723,205513.7865,20230109,128370.0,96381.0
206492.8927,207602.0042,202583.2458,203756.2695,20230110,124435.0,101299.0
205402.2878,214177.6412,205358.2322,213628.3295,20230111,135872.0,100277.0
212749.9999,216679.6635,212749.9999,215847.9597,20230112,135529.0,101386.0
217389.5509,223243.408,216390.7385,222095.5073,20230113,157995.0,99928.0
224086.6259,230132.5352,222780.8665,225944.0424,20230116,211287.0,102106.0
225401.8412,228764.1556,223255.0152,224422.2546,20230117,179067.0,90026.0
225494.4311,229246.4326,224504.6705,227352.3468,20230118,149286.0,82030.0
