6520.4217,6532.3982,6488.6097,6499.8878,20200102,58181.0,259624.0
6499.6635,6510.8551,6480.6059,6495.9852,20200103,76289.0,258609.0
6496.6432,6588.1185,6485.8931,6544.7962,20200106,181880.0,265711.0
6540.0294,6540.0294,6495.887,6511.2308,20200107,90159.0,259120.0
6514.8137,6569.2686,6514.8137,6564.798,20200108,120120.0,263895.0
6550.5715,6564.9981,6515.8454,6516.2005,20200109,105646.0,255784.0
6517.7123,6622.7433,6510.9664,6618.2116,20200110,135663.0,297801.0
6615.0629,6627.4009,6516.6299,6526.3104,20200113,198562.0,267701.0
6531.3792,6541.0045,6483.1764,6493.2666,20200114,95691.0,253255.0
6493.6272,6498.1823,6456.9963,6487.02,20200115,100845.0,247919.0
6481.7087,6497.0672,6452.961,6478.3663,20200116,89094.0,231551.0
6482.3956,6487.753,6457.8027,6472.794,20200117,62054.0,225814.0
6477.3417,6507.2157,6465.0514,6465.5752,20200120,73971.0,221720.0
6465.6343,6509.9258,6455.5617,6470.9457,20200121,104993.0,218012.0
6470.385,6489.1267,6431.3469,6469.5551,20200122,115224.0,207516.0
6471.1598,6478.9275,6425.3184,6445.2998,20200123,75077.0,201195.0
6169.4153,6211.7686,6076.6468,6151.9702,20200203,205543.0,175927.0
6135.5844,6246.2108,6124.3375,6189.722,20200204,152844.0,178160.0
6191.9583,6257.9254,6183.7986,6217.5779,20200205,104755.0,181004.0
6237.5805,6257.8386,6202.2076,6252.5996,20200206,89369.0,195904.0
6246.0746,6255.0316,6226.4259,6241.8621,20200207,53455.0,200298.0
6228.1382,6268.9455,6209.7808,6249.8803,20200210,84602.0,210530.0
6252.8819,6308.2061,6244.1259,6305.0017,20200211,118822.0,225553.0
6299.7122,6341.1213,6288.9911,6298.0052,20200212,99408.0,231863.0
6306.6884,6317.208,6270.6311,6297.8202,20200213,77173.0,235157.0
6293.9967,6345.7633,6280.2514,6334.2386,20200214,97485.0,245591.0
6332.9164,6334.2948,6290.0415,6318.1111,20200217,97177.0,247932.0
6324.5666,6334.7124,6303.8641,6312.8203,20200218,74130.0,248706.0
6313.0074,6321.3363,6270.8407,6281.1595,20200219,102065.0,251280.0
6294.1375,6330.7719,6288.731,6330.0541,20200220,127542.0,268584.0
6322.6547,6364.2509,6321.1606,6355.9804,20200221,125505.0,273675.0
6336.9997,6354.0803,6299.9077,6343.2038,20200224,110246.0,286419.0
6319.0057,6370.2236,6303.8788,6352.8429,20200225,122000.0,299012.0
6334.1873,6366.1149,6324.3544,6328.4514,20200226,83667.0,291199.0
6325.9192,6341.8918,6304.9784,6309.209,20200227,97572.0,277855.0
6285.7894,6292.2134,6239.6273,6253.0058,20200228,163784.0,281570.0
6230.7267,6306.7304,6230.7267,6286.6837,20200302,152271.0,275033.0
6308.5023,6338.8431,6292.7618,6299.2006,20200303,159470.0,276706.0
6301.0354,6310.8769,6276.696,6302.4681,20200304,89368.0,279575.0
6304.9473,6311.8262,6275.0786,6293.4571,20200305,92719.0,285362.0
6286.5232,6288.5666,6252.713,6268.9106,20200306,95755.0,289628.0
6062.333,6165.0969,6047.0458,6127.9175,20200309,310227.0,316847.0
6127.3308,6250.9797,6127.3308,6236.8434,20200310,194872.0,293964.0
6241.5205,6273.3107,6241.5205,6262.128,20200311,127286.0,297724.0
6252.5596,6270.2387,6220.2551,6251.6064,20200312,123226.0,297341.0
6227.2024,6285.7327,6199.1251,6275.1014,20200313,131838.0,288178.0
6270.0105,6296.0663,6233.152,6237.9225,20200316,139550.0,280340.0
6217.0318,6247.8733,6209.3142,6211.7854,20200317,107367.0,275702.0
6196.69,6207.6777,6100.4835,6105.169,20200318,182675.0,275504.0
6076.0293,6084.2582,5927.1797,5985.5618,20200319,335812.0,248645.0
6037.967,6084.0959,5946.0571,6012.9323,20200320,184894.0,245198.0
5932.3141,5932.3141,5780.3827,5780.544,20200323,260045.0,252140.0
5816.9286,5829.9824,5578.4563,5700.1795,20200324,384066.0,248244.0
5709.1202,5751.9652,5551.9596,5653.0863,20200325,315891.0,257694.0
5631.5874,5638.7624,5484.3858,5486.6151,20200326,266810.0,266575.0
5469.3239,5482.4693,5350.7631,5413.6849,20200327,342417.0,248661.0
5308.6872,5308.6872,5137.9649,5138.0681,20200330,291353.0,236464.0
5133.5348,5263.5822,4997.6779,5032.1095,20200331,420690.0,244855.0
5006.2997,5138.0949,4952.9242,5126.1886,20200401,382328.0,248354.0
5134.4712,5285.238,5091.7785,5232.4885,20200402,394845.0,249722.0
5280.8064,5389.1757,5240.7131,5318.5563,20200403,389988.0,244356.0
5404.418,5491.816,5388.6791,5488.2088,20200407,233199.0,249604.0
5449.5586,5496.691,5356.7106,5428.1149,20200408,262540.0,245703.0
5467.0183,5528.1178,5386.7542,5430.321,20200409,234238.0,258968.0
5346.5567,5485.9075,5313.2957,5459.3301,20200410,285011.0,265504.0
5515.1803,5755.1946,5454.8024,5488.4875,20200413,569226.0,268401.0
5506.0101,5508.6139,5357.8794,5430.1804,20200414,328988.0,259796.0
5381.1525,5506.0338,5373.1517,5433.5965,20200415,248050.0,259881.0
5408.5787,5461.833,5379.2897,5400.4709,20200416,189305.0,262999.0
5412.3642,5476.6792,5353.2023,5420.5522,20200417,237771.0,256949.0
5406.8433,5443.6691,5353.1466,5404.6411,20200420,175155.0,258233.0
5356.2855,5384.0524,5251.6824,5324.7364,20200421,320954.0,261951.0
5253.563,5311.6478,5194.3385,5266.8873,20200422,326512.0,259660.0
5314.0079,5372.1876,5295.0669,5353.6259,20200423,246293.0,250007.0
5346.8553,5412.1752,5327.6915,5328.9572,20200424,158752.0,241793.0
5344.9963,5465.5324,5342.2929,5406.7618,20200427,155690.0,236967.0
5376.5122,5440.8661,5376.5122,5419.6001,20200428,174572.0,244390.0
5425.96,5479.6174,5372.3967,5454.226,20200429,182592.0,240777.0
5487.6817,5513.698,5441.763,5482.2299,20200430,155631.0,229450.0
5599.877,5691.5028,5553.5404,5672.5625,20200506,172484.0,228812.0
5663.6137,5729.1417,5629.7988,5653.5595,20200507,177014.0,232297.0
5692.2408,5795.0911,5649.7887,5781.0565,20200508,199216.0,250637.0
5759.2654,5832.2468,5713.4647,5734.883,20200511,227734.0,253690.0
5759.4684,5759.4684,5644.1782,5661.4455,20200512,170702.0,253580.0
5680.7947,5702.7155,5623.9809,5674.9541,20200513,139287.0,258744.0
5697.2516,5744.7551,5659.1741,5722.8088,20200514,133830.0,259771.0
5717.3563,5848.8384,5712.2568,5811.4877,20200515,207699.0,261328.0
5812.0582,5904.749,5792.1459,5876.9969,20200518,186607.0,267607.0
5893.7843,5979.5477,5851.5819,5867.9704,20200519,194575.0,261590.0
5898.0758,5973.2899,5837.7441,5953.6274,20200520,156218.0,255233.0
5965.0232,6063.4396,5955.3016,6038.8057,20200521,194902.0,254855.0
6043.4121,6107.2797,5940.6863,6005.3408,20200522,297293.0,260906.0
6018.2815,6136.5348,5993.6231,6054.1895,20200525,237881.0,264459.0
6055.3875,6101.9717,6035.064,6072.2677,20200526,153176.0,264133.0
6074.3543,6086.8185,6023.8102,6060.5203,20200527,164271.0,264439.0
6057.6696,6068.0901,5940.3731,6007.3083,20200528,231872.0,257419.0
6019.1109,6058.4491,5976.8557,6012.6006,20200529,173423.0,252391.0
6021.1065,6246.876,6009.0633,6179.2129,20200601,361129.0,260637.0
6185.3506,6307.8189,6160.5437,6282.1231,20200602,267267.0,281529.0
6290.9635,6333.2895,6258.054,6268.1813,20200603,212620.0,282849.0
6247.892,6276.26,6185.1242,6209.6907,20200604,258893.0,277064.0
6217.9847,6288.3576,6217.8141,6249.8307,20200605,142240.0,272348.0
6277.7759,6307.9177,6203.7775,6280.896,20200608,228738.0,269994.0
6275.7576,6291.2054,6228.8396,6271.5856,20200609,167759.0,269446.0
6267.0241,6370.4957,6256.0345,6282.2695,20200610,210298.0,273423.0
6288.9922,6317.993,6227.0099,6229.7208,20200611,192423.0,270591.0
6202.1331,6294.3284,6120.9017,6294.3284,20200612,284477.0,269184.0
6297.0295,6317.6352,6217.4735,6244.3156,20200615,195429.0,267448.0
6250.916,6326.9386,6220.5253,6303.933,20200616,200600.0,260646.0
6310.7115,6341.9451,6227.1816,6287.937,20200617,146874.0,255464.0
6286.6126,6299.3167,6193.4036,6213.347,20200618,212822.0,246791.0
6218.1567,6232.2527,6149.9624,6213.0628,20200619,196484.0,245452.0
6197.8516,6222.2196,6102.6834,6155.1532,20200622,213806.0,249130.0
6154.2079,6161.2521,6110.0574,6130.5153,20200623,117711.0,247076.0
6143.2889,6163.1824,6099.7689,6137.7226,20200624,134319.0,241631.0
6107.7069,6191.2226,6028.2281,6072.7177,20200629,184092.0,243031.0
6098.6847,6167.0849,6073.5157,6145.3807,20200630,148041.0,240854.0
6127.295,6167.4326,6095.577,6120.5585,20200701,111612.0,238480.0
6128.6005,6255.7228,6090.2283,6249.4558,20200702,241491.0,252754.0
6240.5949,6340.062,6224.0465,6293.6944,20200703,181181.0,248652.0
6278.2149,6358.6811,6256.3127,6349.2745,20200706,163309.0,251065.0
6347.592,6544.4857,6331.0192,6501.3381,20200707,297105.0,261677.0
6486.7853,6538.1857,6446.8171,6470.7697,20200708,216964.0,250389.0
6479.3565,6555.2047,6459.3605,6535.7317,20200709,199995.0,253148.0
6531.0342,6605.4079,6464.9123,6494.578,20200710,308082.0,246129.0
6511.2925,6707.5165,6498.0343,6670.971,20200713,330346.0,253237.0
6659.7097,6721.4921,6581.4425,6618.2537,20200714,225112.0,250481.0
6621.3854,6679.7253,6506.2503,6534.5331,20200715,228619.0,242529.0
6551.5084,6573.1058,6481.8589,6512.5086,20200716,230019.0,235492.0
6498.7237,6515.4315,6429.9709,6465.8977,20200717,191543.0,229705.0
6467.7267,6635.499,6438.3542,6559.0962,20200720,319833.0,238851.0
6550.3578,6605.6272,6447.1917,6552.6237,20200721,256374.0,230665.0
6570.0992,6606.0655,6494.2421,6494.6468,20200722,159528.0,228197.0
6498.2946,6571.7277,6464.4463,6487.8885,20200723,209581.0,227472.0
6481.8298,6491.687,6364.352,6369.0979,20200724,268076.0,220291.0
6391.4564,6472.8581,6378.7058,6463.0276,20200727,185620.0,224977.0
6456.8004,6490.266,6404.9223,6476.3734,20200728,156602.0,224872.0
6466.9259,6534.3589,6449.3811,6453.0177,20200729,175889.0,225081.0
6468.0328,6612.9242,6467.2626,6538.989,20200730,258512.0,225786.0
6537.7311,6564.4283,6459.7821,6542.0619,20200731,178635.0,226531.0
6538.5935,6622.4259,6518.5867,6609.526,20200803,220115.0,225689.0
6622.8917,6671.4944,6588.6778,6623.8412,20200804,191525.0,222991.0
6613.8021,6707.6673,6590.6744,6680.6959,20200805,273018.0,234868.0
6685.2671,6702.7067,6527.7355,6560.1797,20200806,229517.0,223952.0
6573.7158,6605.9391,6496.4795,6523.0754,20200807,246870.0,211904.0
6530.217,6534.461,6411.0432,6438.4096,20200810,205987.0,216116.0
6457.3507,6499.8357,6437.6875,6481.6381,20200811,151594.0,213909.0
6470.9612,6524.4251,6414.7486,6459.7518,20200812,203622.0,210726.0
6458.0232,6531.8442,6434.1564,6454.8716,20200813,204622.0,208227.0
6453.2536,6517.3846,6426.4558,6495.7051,20200814,172488.0,208656.0
6488.4157,6615.9566,6465.4562,6598.8043,20200817,197469.0,216567.0
6581.3888,6681.4303,6567.3361,6678.3891,20200818,248804.0,231468.0
6666.2116,6677.2014,6600.5296,6642.9132,20200819,185958.0,228513.0
6646.1656,6688.6459,6588.2183,6684.6336,20200820,184674.0,227001.0
6657.0888,6671.1803,6601.9092,6616.7336,20200821,136552.0,221291.0
6605.1116,6678.001,6540.8712,6628.1447,20200824,189841.0,215643.0
6612.8566,6672.2751,6589.2831,6629.1976,20200825,160158.0,215491.0
6630.7727,6738.7136,6611.1025,6695.3375,20200826,203149.0,236726.0
6679.8131,6784.7074,6638.7363,6651.8513,20200827,265893.0,230965.0
6653.2126,6667.6262,6593.9017,6609.2225,20200828,163663.0,224752.0
6605.4131,6707.9517,6596.3375,6660.428,20200831,181050.0,223721.0
6660.932,6724.2049,6651.0009,6669.0337,20200901,154796.0,232069.0
6670.2389,6758.6905,6669.9102,6723.344,20200902,175847.0,242419.0
6709.2539,6717.7264,6648.0459,6681.1422,20200903,177871.0,238987.0
6673.1186,6695.1951,6593.4587,6617.4022,20200904,178822.0,235908.0
6617.8856,6659.6099,6576.9074,6585.721,20200907,183567.0,236449.0
6598.0827,6604.4212,6505.1404,6550.6679,20200908,235718.0,230453.0
6532.7508,6583.378,6487.2434,6499.2326,20200909,299118.0,219042.0
6529.9152,6670.2912,6522.0081,6636.5768,20200910,291419.0,219338.0
6615.3554,6655.5609,6583.0719,6625.9256,20200911,153238.0,219561.0
6611.4213,6635.3925,6525.8372,6541.1657,20200914,154130.0,223942.0
6533.4254,6590.5767,6506.746,6555.7658,20200915,193763.0,218149.0
6557.6778,6596.0717,6532.4059,6575.5622,20200916,143147.0,213490.0
6592.7743,6739.7216,6590.1589,6660.3365,20200917,300386.0,222031.0
6656.8029,6704.528,6636.6129,6650.9565,20200918,149737.0,219802.0
6652.6802,6729.3137,6611.4188,6706.2787,20200921,222951.0,229101.0
6694.861,6706.3029,6621.6143,6636.0529,20200922,194765.0,217271.0
6642.1696,6680.4564,6611.9515,6641.5589,20200923,171791.0,218038.0
6656.2825,6676.3334,6511.2372,6530.5718,20200924,269675.0,224441.0
6533.9053,6574.8484,6435.8651,6564.2278,20200925,288323.0,220467.0
6559.5625,6648.7643,6543.9867,6558.7482,20200928,221628.0,217058.0
6573.7823,6602.9871,6542.5661,6581.7732,20200929,138722.0,208995.0
6581.5823,6613.704,6538.9106,6553.4976,20200930,165370.0,207393.0
6628.1354,6755.3317,6607.1897,6746.3578,20201009,170644.0,217089.0
6743.7574,6855.1079,6711.731,6846.3238,20201012,223080.0,245027.0
6842.1441,6860.6728,6775.9056,6805.7889,20201013,165102.0,246823.0
6818.3961,6912.9766,6818.3961,6852.5184,20201014,267300.0,255723.0
6870.94,6886.444,6800.2889,6834.234,20201015,594213.0,262977.0
6836.387,6889.3918,6794.6697,6830.4037,20201016,210658.0,271421.0
6832.3005,6859.1051,6770.3658,6796.1067,20201019,207899.0,265692.0
6801.2653,6801.2653,6725.6933,6771.0972,20201020,157771.0,251643.0
6780.1436,6809.5801,6694.2111,6694.2111,20201021,187677.0,240876.0
6694.8383,6746.6065,6686.198,6690.6585,20201022,154915.0,239635.0
6691.7559,6728.4134,6657.1786,6682.5061,20201023,159489.0,233737.0
6689.754,6743.1362,6617.4658,6733.4365,20201026,183267.0,244461.0
6744.8448,6786.7046,6716.6974,6776.8861,20201027,268909.0,255303.0
6777.1633,6887.0367,6777.1633,6853.649,20201028,234467.0,285302.0
6846.0229,6943.2951,6811.5341,6815.2571,20201029,312980.0,303244.0
6786.0186,6894.3553,6723.9694,6889.9419,20201030,327041.0,312737.0
6898.8911,7080.8614,6879.0186,7043.0998,20201102,363814.0,352582.0
7055.4118,7149.9851,7028.0506,7066.6259,20201103,288717.0,359638.0
7103.3147,7186.5668,6991.201,7048.2534,20201104,331370.0,350225.0
7062.3784,7078.1607,6932.6054,7021.7787,20201105,297107.0,352101.0
7037.7279,7076.9182,6999.9932,7076.9156,20201106,241114.0,354496.0
7087.4828,7270.5401,7087.4828,7226.5024,20201109,473740.0,395853.0
7299.6912,7321.3829,6992.1537,7009.2119,20201110,439025.0,330118.0
7027.3256,7030.812,6910.3413,7011.3391,20201111,283330.0,319372.0
7014.2046,7046.7353,6951.5261,6983.5481,20201112,183945.0,311128.0
7015.5589,7266.8225,7015.3995,7266.8225,20201113,385902.0,344075.0
7265.883,7484.8965,7218.5814,7384.5646,20201116,496933.0,371347.0
7420.4897,7435.6227,7265.1704,7431.1501,20201117,329320.0,369356.0
7435.7288,7545.3531,7384.6604,7416.6645,20201118,419651.0,366289.0
7423.2667,7429.7009,7286.7348,7349.104,20201119,411371.0,344737.0
7343.377,7360.1837,7211.2839,7251.5186,20201120,279737.0,345920.0
7260.4552,7399.8284,7230.6319,7346.9398,20201123,343235.0,355730.0
7345.7474,7383.8037,7256.6015,7304.5964,20201124,295799.0,353329.0
7317.625,7406.9924,7240.239,7245.0005,20201125,415921.0,349902.0
7235.0278,7316.3822,7224.7063,7240.8565,20201126,234714.0,348722.0
7238.8648,7443.4217,7234.6994,7438.2012,20201127,365769.0,372560.0
7439.722,7482.8956,7297.7094,7316.0682,20201130,326984.0,363893.0
7326.4683,7590.9981,7319.7855,7586.2279,20201201,449054.0,409388.0
7615.3561,7747.0689,7492.0797,7504.8762,20201202,593205.0,402110.0
7508.9244,7595.5623,7421.403,7524.7826,20201203,382459.0,401378.0
7540.3959,7660.0015,7457.2644,7657.1656,20201204,407987.0,403793.0
7667.4149,7778.7825,7533.903,7768.6688,20201207,482747.0,403009.0
7769.3769,7827.572,7634.0199,7670.1797,20201208,374697.0,394091.0
7690.2102,7923.4968,7644.0894,7914.4626,20201209,518446.0,419088.0
7912.8645,8193.1647,7885.1199,7973.4926,20201210,560681.0,395156.0
8004.8488,8215.9504,7984.8572,8142.8657,20201211,661631.0,390805.0
8152.4697,8333.6851,7740.1944,7752.0151,20201214,765596.0,355273.0
7759.1631,7809.8847,7612.8719,7721.0634,20201215,677512.0,354570.0
7711.3424,7760.7017,7546.8337,7586.1873,20201216,605667.0,363707.0
7594.2023,7595.7598,7414.4734,7524.323,20201217,572415.0,367104.0
7507.6726,7718.0864,7467.3478,7548.437,20201218,605941.0,378095.0
7561.7535,7757.4724,7527.1634,7634.0855,20201221,544151.0,385735.0
7601.9513,7693.9953,7468.6244,7481.0251,20201222,554934.0,372289.0
7517.4521,7517.4521,7383.0081,7493.9512,20201223,485663.0,372058.0
7490.9624,7528.459,7393.5986,7424.5984,20201224,550928.0,382278.0
7404.5599,7404.5599,7168.7378,7234.155,20201225,695404.0,393419.0
7228.0594,7266.3689,7071.984,7095.6727,20201228,430739.0,401296.0
7123.6197,7157.0678,7040.8723,7083.8519,20201229,353308.0,397469.0
7102.6948,7133.3016,7042.2939,7092.5751,20201230,325464.0,407252.0
7084.4426,7158.696,7048.9335,7125.8603,20201231,320451.0,410043.0
7143.4985,7230.1406,7083.8914,7208.4064,20210104,261306.0,433308.0
7210.3801,7298.5156,7134.193,7167.6107,20210105,273759.0,433136.0
7194.7044,7256.2355,7161.8374,7187.9274,20210106,233744.0,443202.0
7178.4961,7310.0468,7153.9272,7167.9383,20210107,359382.0,446677.0
7177.692,7177.692,7001.7998,7001.7998,20210108,417239.0,439823.0
7010.6213,7010.6213,6890.6331,6937.6536,20210111,436046.0,442750.0
6931.8359,7033.8392,6875.3909,7023.6823,20210112,285696.0,448930.0
7007.261,7060.7325,6969.6825,7037.207,20210113,288615.0,458351.0
7017.9445,7041.9048,6910.2133,7018.0553,20210114,353819.0,459866.0
6998.2391,7054.8626,6969.4717,7036.6304,20210115,303338.0,465235.0
7038.237,7194.8166,7000.0774,7190.2567,20210118,422513.0,453638.0
7165.0846,7288.621,7165.0846,7198.9525,20210119,387849.0,438822.0
7210.0242,7294.285,7179.5712,7206.0972,20210120,280734.0,436470.0
7205.9799,7388.8128,7205.9799,7388.0314,20210121,319874.0,446696.0
7409.9917,7437.9391,7314.1818,7414.1968,20210122,405040.0,437771.0
7391.985,7492.6809,7209.895,7273.947,20210125,532629.0,408273.0
7263.6073,7423.0267,7260.9557,7266.0094,20210126,389543.0,407123.0
7287.6624,7354.412,7274.3585,7338.0474,20210127,269335.0,408904.0
7318.3922,7428.2597,7294.5379,7418.8695,20210128,336164.0,416330.0
7409.7178,7482.7997,7345.2741,7428.9276,20210129,310283.0,417980.0
7431.5939,7546.7955,7278.2762,7278.2762,20210201,412253.0,392461.0
7298.0299,7361.7907,7248.2909,7301.4313,20210202,290076.0,396695.0
7324.333,7438.5965,7267.3587,7438.5963,20210203,319456.0,395743.0
7442.7323,7651.7759,7365.292,7637.0391,20210204,446046.0,434500.0
7606.5051,7656.1791,7528.8908,7616.494,20210205,363817.0,431055.0
7620.8355,7716.6664,7557.5505,7633.6262,20210208,309684.0,427080.0
7642.1869,7710.9951,7591.9577,7709.6338,20210209,271751.0,425151.0
7692.7655,7725.7958,7592.7967,7709.4431,20210210,275214.0,404977.0
7867.2776,8036.7395,7836.0562,7988.4833,20210218,328987.0,394702.0
7948.912,8230.8928,7874.4791,8205.656,20210219,468034.0,409627.0
8205.2395,8589.9125,8170.027,8584.2816,20210222,667738.0,410974.0
8612.716,8870.6555,8454.1758,8578.6951,20210223,801095.0,378644.0
8585.0203,8685.1046,8478.6539,8486.1419,20210224,516802.0,387395.0
8525.2181,8783.5022,8332.1319,8469.1168,20210225,834969.0,375512.0
8459.4356,8558.9877,8353.9837,8475.2802,20210226,585442.0,370995.0
8445.7697,8452.6183,8128.3001,8303.3142,20210301,625712.0,354468.0
8270.001,8344.2697,8172.6511,8303.2844,20210302,434200.0,363168.0
8323.5452,8644.7942,8299.4298,8498.0958,20210303,664741.0,389229.0
8504.6978,8648.9722,8315.874,8332.7673,20210304,540286.0,384528.0
8327.1951,8478.4936,8231.449,8396.2525,20210305,576751.0,381846.0
8425.7587,8748.0979,8385.2369,8656.3326,20210308,572448.0,392384.0
8627.3679,8792.3505,8390.0,8522.011,20210309,2204399.0,402076.0
8602.3234,8630.1635,8412.2163,8419.7666,20210310,567214.0,399865.0
8485.4824,8698.5961,8394.6537,8652.6709,20210311,620146.0,450083.0
8676.5088,8825.8789,8582.7003,8697.5835,20210312,645693.0,459228.0
8767.3421,9118.9032,8710.1504,9079.9052,20210315,1094965.0,536754.0
9077.1465,9214.8304,8985.4992,9027.8862,20210316,881876.0,542622.0
8997.6712,9087.6132,8928.0994,9013.8234,20210317,623963.0,530526.0
8981.1395,9191.3796,8796.1406,8823.5258,20210318,992244.0,519903.0
8856.7483,8887.1129,8667.1016,8702.7662,20210319,833142.0,470972.0
8748.7898,8881.3842,8395.0,8719.6724,20210322,611940.0,478260.0
8738.0311,8805.5187,8463.1401,8579.4366,20210323,747849.0,463367.0
8527.5259,8600.5521,8387.4,8526.9528,20210324,714864.0,451529.0
8571.587,8746.3649,8496.7817,8608.62,20210325,660235.0,476995.0
8605.3394,8817.9667,8562.6311,8817.9594,20210326,626549.0,510441.0
8802.4729,8898.6587,8530.0,8718.0164,20210329,855740.0,494273.0
8747.956,8787.0588,8543.7027,8566.3749,20210330,616967.0,479704.0
8546.0807,8615.3875,8461.4055,8477.9071,20210331,622606.0,475222.0
8485.0256,8708.8226,8473.8906,8692.1282,20210401,528083.0,478302.0
8683.0901,8846.9625,8637.5443,8835.2383,20210402,632468.0,526753.0
8790.5587,8884.0656,8758.6977,8839.4995,20210406,377659.0,534474.0
8838.083,9024.4077,8780.1439,8782.6583,20210407,672166.0,550719.0
8805.859,8821.9971,8675.0608,8767.0991,20210408,508892.0,535453.0
8760.4121,8762.4261,8601.2918,8612.0202,20210409,506810.0,516215.0
8616.4815,8656.3578,8423.7274,8498.3501,20210412,641052.0,518949.0
8526.0714,8596.664,8488.7847,8511.0494,20210413,617272.0,527084.0
8522.7337,8674.6662,8519.5573,8640.4353,20210414,534232.0,524978.0
8634.1813,8808.9131,8631.2815,8721.0745,20210415,624667.0,522718.0
8719.4254,8857.2148,8719.4254,8810.4361,20210416,487274.0,544734.0
8811.086,8989.9645,8810.0523,8839.4101,20210419,610812.0,570873.0
8883.9619,8958.8421,8545.0,8833.0013,20210420,526846.0,573911.0
8844.8754,8844.8754,8612.4789,8640.1966,20210421,608147.0,525878.0
8658.3747,8941.7596,8637.3899,8922.6151,20210422,620021.0,555448.0
8913.5031,9040.0393,8850.1003,9030.6217,20210423,503487.0,586201.0
9024.1405,9082.6167,8792.0558,8875.186,20210426,629906.0,540346.0
8868.0665,8965.1502,8800.4767,8915.8239,20210427,435088.0,533731.0
8914.5472,8998.3202,8836.1746,8977.7132,20210428,478015.0,543078.0
8972.1746,8974.8552,8824.7207,8876.8949,20210429,417304.0,500184.0
8881.1291,8908.0179,8737.4804,8858.2416,20210430,590328.0,476142.0
8912.7407,9144.7181,8899.0816,9104.2978,20210506,504683.0,521831.0
9104.6291,9285.1939,9104.6291,9264.0464,20210507,501101.0,563247.0
9246.4683,9409.9952,9179.1137,9321.7598,20210510,539723.0,562864.0
9315.9739,9331.3772,9128.9525,9206.3486,20210511,432640.0,536207.0
9198.3536,9343.7592,9165.7891,9262.1243,20210512,493586.0,531841.0
9222.0977,9284.9033,9039.6019,9090.1679,20210513,629272.0,477927.0
9108.8464,9229.5842,8867.8573,9090.4143,20210514,876190.0,483890.0
9105.703,9221.7261,9046.6046,9089.1712,20210517,501231.0,489537.0
9094.2832,9218.0261,9073.9103,9208.6454,20210518,383034.0,515092.0
9195.1423,9248.2208,8989.2123,9046.4555,20210519,567036.0,482045.0
8980.4122,8980.4122,8365.0,8765.7737,20210520,769461.0,478138.0
8762.8075,8772.6795,8536.7116,8548.5423,20210521,683971.0,475141.0
8603.5423,8667.7081,8548.515,8602.5903,20210524,529071.0,474503.0
8608.9939,8695.0463,8583.969,8651.4634,20210525,448680.0,481186.0
8650.7661,8673.4284,8476.1752,8582.2311,20210526,577839.0,478035.0
8564.3503,8604.8016,8422.5596,8504.61,20210527,571679.0,480535.0
8503.7736,8680.4134,8480.7354,8563.5909,20210528,528368.0,488816.0
8559.3272,8721.7231,8532.6429,8717.8408,20210531,459702.0,496562.0
8728.5431,8904.7497,8690.5059,8896.9467,20210601,511830.0,507030.0
8891.7086,8924.8701,8690.1841,8701.7392,20210602,460880.0,482266.0
8744.8949,8827.0754,8676.267,8744.1826,20210603,386484.0,485905.0
8746.9999,8788.8489,8680.3241,8716.5993,20210604,439584.0,483887.0
8744.1066,8766.4183,8499.1948,8532.3157,20210607,573959.0,479271.0
8544.9768,8568.1305,8451.4311,8530.8332,20210608,445465.0,485465.0
8511.8468,8735.2494,8482.0174,8731.4296,20210609,546166.0,503230.0
8736.2346,8776.4272,8653.3268,8734.6219,20210610,418231.0,506599.0
8751.1834,8881.0571,8740.0518,8823.5893,20210611,410651.0,527726.0
8862.7859,8904.6424,8672.5574,8764.7514,20210615,311640.0,519391.0
8763.2526,8794.7945,8680.5755,8681.5486,20210616,316787.0,513529.0
8680.0841,8697.0799,8497.6815,8550.7669,20210617,573138.0,493014.0
8536.7198,8634.4619,8427.2814,8486.602,20210618,680789.0,499770.0
8485.0172,8528.9904,8220.8792,8350.9577,20210621,787675.0,505696.0
8350.3543,8409.6989,8266.7403,8327.1109,20210622,627094.0,521791.0
8333.8492,8530.6351,8332.4991,8472.4168,20210623,654118.0,523544.0
8469.305,8507.871,8343.8607,8366.3326,20210624,503040.0,527991.0
8357.7039,8466.5134,8273.0107,8466.5117,20210625,692255.0,534253.0
8468.0863,8645.8921,8451.4633,8635.6268,20210628,656225.0,523387.0
8611.6671,8663.9495,8567.5986,8625.1207,20210629,467960.0,526302.0
8636.5467,8716.5892,8603.3644,8632.6145,20210630,426216.0,533499.0
8643.434,8685.1766,8590.7585,8654.1171,20210701,377102.0,547358.0
8689.4661,8696.1864,8575.3371,8648.9535,20210702,407985.0,555628.0
8653.5601,8816.795,8607.0623,8813.1642,20210705,474152.0,591464.0
8786.135,8798.9716,8721.817,8747.7611,20210706,338544.0,586971.0
8747.5816,8787.9879,8641.2355,8674.116,20210707,451835.0,570580.0
8681.2205,8867.5261,8596.0796,8823.9734,20210708,629234.0,617916.0
8810.6289,8903.2771,8809.9446,8886.2828,20210709,476936.0,637659.0
8886.7858,8940.3703,8815.2839,8853.7643,20210712,474803.0,619853.0
8843.9968,8883.4718,8769.1168,8848.1393,20210713,355781.0,603932.0
8841.5545,8920.1188,8813.2324,8897.8207,20210714,452524.0,620575.0
8887.8834,9081.2178,8841.998,9076.4335,20210715,596962.0,658685.0
9057.3745,9284.0195,9023.6363,9226.9403,20210716,539169.0,678158.0
9239.3858,9339.2386,9196.4829,9302.7069,20210719,463251.0,678661.0
9251.3777,9282.5777,8860.0,9223.4533,20210720,572699.0,647042.0
9223.8395,9232.5494,9070.1796,9092.9298,20210721,371964.0,632659.0
9099.4332,9244.3273,9009.1227,9068.5947,20210722,534699.0,612701.0
9071.6101,9202.0991,9057.1664,9151.6816,20210723,422379.0,631657.0
9148.9292,9222.1803,9080.2565,9149.5658,20210726,460388.0,631627.0
9149.6808,9268.8986,8998.6631,9007.4857,20210727,521229.0,611448.0
9051.355,9086.6281,8954.9832,9059.6952,20210728,445709.0,601591.0
9049.0195,9161.3896,9038.8492,9070.9806,20210729,406088.0,606231.0
9084.0537,9206.0477,9057.0258,9122.2084,20210730,424318.0,619468.0
9075.0164,9075.0328,8839.8516,8873.5888,20210802,704670.0,608774.0
8889.3222,8889.3222,8743.9052,8752.1518,20210803,455334.0,614910.0
8726.2821,8870.3914,8725.6732,8854.5205,20210804,463605.0,627908.0
8836.4998,9043.1195,8836.4998,8946.4278,20210805,706949.0,651867.0
8965.5103,9065.4648,8892.6529,9025.9414,20210806,446830.0,669938.0
8999.6873,9050.0422,8952.7379,8987.7671,20210809,409816.0,654352.0
8965.9058,9111.423,8954.3699,9105.5366,20210810,442743.0,683348.0
9076.1312,9207.5698,9055.2127,9202.4079,20210811,504800.0,710756.0
9176.203,9252.5267,9176.203,9209.5287,20210812,464940.0,729054.0
9209.7634,9314.4451,9162.9305,9206.1045,20210813,586943.0,724504.0
9232.837,9307.801,9183.8357,9213.6695,20210816,481859.0,731874.0
9199.258,9368.184,9198.0068,9344.889,20210817,544362.0,778897.0
9331.4538,9359.2428,9187.1815,9212.5962,20210818,648737.0,755202.0
9234.5739,9270.5626,9097.7135,9230.4538,20210819,643216.0,757966.0
9171.2317,9355.0,9106.0817,9197.7824,20210820,704609.0,758511.0
9166.2391,9304.8258,9153.4919,9202.558,20210823,680046.0,752154.0
9216.7681,9289.2261,9178.4608,9286.6952,20210824,497875.0,765415.0
9268.0245,9372.3065,9244.1698,9347.353,20210825,495471.0,800239.0
9363.1944,9402.4299,9250.9363,9256.0623,20210826,577071.0,788763.0
9259.9936,9259.9936,9159.3769,9206.6713,20210827,536516.0,747693.0
9211.0046,9437.3074,9178.0333,9366.1328,20210830,647423.0,781641.0
9354.4322,9415.4425,9264.0863,9278.232,20210831,557531.0,755262.0
9276.6395,9276.6395,9191.5135,9250.0985,20210901,563664.0,712790.0
9243.6831,9468.9566,9229.5303,9381.2367,20210902,725147.0,800839.0
9372.605,9496.2677,9363.8658,9446.0044,20210903,544991.0,810037.0
9438.8672,9507.3772,9399.8483,9477.1476,20210906,450325.0,818275.0
9478.3988,9741.9479,9477.7339,9717.3004,20210907,729431.0,856972.0
9679.9111,10099.5589,9630.1192,9851.4619,20210908,977264.0,847723.0
9845.2465,10046.2468,9823.7847,9909.8021,20210909,719253.0,843282.0
9903.3008,10101.5983,9871.5936,9933.2021,20210910,760592.0,848740.0
9966.3967,10078.6937,9832.8417,9839.6953,20210913,756562.0,822302.0
9853.0035,9871.8132,9656.299,9678.171,20210914,771607.0,793784.0
9703.8976,10001.1971,9565.9683,9968.6725,20210915,1064134.0,807149.0
9942.4907,10288.3496,9942.4907,10078.54,20210916,947044.0,797317.0
10073.6178,10183.8912,9655.0,9820.0899,20210917,985060.0,742933.0
9995.9025,10338.2102,9903.6352,10330.3932,20210922,699558.0,802790.0
10261.8774,10716.6376,10261.8774,10632.9252,20210923,1106391.0,825203.0
10559.3851,10848.0455,10304.4014,10552.2312,20210924,1181007.0,803101.0
10629.1025,11349.258,10615.5687,11280.323,20210927,1309359.0,786388.0
11332.1385,11641.8717,11185.0933,11582.0343,20210928,1149781.0,762228.0
11586.4643,11964.5871,11357.1979,11652.3904,20210929,1415970.0,707132.0
11755.5703,12114.7184,11613.0106,12036.6967,20210930,863326.0,680523.0
12220.6517,12500.051,11727.1546,12078.8426,20211008,720566.0,648482.0
12124.3587,12947.9244,12113.0793,12939.4697,20211011,1241895.0,697956.0
12983.9216,13250.5223,12735.7769,13094.8621,20211012,1251565.0,682400.0
13025.1291,13047.4021,12083.0942,12085.8325,20211013,1400182.0,667401.0
11934.9271,11955.5533,11291.2775,11639.022,20211014,1762724.0,561272.0
11685.0487,11871.8775,10972.2891,11383.1129,20211015,1881092.0,569855.0
11457.9421,11951.6121,11150.4116,11726.6765,20211018,1782086.0,563260.0
11720.1714,11982.5515,11561.758,11764.6545,20211019,1064773.0,567745.0
11647.5875,11647.5875,10825.0,10946.5006,20211020,417820.0,564864.0
10648.1599,10994.4754,10264.4799,10301.9495,20211021,1199093.0,519924.0
10326.3062,10532.9373,9938.1553,10140.5309,20211022,1158220.0,503112.0
10225.4419,10375.9579,9824.312,10126.6205,20211025,1357277.0,508863.0
9977.0277,10122.2449,9446.2655,9704.6046,20211026,1651437.0,508385.0
9677.1618,9692.9975,9063.0353,9066.161,20211027,1438943.0,545607.0
9088.0422,9604.5242,8750.0851,9461.559,20211028,1723893.0,503570.0
9422.9296,9564.1197,8893.3228,9070.4637,20211029,1540487.0,554801.0
9041.738,9346.8153,8984.5758,8989.0953,20211101,1396661.0,569447.0
9024.5612,9124.4709,8513.9165,8625.3483,20211102,1703842.0,614524.0
8654.905,8895.6853,8474.6361,8847.4185,20211103,1743470.0,607788.0
8817.3141,8856.7256,8108.6846,8154.0216,20211104,2099753.0,675235.0
8209.1489,8390.0781,8073.2161,8320.7627,20211105,1685263.0,636813.0
8334.4039,8479.884,8188.7479,8443.0303,20211108,1423958.0,637691.0
8426.8211,8695.2296,8313.263,8566.6708,20211109,1522837.0,624011.0
8557.6812,8859.9841,8392.7189,8777.0658,20211110,1733503.0,647196.0
8759.5961,9104.237,8736.1753,9009.5864,20211111,1104348.0,710005.0
8992.2737,9009.4779,8594.237,8619.1192,20211112,1184842.0,684832.0
8622.2108,8744.0136,8435.0827,8459.7717,20211115,1002442.0,679220.0
8486.9742,8605.4572,8253.1786,8273.1267,20211116,1024012.0,710090.0
8282.2477,8371.7938,8167.9541,8226.254,20211117,852374.0,699697.0
8246.8256,8415.1086,8183.6099,8296.682,20211118,950028.0,680219.0
8314.2196,8867.5468,8247.1478,8864.7147,20211119,1325340.0,739370.0
8768.7827,8962.4005,8601.0,8745.4965,20211122,1192829.0,712921.0
8721.7227,8894.7363,8623.5565,8721.6864,20211123,1038569.0,727518.0
8733.9966,9023.6529,8686.2516,8956.3322,20211124,1171985.0,725808.0
8933.4808,9139.3629,8929.2815,8981.3942,20211125,957958.0,715666.0
8977.8626,8980.0061,8538.986,8564.0992,20211126,1052712.0,708398.0
8551.1295,8740.8692,8403.7928,8694.4008,20211129,904670.0,662812.0
8655.9936,8712.0957,8395.614,8470.6611,20211130,855942.0,666462.0
8475.7372,8663.6003,8463.088,8584.7339,20211201,856892.0,658476.0
8593.2223,8652.5999,8257.4544,8261.3221,20211202,1215975.0,727334.0
8256.6492,8409.3496,8107.9497,8353.5559,20211203,1112857.0,699750.0
8319.6589,8496.8446,8286.2359,8461.8255,20211206,1015677.0,706569.0
8458.2161,8594.8803,8423.9262,8484.3036,20211207,1018269.0,704875.0
8496.9988,8578.3577,8213.651,8226.3621,20211208,1276100.0,733699.0
8279.6694,8309.3051,8156.2739,8239.5522,20211209,1017461.0,695504.0
8232.3988,8298.6084,8120.7248,8225.3202,20211210,1235434.0,679490.0
8214.0475,8291.4708,7990.1427,8265.2187,20211213,1618620.0,679829.0
8163.2995,8414.9707,8163.2995,8283.2691,20211214,1086672.0,682096.0
8299.1601,8327.754,8089.7686,8089.7686,20211215,1079596.0,702194.0
8133.0466,8188.6695,8052.5075,8152.6624,20211216,1061721.0,702157.0
8154.8359,8359.2485,8135.729,8350.0948,20211217,1213046.0,681094.0
8324.9914,8539.973,8284.004,8311.7158,20211220,1549732.0,657566.0
8330.9285,8571.2381,8306.9388,8445.7998,20211221,1420685.0,688881.0
8451.2454,8478.4686,8335.0998,8387.9778,20211222,1210930.0,668080.0
8393.0537,8542.7572,8312.3301,8533.7769,20211223,1150620.0,694831.0
8527.24,8581.6448,8442.7039,8507.5866,20211224,1142528.0,683103.0
8513.421,8615.9169,8247.4719,8250.4046,20211227,1383905.0,660489.0
8285.6609,8510.7967,8240.1796,8496.2256,20211228,1109398.0,675578.0
8457.2672,8515.1532,8421.9901,8485.2147,20211229,937485.0,671667.0
8480.8839,8503.0693,8376.3613,8488.4446,20211230,1112226.0,672619.0
8477.1257,8523.3314,8267.9898,8313.4182,20211231,1173688.0,645623.0
8339.6791,8632.602,8338.4085,8575.3138,20220104,912521.0,695498.0
8574.6818,8592.4772,8379.3011,8428.5612,20220105,1024920.0,673372.0
8450.0488,8454.9901,8344.198,8432.5594,20220106,874579.0,678459.0
8459.1734,8546.7226,8370.9477,8493.4943,20220107,1153435.0,688494.0
8488.947,8497.532,8257.6339,8269.5007,20220110,1107587.0,720677.0
8269.1453,8358.8975,8205.6916,8357.796,20220111,956004.0,709838.0
8380.2199,8523.4636,8344.3821,8506.6802,20220112,1084721.0,699968.0
8492.972,8619.0604,8471.9303,8505.1582,20220113,1112490.0,716400.0
8512.9125,8790.3906,8472.3536,8775.1017,20220114,1324497.0,764854.0
8756.2683,8776.6075,8554.0103,8576.3621,20220117,1287821.0,719521.0
8582.9624,8678.1491,8510.1581,8662.4051,20220118,997622.0,689680.0
8662.2787,8850.4542,8639.1669,8719.2992,20220119,1352547.0,706630.0
8736.3826,8880.4224,8689.3474,8847.7516,20220120,1141912.0,721369.0
8815.3881,8887.5064,8666.4397,8860.4282,20220121,1282782.0,722465.0
8845.5973,8933.8646,8666.156,8677.7406,20220124,1246541.0,705161.0
8699.7196,8747.2202,8610.0206,8697.9463,20220125,1009535.0,657124.0
8691.0699,8839.9053,8658.2432,8819.4177,20220126,958221.0,666250.0
8827.0672,8920.4327,8754.1793,8839.5421,20220127,975490.0,650186.0
8860.3929,8933.3136,8693.7779,8727.8089,20220128,889899.0,597511.0
8842.1511,9335.6155,8807.1506,9257.8656,20220207,808888.0,665293.0
9281.5006,9291.827,9197.6539,9236.6646,20220208,780796.0,674140.0
9202.8551,9252.2425,9086.7403,9122.5929,20220209,1097848.0,701795.0
9136.3583,9360.1623,9033.7085,9326.5297,20220210,1162496.0,756597.0
9426.3542,9499.784,9060.3596,9064.1817,20220211,1589865.0,729598.0
9118.17,9150.8615,8855.9553,8918.427,20220214,1393911.0,698090.0
8898.6723,8898.6723,8671.801,8704.5424,20220215,1290305.0,706962.0
8683.3215,8821.4837,8621.4334,8759.6826,20220216,988175.0,700330.0
8765.9291,8787.9402,8454.7223,8473.4711,20220217,1194642.0,736193.0
8513.8754,8670.7947,8467.0783,8638.3873,20220218,1000730.0,697229.0
8582.5621,8620.1985,8454.9123,8574.6862,20220221,1050486.0,695002.0
8570.2719,8713.6581,8508.9923,8511.991,20220222,1073450.0,718685.0
8538.3871,8602.8569,8488.5464,8537.0974,20220223,862415.0,741289.0
8550.2014,8636.8848,8482.0349,8556.175,20220224,1321426.0,735757.0
8612.9945,8672.8401,8398.8826,8486.4091,20220225,1480885.0,725695.0
8455.4472,8603.9778,8448.9135,8514.919,20220228,1037946.0,701465.0
8513.4155,8635.9431,8471.8601,8630.1956,20220301,1007612.0,682208.0
8691.59,8973.709,8676.4004,8888.3214,20220302,1300156.0,662099.0
8904.4183,9008.1279,8771.9208,8984.8015,20220303,1194186.0,658514.0
8959.0355,9025.4512,8806.2385,8889.7437,20220304,1094726.0,642573.0
8925.3888,9220.0078,8900.1848,9139.8537,20220307,1160942.0,641500.0
9118.2371,9204.7038,8887.3222,9149.0813,20220308,1105205.0,619814.0
9140.2038,9300.6799,9082.4003,9186.8749,20220309,1292062.0,634303.0
9115.6284,9115.6284,8823.1969,9053.7803,20220310,1118189.0,615235.0
9100.9145,9322.0925,9049.0377,9117.7315,20220311,1302563.0,631643.0
9083.176,9208.5946,8937.689,8942.5129,20220314,1051091.0,629767.0
8937.5041,8960.1725,8722.4746,8725.1492,20220315,999991.0,619594.0
8701.3882,8939.0008,8663.6544,8927.7496,20220316,809959.0,626927.0
8930.3407,9080.8283,8925.6353,9005.6587,20220317,1104702.0,659992.0
9095.4296,9116.0898,8926.6215,9047.623,20220318,1019760.0,670695.0
8971.4197,9038.4355,8858.6592,8892.2132,20220321,937575.0,670742.0
8904.4782,9077.3493,8870.7663,9025.3572,20220322,763813.0,674275.0
9009.9332,9022.8711,8888.8189,8995.3141,20220323,732217.0,667872.0
9021.1163,9166.0196,8976.712,9038.1607,20220324,1010878.0,671858.0
9056.8345,9151.8648,9019.4472,9137.8274,20220325,844340.0,700474.0
9080.0122,9349.073,9080.0122,9231.1923,20220328,1158129.0,724841.0
9229.6717,9334.0657,9190.4385,9280.8867,20220329,1020219.0,749743.0
9172.3221,9405.163,9112.3772,9308.4307,20220330,1202962.0,764604.0
9312.3928,9358.0588,9168.414,9227.8259,20220331,1003659.0,729140.0
9229.8434,9434.996,9181.1061,9427.4071,20220401,1143539.0,763519.0
9423.8512,9494.5676,9236.4964,9266.6449,20220406,791377.0,731512.0
9302.0093,9387.0102,9212.6233,9232.8452,20220407,1140944.0,725861.0
9244.8726,9244.8726,9065.7226,9139.1797,20220408,953807.0,692573.0
9152.0471,9155.7709,8966.9252,9035.0398,20220411,795393.0,667195.0
9017.5367,9218.2033,8999.2302,9209.7101,20220412,820464.0,670197.0
9194.3534,9209.7306,9054.3536,9085.7706,20220413,867711.0,655012.0
9106.225,9182.4735,9098.6567,9118.2403,20220414,708734.0,653113.0
9104.1591,9136.8236,9015.6421,9050.2652,20220415,760708.0,656981.0
9064.3173,9193.8015,8936.6048,9152.9024,20220418,992530.0,655266.0
9132.4961,9210.5327,9002.9831,9037.6215,20220419,952288.0,661495.0
9046.2951,9197.1909,8980.7373,9152.5192,20220420,942024.0,655716.0
9144.7147,9151.0278,9047.3949,9057.3897,20220421,813534.0,659957.0
9060.4962,9060.4962,8857.9455,8857.9455,20220422,952298.0,694703.0
8893.2362,8919.1707,8557.714,8564.6871,20220425,1045225.0,712578.0
8610.1405,8715.6918,8516.7536,8610.1457,20220426,819623.0,694828.0
8632.3906,8734.8947,8617.5867,8710.0214,20220427,804131.0,669249.0
8705.2829,8711.6517,8586.6445,8673.6969,20220428,745762.0,658650.0
8652.6262,8705.8395,8579.9379,8666.9975,20220429,900410.0,640557.0
8691.2563,8794.6418,8620.2164,8758.5308,20220505,741611.0,651369.0
8787.2382,8837.5294,8734.634,8744.7355,20220506,722581.0,657035.0
8758.6165,8783.4112,8617.4022,8632.0866,20220509,853955.0,668975.0
8597.6674,8640.1146,8461.2247,8547.6861,20220510,921485.0,678291.0
8561.5193,8726.0827,8528.8776,8692.5563,20220511,831696.0,650842.0
8669.293,8732.0562,8599.7484,8643.2961,20220512,715880.0,648049.0
8649.7157,8723.3159,8624.7387,8681.5215,20220513,637531.0,655227.0
8698.6047,8775.1432,8649.0214,8719.6707,20220516,747984.0,662579.0
8730.5264,8737.9103,8650.7484,8657.5136,20220517,791298.0,697608.0
8659.5519,8670.6575,8492.9813,8494.3469,20220518,808613.0,753193.0
8520.4189,8554.6864,8473.9675,8536.8931,20220519,764240.0,729127.0
8514.4233,8581.911,8448.065,8464.3116,20220520,840890.0,747244.0
8485.082,8551.2447,8380.9282,8410.7806,20220523,846494.0,768446.0
8430.2992,8436.582,8348.0959,8355.7604,20220524,674025.0,791145.0
8372.0955,8391.2787,8176.2145,8254.4223,20220525,1002117.0,827780.0
8262.1084,8291.624,8171.1366,8243.097,20220526,979767.0,819696.0
8224.1354,8291.6911,8141.5525,8183.2185,20220527,990865.0,852321.0
8184.6595,8413.9949,8166.5253,8409.0021,20220530,1100273.0,787193.0
8371.1893,8455.0314,8370.7248,8428.6999,20220531,646024.0,763844.0
8417.3489,8449.1375,8321.3469,8419.7214,20220601,735578.0,758447.0
8416.9438,8517.3479,8338.2459,8500.5554,20220602,854185.0,734986.0
8595.3679,8766.3117,8503.4076,8721.292,20220606,842906.0,720122.0
8706.1648,8740.8964,8666.7094,8720.3302,20220607,764687.0,712692.0
8702.4589,8847.0711,8677.5626,8788.0169,20220608,803302.0,716485.0
8784.4182,8822.5687,8585.3021,8606.79,20220609,1007340.0,720290.0
8633.4773,8643.0177,8550.9357,8564.5527,20220610,761118.0,717151.0
8589.5455,8605.5911,8348.8361,8368.2907,20220613,995544.0,729836.0
8392.0449,8397.7866,8211.969,8230.1425,20220614,828064.0,755329.0
8242.1505,8257.4057,8159.5108,8166.4627,20220615,823366.0,784096.0
8175.2947,8249.1531,8002.8621,8002.8621,20220616,969082.0,843851.0
7984.7434,8062.1317,7860.6341,7947.7531,20220617,1088498.0,838897.0
7962.0042,8009.2099,7730.2386,7749.7622,20220620,1069097.0,863653.0
7747.1649,7780.6106,7607.2257,7651.1743,20220621,952099.0,882344.0
7658.9551,7702.9976,7353.5493,7381.4487,20220622,1111040.0,923217.0
7387.5984,7602.5932,7344.3311,7544.0479,20220623,1354896.0,884436.0
7533.6809,7583.6813,7241.9259,7274.1445,20220624,1268761.0,904490.0
7340.7473,7432.1948,7154.4697,7262.2013,20220627,1375308.0,913767.0
7266.1794,7428.1694,7257.9529,7420.7369,20220628,1307665.0,896594.0
7380.1698,7442.9565,7179.6302,7314.2758,20220629,1454510.0,935405.0
7345.2538,7405.403,7274.3127,7337.537,20220630,1376470.0,923222.0
7312.8418,7332.7389,7132.8454,7160.8063,20220701,1339680.0,926381.0
7201.3936,7204.9983,6925.9926,6986.8421,20220704,2091008.0,959943.0
7003.3655,7015.479,6798.9285,6813.8279,20220705,1287608.0,1007121.0
6810.9217,6810.9217,6561.2145,6802.4088,20220706,1742727.0,936080.0
6783.8344,6888.1182,6645.5661,6688.8203,20220707,1787009.0,943825.0
6716.6675,6770.9729,6508.3169,6510.3105,20220708,1506255.0,1012315.0
6515.8093,6609.7584,6448.4923,6572.9572,20220711,1600930.0,979325.0
6538.6691,6547.0401,6270.1293,6271.6368,20220712,1584191.0,1026793.0
6253.7269,6327.7551,6149.3513,6212.4315,20220713,1509493.0,1004369.0
6188.0399,6392.9214,6159.8852,6213.5857,20220714,1597497.0,981104.0
6185.5055,6185.5055,5997.6302,5998.0957,20220715,1606450.0,986314.0
6050.0284,6337.1354,6043.4922,6307.8493,20220718,1696483.0,954689.0
6305.6741,6483.9396,6208.1709,6301.9321,20220719,1841827.0,938044.0
6284.239,6499.7026,6166.0,6417.1927,20220720,2507305.0,934841.0
6410.7529,6438.0688,6185.8746,6283.9481,20220721,1764252.0,960857.0
6237.769,6441.46,6187.7806,6412.7907,20220722,1648759.0,930999.0
6404.2029,6540.59,6371.6676,6420.8141,20220725,1443214.0,932793.0
6457.2331,6517.9484,6397.1907,6501.6091,20220726,1462002.0,943032.0
6501.2178,6528.3462,6404.1439,6493.8738,20220727,1263302.0,937589.0
6500.7792,6706.5098,6500.7792,6696.3269,20220728,1433233.0,933608.0
6674.9792,6880.8192,6656.3123,6809.7007,20220729,1628973.0,905811.0
6817.4226,6900.5248,6679.4445,6734.3238,20220801,1773705.0,893669.0
6759.6266,6786.2523,6639.4264,6738.5418,20220802,1283486.0,896177.0
6731.9246,6818.3895,6616.5066,6628.286,20220803,1269978.0,919617.0
6689.1182,6694.9159,6547.265,6568.0177,20220804,1705332.0,952755.0
6577.9193,6577.9193,6428.9661,6496.8841,20220805,1456971.0,963404.0
6473.2403,6756.949,6444.5117,6724.4326,20220808,1466644.0,934122.0
6694.4924,6734.8563,6632.1758,6658.8602,20220809,1000860.0,923754.0
6681.0823,6691.6419,6555.7468,6608.7497,20220810,1121905.0,917236.0
6649.8653,6664.2311,6537.9965,6594.0252,20220811,1237852.0,922751.0
6609.2291,6626.4123,6503.8951,6545.8447,20220812,1089903.0,940459.0
6523.3929,6578.8405,6403.4213,6404.7459,20220815,1443590.0,970096.0
6362.1907,6435.783,6310.3412,6368.3498,20220816,1237813.0,978117.0
6366.6721,6403.9339,6280.8964,6305.3926,20220817,1311756.0,1012086.0
6307.9576,6356.2849,6171.2045,6171.2854,20220818,1355175.0,1024911.0
6215.0682,6249.0831,6173.313,6214.9693,20220819,1224984.0,1014946.0
6205.9714,6460.3494,6204.1653,6376.244,20220822,1535939.0,979792.0
6365.519,6394.0146,6269.8283,6300.7994,20220823,1198167.0,1007413.0
6309.7185,6505.8802,6291.4916,6448.3709,20220824,1449910.0,947157.0
6455.8095,6514.1917,6368.0804,6396.4212,20220825,1220071.0,923847.0
6407.8218,6580.6805,6393.1816,6558.2397,20220826,1323359.0,852829.0
6540.087,6549.6399,6363.1187,6398.8917,20220829,1122821.0,858841.0
6418.8003,6431.9357,6301.7328,6317.4682,20220830,1000981.0,865521.0
6294.5488,6374.2209,6289.7127,6310.0689,20220831,962837.0,849630.0
6278.1477,6412.7488,6277.7385,6366.5042,20220901,1029558.0,822627.0
6341.1225,6430.2936,6210.1924,6261.1231,20220902,1362735.0,853543.0
6300.0298,6459.3724,6288.6707,6442.489,20220905,1348227.0,826935.0
6442.9316,6475.4158,6387.8439,6445.4963,20220906,937077.0,838614.0
6419.9976,6501.3711,6408.9453,6460.7925,20220907,147428.0,851548.0
6426.1485,6507.1325,6383.9163,6472.0098,20220908,1127870.0,827568.0
6467.7089,6612.1762,6444.216,6590.4255,20220909,1185034.0,844881.0
6653.6367,6680.7901,6556.5693,6572.722,20220913,741776.0,858454.0
6565.2571,6565.2571,6344.0961,6365.9694,20220914,1326689.0,917735.0
6381.631,6450.4689,6302.6832,6312.8272,20220915,1221537.0,949551.0
6317.5048,6330.5698,6254.4307,6302.01,20220916,973587.0,952788.0
6292.796,6339.9876,6167.8151,6173.8636,20220919,1188182.0,1045397.0
6158.217,6243.7401,6141.5767,6148.8576,20220920,1522739.0,1074304.0
6152.6297,6160.2922,6050.7073,6104.4525,20220921,1267339.0,1151681.0
6099.0562,6261.0488,6060.3724,6249.3098,20220922,1378446.0,1079864.0
6246.0795,6285.0416,6103.0808,6112.7494,20220923,1331629.0,1091724.0
6096.6355,6134.9764,6032.5955,6117.1251,20220926,1198199.0,1070551.0
6111.626,6143.291,5963.5057,6074.5412,20220927,1480960.0,1142047.0
6067.9716,6149.4985,6031.0313,6092.3348,20220928,1232541.0,1112005.0
6112.2226,6214.9958,6076.1152,6175.9843,20220929,1311281.0,1051912.0
6174.9345,6218.5123,6141.7352,6188.8598,20220930,955986.0,994408.0
6291.6741,6323.7869,6152.9992,6244.0315,20221010,1146745.0,1030552.0
6233.5632,6280.0062,6190.569,6224.9295,20221011,1076460.0,1039212.0
6232.2757,6255.0597,6103.0393,6183.2685,20221012,1320922.0,1078618.0
6170.496,6178.9184,6032.9187,6034.943,20221013,1176355.0,1203057.0
6023.2317,6075.6385,5991.1378,6029.9657,20221014,1085107.0,1277170.0
6018.8534,6052.0889,5865.7807,5871.5439,20221017,1524551.0,1428867.0
5882.0064,5922.1167,5835.3778,5899.9698,20221018,1152277.0,1426487.0
5895.7062,5953.5946,5863.0186,5928.6511,20221019,1102186.0,1396491.0
5923.0486,5966.3753,5885.2852,5920.0677,20221020,1080391.0,1386478.0
5920.0474,5942.9061,5856.0758,5861.1827,20221021,1167598.0,1430172.0
5864.8671,5973.9511,5856.6411,5889.4733,20221024,1230903.0,1371400.0
5887.124,5892.0237,5786.9699,5817.5722,20221025,1231137.0,1417050.0
5823.437,5839.1016,5749.4272,5751.8876,20221026,1012893.0,1439876.0
5772.5821,5827.3505,5731.2232,5734.8946,20221027,984170.0,1443042.0
5751.414,5762.0736,5603.4954,5670.3086,20221028,1328960.0,1478137.0
5672.4268,5676.1424,5501.9874,5546.8954,20221031,1420414.0,1517992.0
5550.8639,5744.6433,5532.2705,5735.5075,20221101,1505289.0,1453200.0
5727.5064,5823.2092,5687.9305,5791.4384,20221102,1308846.0,1411376.0
5776.2026,5858.5383,5728.1482,5850.8672,20221103,1347387.0,1385503.0
5823.7823,5969.7372,5823.7823,5924.5034,20221104,1455872.0,1328584.0
5939.3059,5997.3545,5765.1807,5852.9723,20221107,1579005.0,1337904.0
5861.2703,5881.6648,5782.1756,5835.9461,20221108,1236727.0,1353519.0
5836.7012,5904.2185,5812.2248,5850.7735,20221109,1257415.0,1355212.0
5838.2804,5878.125,5737.0914,5751.1572,20221110,1346101.0,1398560.0
5749.3463,5939.5037,5728.4589,5909.231,20221111,1862044.0,1365345.0
5902.4779,5972.6114,5854.7403,5875.9099,20221114,1618918.0,1415636.0
5872.5559,5961.6023,5864.4048,5906.0235,20221115,1304081.0,1405588.0
5899.9262,5938.6614,5882.2939,5930.2811,20221116,1083620.0,1412682.0
5927.1919,5979.6041,5795.1204,5846.4845,20221117,1643069.0,1420056.0
5839.8907,5871.3231,5738.5496,5865.367,20221118,1591944.0,1432610.0
5842.3697,5886.3446,5740.9469,5810.935,20221121,1656576.0,1418287.0
5809.892,5842.7385,5768.9596,5779.8782,20221122,1347932.0,1424790.0
5790.6602,5815.9925,5731.0088,5779.5992,20221123,1408677.0,1441161.0
5771.4089,5944.5431,5756.9761,5938.5831,20221124,1990157.0,1484348.0
5918.8992,6041.2937,5888.2254,6040.6275,20221125,1862523.0,1490619.0
6032.331,6067.5913,5858.8971,5883.6185,20221128,2128075.0,1405569.0
5892.3487,5995.9756,5892.3442,5955.2786,20221129,1397390.0,1396055.0
5954.4659,5978.4607,5890.6647,5961.2347,20221130,1378011.0,1381462.0
5989.4304,6039.0435,5977.1653,5995.6019,20221201,1365631.0,1398366.0
6008.9001,6140.7188,5961.5736,6111.6496,20221202,1534361.0,1416137.0
6121.5007,6254.5642,6094.3315,6183.5053,20221205,1626365.0,1446484.0
6184.6007,6184.6164,6090.0115,6128.2872,20221206,1622672.0,1479903.0
6115.548,6156.7638,6045.724,6072.093,20221207,1545639.0,1470530.0
6083.379,6126.8594,6059.4843,6107.334,20221208,1232218.0,1474516.0
6116.6739,6290.6148,6109.1129,6242.7647,20221209,1662039.0,1452787.0
6238.1773,6340.909,6189.0969,6190.0662,20221212,1890595.0,1427785.0
6190.159,6278.0229,6190.159,6260.3161,20221213,1259170.0,1434342.0
6253.8551,6330.9544,6253.8551,6319.8155,20221214,1217499.0,1436263.0
6315.6957,6404.9027,6299.83,6399.6373,20221215,1533675.0,1416430.0
6373.887,6470.3395,6308.1962,6395.2437,20221216,1693681.0,1396519.0
6376.7931,6399.7983,6220.2133,6239.656,20221219,1771536.0,1393300.0
6252.7254,6321.2697,6236.9554,6273.2154,20221220,1246500.0,1372199.0
6278.2509,6328.3736,6236.3695,6327.9416,20221221,1205184.0,1375420.0
6322.8883,6354.6746,6205.8954,6221.7425,20221222,1313146.0,1376854.0
6249.3937,6255.3251,6154.5771,6183.6688,20221223,1395163.0,1343233.0
6173.7925,6294.6589,6118.7897,6286.5971,20221226,1445199.0,1326354.0
6269.106,6341.6023,6244.8156,6326.1953,20221227,1026430.0,1327487.0
6317.0764,6364.6628,6253.2925,6291.4061,20221228,1257405.0,1348324.0
6290.7473,6291.2224,6181.0207,6250.5568,20221229,1390501.0,1347140.0
6257.6765,6277.8723,6198.3164,6255.9495,20221230,1465749.0,1351418.0
6259.3414,6329.6959,6121.5609,6321.7456,20230103,1111168.0,1334132.0
6307.0677,6332.5429,6188.0492,6232.7918,20230104,1261643.0,1303035.0
6207.0709,6252.7613,6178.9218,6215.3928,20230105,1050290.0,1291764.0
6228.8977,6389.4011,6228.6943,6383.5558,20230106,1412359.0,1287078.0
6358.102,6386.2257,6307.5872,6364.1009,20230109,1044920.0,1269642.0
6377.9685,6423.4798,6316.3385,6367.4267,20230110,1210148.0,1254934.0
6369.2289,6434.5808,6350.7354,6402.3121,20230111,966691.0,1256357.0
6408.842,6444.1676,6374.537,6411.172,20230112,1096132.0,1246961.0
6415.4532,6495.3515,6404.2736,6466.5098,20230113,997283.0,1237128.0
6470.6047,6557.8396,6441.0323,6491.2664,20230116,1130690.0,1242170.0
6484.3902,6518.1733,6412.2102,6494.0685,20230117,867856.0,1211897.0
6504.4713,6601.3304,6500.3773,6569.0841,20230118,951259.0,1200599.0
